edad,tiempo_sesion,paginas_vistas,historial_compras,descuentos_usados,dispositivo_movil,valoracion_media,frecuencia_devolucion,clics_publicidad,interaccion_redes,interes_tecnologia,interes_moda,interes_deportes
0.4730079549674051,-2.01521560092453,-0.6172042759156513,1.9129638263453246,1.104647220016881,7.124468589323863,-2.4776663001474186,-0.13501535804311227,-0.5421157866828823,-0.7619697691343765,0,1,1
0.5782785192762222,0.9672985060605865,1.443788744710931,0.99397237176076,-0.6209091190062705,-0.6677707148059945,-1.8359931396278757,-4.181187088850142,1.5028270852495802,-1.455355916685659,1,0,0
0.1015559856102445,-0.7739223148588519,-0.16476076699150044,0.46449070851861596,2.402765336754039,-1.150527596749525,0.15783811787731195,0.3224594143893541,-0.26812703062785004,0.2197229661447092,1,0,1
-0.09138126042794319,-1.3613228060035611,2.7496137438868793,-1.9415788821209659,-0.09277995547171203,-3.207476016025878,-1.5171991663327908,1.8296561531219617,0.8804813009141136,-0.5893249408558795,0,1,0
1.9536567479767233,1.2484844123328225,1.2123122610980124,0.5157724595773958,-0.559830263040596,-0.9079296025375598,113.92726322461165,1.0520128985429207,0.28169591382735354,,1,0,1
0.17281227977128397,0.8569294681548771,-0.005831927783568003,0.9357999598420499,-0.1927658508066994,-1.6181462553900197,-0.19008914856294323,0.33466555472622317,-2.1193013676882075,0.25194180813792594,1,0,0
1.6322452588988656,-0.33242838078888937,-2.016467344487473,2.059156326378879,-1.063919304545987,-0.19977384742504434,3.1828194024569862,-0.7735103539853078,-0.29597150388619836,0.35570268442551445,0,0,0
0.48815426453882355,3.1822719854763086,,-1.3561662575287394,0.07260881193249813,-1.647630015584095,4.485934878216693,1.8480413420468131,-0.5160481561017785,3.340701258068322,1,1,0
0.7932257178100984,-2.100986019979924,0.009654059808572368,-4.197970039849847,-1.0664011694674271,0.6688726672726737,2.106573344612986,0.5019586330473242,-0.7456204671721736,1.535054662886436,0,0,0
0.9372251736666143,-3.263822813809732,0.8917103173460325,-4.372927754497909,-1.348462854956412,-0.7591741542295145,0.4471485010711961,0.10997140921282123,-0.6557512606391394,0.2692219677121594,0,1,1
-0.09477067200513166,0.5117423252781628,-0.7546412251923561,0.9094817748773595,0.8456218296899747,-0.3769964211865845,0.6725173807582283,2.3410901676200044,-1.656966455738728,2.181892980689597,1,1,0
0.0790738579626132,0.7151674811910134,0.5360297767858464,-2.962494119893561,-1.9568669487682342,-0.28586285598040184,2.364459833134881,0.6536913119022828,0.3446093205941101,1.471293356521007,0,0,0
-0.2637053055765539,0.9792841847957661,-2.011766576475548,0.9266081562562252,-3.0225440580134584,1.369036801107491,0.3519698116016283,-2.2533487551032603,0.5579377815243737,-0.030600011138535024,0,1,0
-1.4127885777912768,,-1.2327489560905127,0.3247001609224016,-0.1027280628771785,-2.424553479469365,2.7331632849863268,1.7051286371983085,0.40030609315481963,3.1788576450521155,1,0,0
0.5749060409150368,1.7681249070639788,-0.27360597522629937,-1.125603304450688,-0.3707582117680628,-0.5199408144697779,2.924383628593648,4.55728638092614,0.5304518530891508,4.529025368337772,1,1,0
-0.5287216328368156,0.9941291859843735,1.2359441576030332,1.0166085788733574,-2.468102614688708,-0.43467196768047855,-2.3924153371400054,1.8505594493591067,0.5871143970709833,-0.24862824399027167,1,0,0
-1.2346454174818653,0.035792707447058536,5.547202419104764,-1.6256505026467147,1.2364593375463984,0.015502824934090054,0.3180871740083582,1.0765019411861347,-0.8862384333634628,-0.4070846922796011,1,0,0
,-0.29397499104577607,0.6169800693880998,-1.9331784539612573,-0.07792748869736055,-1.3334643690240422,1.2940029949197802,1.896510782229683,1.0766646515022715,1.6820755801326712,0,0,0
0.3831961512084077,2.997879448825616,1.5976343275958866,2.0636079159448957,-1.4058131789151151,-0.6956006030813223,-1.7365373256027197,0.10830400615919533,0.7583887130111439,-1.573100007573043,1,0,1
0.962591982845802,1.5693196086328376,0.8356195201831524,-2.0737765659992595,-1.3792157882274032,-2.745203755948755,2.411822082505285,4.251793419048871,0.5125995112727985,3.826820896760271,1,1,0
0.23779736313905933,1.5681405327219338,1.2459216667629915,-1.4381136692450964,0.05157078546387672,0.2568758867993983,1.6219539829902647,1.1344557666934358,-0.2550217387812019,0.6815915664669384,0,1,0
-0.046008828712611895,-0.8078642205762121,,3.277531120630954,-0.4553442632807023,-0.727257104485368,-2.096753009841508,0.3331111236964055,0.6112911472382442,0.6320010648129136,0,1,1
1.136534855774768,-1.4342203218616834,-0.2598973198666288,0.8129081581424771,,-2.648395536073684,-1.410897151140284,0.3857459814875541,1.3441056937544549,0.04703958907264819,0,1,1
0.06876175084478278,,1.8165883940868814,-4.011808133390067,-2.368123029629727,-1.284068981207523,0.5706787351316777,-0.023317460800909906,1.0541831646373074,-0.24202579813651245,0,1,1
0.09843762392458368,-0.8926087287357752,3.4493886333374166,-3.109787794957833,-1.1647785809541964,-1.78763293687667,-1.1885231041096698,1.059608672521546,-0.18020514788946007,-1.3593901078504074,0,1,0
-1.3067229692119573,1.1937375885171013,0.03098954055550429,-1.7477477488526536,0.4462378719606357,-2.890044393019799,,2.307012700090722,1.3658566253313404,3.163114161156149,1,1,0
-0.02794777127829265,-1.153416038139218,1.2053083263185558,-2.623219126153778,0.37947297400174307,-1.945280716786639,0.9704520278289738,2.0375252232147014,0.8293439252262819,1.3585459585434858,0,0,0
-0.706329706696292,-1.1395180974137273,-2.7979897987818916,0.9110348033138291,-3.9760615970489983,-0.7157344146563855,-0.8944748347265117,-3.2867267244666465,-0.17145793064083975,-0.3986507549524054,0,1,0
-0.1764070536283277,-2.0157967482701196,0.0033607608429631064,-1.4516482340345962,-1.2712624604603229,-1.4984243034987652,-0.6648171242839571,-2.6231228600951972,0.3536795955057045,-1.6188970799585742,0,0,1
-0.38698409915769044,0.5878861830442343,,-1.3923453027668595,-1.6853954843447294,-0.17981334604068688,1.018086444849127,0.8507372157708795,1.5692411812847087,1.1029252212907337,0,0,0
-1.170435757497502,-2.389355817927084,1.3019036482117332,-2.5740334006049927,0.9729903508667794,-3.046968856719953,0.1429948160976945,2.218526648318937,-0.7672725723599824,1.153305501114759,0,1,1
-1.8886191897177196,-1.14487150049339,0.797262773575312,-1.119463610006321,0.7450926056362432,-0.35142572528322846,-0.16643921570022113,1.9999365996036955,,0.8384759636921164,1,0,1
-0.5938559901174687,2.1158309229959307,,4.133746733526117,,-1.9672317780229782,-2.9057555282763685,-1.1159382321430003,1.1068536244725686,-1.7547755966488265,1,0,0
1.2901600237659931,-0.9167902980141978,-0.6003155963602522,0.2524888674169733,0.8001078237815447,-1.513252382653382,0.06576136707455338,1.5258171022366587,1.3276978629316667,1.4807710429321184,0,0,0
-0.5862276942809993,-1.445058104772916,-0.5061112150549139,3.316299555131262,2.4215833243036857,0.8712406930967707,-3.19874079819527,0.16609619600986358,-1.04635003568742,-1.3870627205053452,1,1,0
0.8675794775062722,0.403760518038665,2.1911428541265545,-1.4200728091903252,-0.38536222872952675,-3.176132120267527,-0.1655543252672762,1.9761141779986109,1.4301727436187794,0.35220157778065675,0,1,0
0.46313847997504015,,1.3606585505310194,-4.41516670770637,-3.581702116207676,0.6234585615975397,1.5684015648300524,-0.7633066170195739,-0.3563013177320619,-0.10839859100170943,0,1,1
-0.16800680644956742,0.9944273627457211,-0.5160109915216426,2.145424612234705,-0.6564501530395431,-1.7868347472086037,-0.9679583055872931,2.165236274038018,-1.4628778368074293,1.4684660218344026,1,0,0
0.7759681608964043,-0.23629225198176063,-1.737247397738567,2.371797954041551,-1.7057931678893197,-0.6201059808355042,-1.6630587153896514,-0.6834361845929987,-2.124445143093358,-3.4785823066321853,0,0,1
1.010370850190332,-2.8810730915190366,-0.28614597196134683,-3.304853615133182,-1.1090052271748732,1.2731589053205528,0.7389993088455584,0.21421117973523407,0.34087079134628084,0.8792600407414366,0,0,0
0.6586908139056186,0.8220160201313471,-2.5492290201708947,-0.0030089636698285307,-4.155995429674289,,1.1558488289450741,-4.040988425581688,-1.608926549445604,-0.42461849126104423,0,0,1
-0.07232900130230689,-0.9394108818483518,2.570390486696251,7.685808950089822,-3.3480786543334453,-0.10538030005186572,-0.9671694572608109,-0.7069528664804134,-0.7376262652708545,-1.8159816134026086,0,1,0
-1.0712182230107092,-1.3081956616927266,-1.5743813999328924,1.9861176552831443,-1.8297846133829179,-2.50864710134179,-2.183377531415702,0.29685301733876823,-1.6227065707438688,0.6231586725242035,0,0,1
-0.34026967795417,0.05281693255884279,-0.9598604031155624,-1.9956971916483395,-0.16840335210618707,,3.0469477946482875,1.7392265077600886,1.946698462365562,3.1402688737552293,0,0,0
,2.3893469941890766,2.3000075053458593,,-2.3860236806960406,,-2.1145128639146713,0.7608831517761505,-1.2845888314176803,-1.5378443136146545,1,1,0
-1.2748515710123025,0.7033809269602042,-1.6916237106622305,3.075569982308366,4.589763925167663,-1.186868900211091,1.0357348398218609,-1.8365545104776668,0.15181909274375874,1.9974662907397596,1,1,0
-0.8964694377502004,0.5043512877622012,-120.63807789060112,-2.302717271107442,-0.8896235005351497,-0.9120549371835432,2.5955727374547424,1.4626689202453993,1.196260988306875,2.369996430188529,0,1,0
-0.4389507704988207,2.6451343015154887,2.8778510168294424,-8.927970712759178,-4.948918883551566,0.23075445719609244,-1.5391235277893132,1.6976080808012994,-1.2492969257351465,-0.8050707100799643,1,0,0
0.23858418793060485,-1.8562680775101819,-0.6912193979900887,-3.356937049683455,-2.4642424693198164,-0.1879440866353269,1.3797276779322654,-0.47475091525997026,1.0428654095596086,1.265080954885723,0,0,1
-1.8516569636800562,-1.436817978022232,2.1747177449053643,-1.1339108862515443,2.077761581714751,-2.464979397949191,-1.0343166712685583,0.5645088250481847,-0.5466878217372169,-1.2487749966868784,0,1,1
-1.5602419775537173,,-0.10418692520769257,-3.198562268278064,-1.9043442133238393,-0.2895208452634622,2.8168085015412516,0.5306196949709653,1.8546621338595848,1.9812509399901328,0,0,1
-0.250854661227695,0.07442663293045282,-3.1447852171618362,5.566636593043579,1.9196509856298287,1.3911506391908302,-1.9686549951790617,-0.26004058549204534,-1.4569375455207298,0.26217092373100287,1,0,0
0.7777947517214098,1.8422334426147162,1.4030909107751646,0.9070747380764543,-2.1995953097084344,-0.6485541755485064,-1.6484930386220076,0.1740985758792859,1.0939069516324653,-1.1975313763623496,1,1,0
-0.7499695279726564,-0.1252900990406931,,0.04812988178353842,0.7379837353591718,,-0.29978266780452234,1.9363139624486134,-5.904658508701334,0.7792022766974157,1,0,1
-0.5462204154871819,,0.5141801434691904,-1.7813090763697226,2.5964048168277776,-4.023732972361079,3.9157740694061927,2.4364149106134985,-0.5188370428216882,3.090204294356282,1,0,0
-1.1950705635150563,-1.5607165860473389,0.15300099740439788,-2.1765319370370837,0.13326163782207634,-1.3615652826037377,1.0273005817798395,1.6534494817857888,0.053514274313560234,1.716072134108109,0,1,0
0.8348357375846623,2.479638399839885,-0.7638876575903365,1.2561468396783386,-2.487583695668082,,0.4074912339763197,1.9184391637935372,-0.16283403955110465,1.946153913892878,1,0,0
-0.13661869147757238,0.3645507963556338,0.768582402650521,,-0.33633763436614184,-0.5557201580250622,-1.7241932528839836,0.02358493209535628,-1.328075032754712,-1.1352510796735529,0,0,1
2.022866118366792,-2.566536369971653,-1.931726533568918,-1.4089065686569324,-1.8284154313750083,-1.862553316593778,0.4916015461272365,-3.26509381515615,0.2685359302445748,-0.3014741340784693,0,0,0
0.6460809376377294,-0.020902748589065157,-2.3009160426008295,3.052035122687032,0.8894982412990192,,-0.3928613984341125,0.42562770928040594,0.4833206786258894,-6.7043375904683815,1,1,0
-0.8993732013418966,-1.114831641953307,-2.0778405353226166,4.840407422272814,1.175011007202603,-0.6169440341593186,-3.373841898803689,-0.8716185682730229,0.6102442577895195,,1,0,1
0.058438694883587584,0.06759646633284455,3.4113300630791112,-3.7316251713796,-1.5904959645593069,-0.775963682753729,0.07907826818717167,2.786720665339378,0.08543868521990976,0.30175294647572937,1,0,1
-1.3339666309878915,0.6780695999152301,1.2860630406857698,-0.2407835012964913,-0.9160002607770379,-0.7048155478803284,-0.7768955354583787,-0.3472391119334932,0.5634535216012392,-1.1629112594104705,0,0,1
-0.23816954237597165,0.6653208935461212,4.036157639921329,-3.8052547516251263,-3.4068797283552943,0.901952334059066,-0.9008336339005606,-4.471880215500955,-1.3863790722157838,-1.2912823990673978,1,0,1
-0.32443258174848666,0.09510261469290782,1.0044157637091697,-0.6915310668844766,-1.2488998956488566,-0.4076075779877507,-0.6059436742977979,2.5508435620557917,,1.0731425881067709,1,0,0
1.3743116206542387,-2.8234057603578786,-0.922073681131967,0.7417405368127461,0.7924121168221141,-2.9415097566901327,-1.6439848558138492,0.11340980344961116,0.19278407772429806,0.18756476408087633,0,1,0
1.1324231099888953,,0.7412947188234547,-1.62730717887688,-3.731579517664916,-1.6920887779137777,-1.4323111565863493,-3.73137675034635,1.2474967235682737,-3.1881906606921846,0,0,1
-1.55835644472052,1.236156021791984,-2.8354099184565666,0.1593949590616133,-3.5596700701804442,1.5850511724001848,,-2.2265864633144483,0.6768828201532168,1.1999758721895004,0,0,1
-0.5100381745143354,-1.6490311409372393,-3.0011133759542106,2.421707223188906,-3.319660406437584,-1.5480426510205634,-2.2963238471935545,-1.5786511958076725,-0.4589051641234932,0.23528943436238658,0,0,0
0.4012824161772051,-0.035007700841246825,-2.433049986677159,3.708489821139331,-2.398144734443684,0.26616413656071347,-2.5613028876220634,-0.19370123530177352,0.13697308959866786,0.3256190619232263,0,1,1
0.9843624695820279,-1.0429803070650672,-2.348781996230143,2.822324208490275,-0.40267002698164445,0.5539980804798688,-1.7628001515420553,-1.047389009165594,-1.3294935721929189,-0.14460113802396257,0,0,0
1.12952342945363,1.1916045954239671,-9.477805572681666,-0.5243292909657108,1.0184894190213236,-0.6815439037114825,,0.9210350454446684,0.4736497774134741,-0.23510392899674795,1,1,0
0.5422593912485507,2.5114748100115856,-1.8686886851431415,0.6024634431494277,-2.5629847152011678,-1.7225513956197251,2.4561121001407242,4.0531405207627085,-0.03496069615338034,5.202791856635579,1,0,0
0.7992027192421421,1.5384072031584495,-3.4354221478167726,4.739436235954981,3.1247988897425487,-0.31517471646282236,1.0260074907678647,-1.1208645306726677,0.3638913621500538,1.1201224349026042,1,0,0
-0.0967494053303549,-0.4114469958283443,0.567202372663693,-3.7034061495073205,-2.3074687262620577,-1.346572954936497,2.089289402704391,0.14189053114427153,-0.4284217300000358,1.2070931604095942,0,1,0
0.12443759790694424,-1.5481064381391318,-0.3604372523254529,-3.807586971455656,0.11208086286334806,0.8339339021988754,3.0369722584058176,1.4826203628712984,0.09669070288681957,2.615340939285076,0,1,1
0.0008213367794600936,-1.2976624373542958,-2.5219539154109367,1.7012866306938823,-0.9851669770306863,-0.7854842524128332,-0.768037386069841,-0.7107394940028346,0.029183758055412807,0.8539636904555296,0,0,1
-0.26015677962667516,-4.72420628114969,1.1836952835753964,-1.2568124333541104,-1.7417081051798773,0.2518284233501773,-0.49040438901648575,3.0780879407795396,-0.14953036454326896,1.3908383017587838,1,0,1
-1.7406794364873834,2.3602959196611115,1.3880613916464202,-1.3878663041734378,-0.9845890102681826,-2.2309423178145593,1.883444877209945,2.0185076465303116,-0.5221301862257478,1.625114314705972,0,0,1
-0.5546441080460088,,2.840303965928126,-0.38643758421297997,-2.8059847198330248,0.27705473417497495,-1.9615172307578022,1.6798324804357756,-1.8503776848818414,-1.131588332038488,1,0,1
2.2785173159559986,-1.4247640751029211,2.3905090311265296,-2.8024220921557284,-2.087480231156966,,-0.5787259954828374,0.24465700348889152,-0.21438893197677833,-1.1134801991068288,0,0,1
-0.7277593014914427,-2.3329725324000803,-1.925491897262507,1.046928091677751,-0.5821226656400724,-1.858058650997682,-1.2872013567596483,-1.2556128734287917,1.2426964792733683,0.03737096178946883,0,0,0
-0.14996202289627097,-1.5421511711267457,-0.9139878619354862,0.5998941405685513,-0.279224537495119,-0.2323203785737037,-1.1846258477833693,-2.341267654577305,0.6791921419241791,-1.4454062045510718,0,0,0
-0.3381867169824685,3.3780497090252872,2.995295495449795,-3.1626876557670576,-4.290765454623631,-1.756023005123935,1.5066394194410992,6.467132037851517,-0.5760251704766678,-0.5745541144424635,0,1,1
0.2811651428946169,,0.6855738070319936,-2.3107164471992863,,-2.3044066971391013,1.2713416571186487,1.1451403498146075,-0.09074675733912281,1.354328817582429,0,0,0
1.5535948104498276,1.1371853523083681,-1.5260446263406955,1.1303112883005915,1.6690381706237172,-0.01036103092260443,2.0083124439887845,1.3611649331788889,0.3851080321263795,2.380052107700806,1,1,0
0.2673913007974061,1.9177181070351912,-1.5927102168882075,1.2056113817108929,-0.11506304706953041,-1.9161583743281718,2.058549299835175,1.7938360878432276,1.2867697563752534,3.0858692950129933,1,0,1
0.015983766722198454,1.7800342584756845,-1.5734663258194175,5.2498119464081565,-0.9735296062994908,-2.4433763582790062,-2.614616619796402,1.2719044800179005,-0.25042721743676133,0.7378194820487738,1,0,0
-2.6592811840473987,0.07482308438319407,0.81434153938331,1.0215359368758257,-0.3480798098021234,0.7885796593786882,-1.9764255113993823,1.06880896544953,0.2972870947599731,-0.6765406113173785,1,1,0
0.42224749875835416,-2.082382412478493,-1.783857319404694,1.2071689207449547,0.25839682162971656,-0.18948000839794243,-1.1558175229412149,-121.32778988141676,3.8865734829807996,-0.05885340653398848,0,0,0
-0.88344410576185,0.6490062879855887,-0.47346070130483,-0.9200124711976226,3.1395598764009236,-2.2488287142874777,3.5271305102086425,1.674535796402111,0.05824436065938095,3.722792554669441,1,1,0
-0.337749032701935,-0.5906797300948208,1.5343254576946275,-0.07971562459973569,-0.5050378620551792,-1.5161748842874316,0.5503861391565015,,-0.798185893896966,0.675529054251143,0,1,1
-0.3150636095991657,0.5103895240506664,0.9045371723650328,-1.8366604680269805,0.9526785952525961,-2.6738708690371986,2.168715027753991,3.133289289416316,0.06617883186510318,,1,0,1
-0.20230001008711487,-2.245965130975337,0.2922686921229143,-0.7094897756240036,-0.06296107358838077,,,-1.67004507490977,2.4219554805352432,-1.4913415245742305,0,0,1
0.8894709464517491,2.266185010611849,0.2540644150153113,2.192660866652491,-1.588588954537798,-1.470111032711488,-1.152304602154992,1.3116183818739477,1.1059354619577089,0.39133245508203,1,1,0
,-1.0948112130861503,,-1.2241666193410738,-1.222586425209042,-0.7976017142453358,-0.708284331169067,-3.8728800271941273,0.7657805394802747,-2.8973772329984797,0,1,1
0.5924210073873067,-0.20286073109992264,-1.903791398275295,3.2420476705501584,0.02726564696757605,-1.2713677178515947,-1.4992650760836108,2.461077778759607,0.7038073822515748,2.133490383635238,0,0,0
-0.879870404710092,-0.2585835660689527,1.497157940357339,-2.167832784906882,-0.6963640378722586,-2.2937630682166876,0.5162904896645621,1.503363411336153,-0.8003406320359496,0.7410771379293801,0,1,0
-0.2461598243185216,1.324333404983071,-1.2666257844292539,1.2064608181037837,0.8385294943301991,-0.5907413852620151,1.5234465543173208,,-0.11314253663097591,2.0549120622738175,1,1,0
1.0112954479729197,0.811089392746463,0.9066610951833591,-1.912259202186284,0.42465089372167564,-3.023286970971685,2.287415389654299,2.653533145602193,0.7466848560946794,2.4974929678646065,1,0,1
0.2075282778634226,-0.495446317040808,1.0934485760583663,-1.828122807861329,-0.5605501944208489,-0.45533105403541263,,-1.9278492974363644,-1.236382128406456,-1.666547000726576,0,0,0
1.2651988879529492,0.22831951577880671,-1.486983523028819,,1.112209363927416,-3.2469609347116575,1.8839888543678154,0.700853388202743,-1.255468009692417,2.2918082472898855,1,0,1
,-0.7546974292978128,2.5265357193515756,,-0.28365697868168915,-0.31480635521354217,0.16886680926833675,1.206051723476981,0.6945455519581831,-0.38635244951032943,1,0,1
0.8149874547962647,0.8187501120350962,1.5999801528761237,-1.500283273006664,-1.516436678675115,0.24524376352516852,0.10436832118670991,3.0508385029300626,-0.8769345818745263,1.3330418334227514,1,1,0
0.5038599341724908,-2.7133179031703527,-0.44194390210711676,-3.5468392277905565,-4.085335518741255,1.5113073671495303,-0.06446008467991993,-2.008997146884437,,,0,0,1
-0.7554833935369165,1.7959436708686851,1.180111893818141,3.1263664113034273,-2.129917261192334,-1.0212343761160032,-3.758173228986898,-1.32960800407468,-0.056661542413238425,-3.029787916224981,1,0,1
1.2285176064149128,1.1810603365597603,0.2695866693882156,-0.9060034368736612,1.0425216116642175,-2.6616357200485234,2.280785900820314,-1.7392938331765992,-1.2396068113805223,-4.236130712558522,1,1,0
-1.7719597042340383,0.508452798826923,1.9162499056249311,,0.09662315072412286,-0.3651049358482348,0.3143705283566045,1.0854842608626574,-0.5256603172438536,-0.19922123480309747,1,1,0
-0.24109744898789084,0.08582853286788528,2.023987939557325,-1.625849616094897,-0.7536240759720826,-1.8852033370805246,-0.4013271033191913,-1.0151658605549718,0.44110448436702115,-1.7161144237008497,1,1,0
1.5537518857296357,1.4530015419330842,-3.6764926198008876,3.7167756996722745,1.508264671679914,-0.33349169911456933,1.599836403439395,0.05545782063665006,-1.3371522108411915,2.5299487734650956,1,0,0
0.4720966910550961,-0.36136736361433397,0.03901370722298547,-0.19587264889454445,0.9764201783626004,-2.372168220328033,0.49658094271233666,0.7217577203568941,0.1392233984636159,0.8035561976394703,1,1,0
0.7839731429926151,0.2855687147323833,3.7882013307457636,-4.430754601069551,-1.498058835161201,-2.9270660235936456,0.7926318005363295,1.1246688586266071,-0.28900121860121725,-0.5225334311563927,0,0,0
-1.2595627288697413,-2.3279554358605563,,-2.589558832728642,-2.1681420434085896,0.9419153608539632,-0.18007626362890994,-0.4079531414126045,0.357192878994939,0.05775132704258551,0,1,1
1.0063782748037806,-1.5190049885868637,-0.833076020433206,1.3508853719011984,1.0703385432867019,-2.165848506674065,-1.176086684708463,1.761254500310102,0.6907823264806331,1.2592747561044186,0,1,1
0.588788877223153,-2.0663420205325367,-1.570571794622691,2.477296333929276,0.8847803674774044,,-2.2024203275725576,0.17536254681259877,-0.22431547522261966,0.19843131834930405,0,0,0
-0.12750797890915333,-0.7803887160499872,1.123547978558857,-3.966485132277933,-0.33466583290520413,0.7866531910078303,0.8688507541820558,-0.8046091300203595,-0.44392649443489174,-0.3283575742873597,0,0,1
0.1394151593464063,,2.3309387502816388,-3.6028041769766106,-2.8607145605611644,-0.4990931694412596,0.19328961042904702,-0.14886403447258978,-1.19944625795536,-0.8604712271614188,0,1,0
-1.2650855980982336,1.2572627963430263,0.48433898091852245,2.16566012680163,0.3824305910437116,1.0778077929204495,-1.4221116454684881,-1.0160300420554083,0.9779650129999213,-1.6169618370204806,1,0,1
-2.4587419232715506,-2.0033146628431346,1.6120207263241915,-1.5754254044630347,0.1268207880872183,-1.0751946293086205,,0.8488148764756311,0.41385919967778556,-0.7604436313617937,1,0,1
-0.019476465301345502,-3.711450853440888,233.939728274696,,-2.004547443874054,-0.7415022252565464,1.414480601592875,1.757021316682469,-1.9294822626260821,1.7239614443798714,0,0,0
-0.8419130408340553,-4.441976494605381,-1.5149500528373836,-4.307988101066992,-0.5668888641073888,0.7750801749120675,1.9473340130381442,,,2.1803676100665816,0,1,1
0.028728692471304076,1.0904720110270048,4.174654936225695,-2.3230442796267385,-1.8154060950488708,0.9406741084703039,-1.6038505443903799,-0.4540414304869298,2.391452662852093,-3.2687328364432036,1,0,1
,-0.6876470116126627,-1.7158582056205691,1.5030598869762408,-3.2780602745826517,,-1.949210848992037,-3.220717413140795,-0.20650805869988326,-1.6301465310290082,0,0,0
-0.44709659786565714,-0.0340318087951782,,0.18876389260085966,-0.6381881475791381,,-0.25658482723098064,-1.8105738641966265,1.5548402404262571,-1.0919585374011618,0,0,1
0.852408877798197,-2.502621324159145,2.4497129241425544,-2.2293338080669147,-2.020610176802479,-2.837729923840954,-2.776450683010084,0.10225552299508645,0.39254781523740595,-1.8599592808524255,0,1,1
0.48342823064746115,1.476625907284719,2.371148622097468,0.4021912858474455,0.6620516360894375,-0.11252136493247333,-4.8519248931096985,-1.1429826316019631,-0.6110143517605632,-2.8279821990418945,1,0,1
-2.2212335007751243,0.5806255273380461,2.0613007983892753,-0.7594173167791288,-2.339169691095349,-0.5457687448511809,-1.6552604797205572,0.9811417961114456,-0.06426512842961017,-0.9236548950600826,1,0,0
0.20259852447607388,2.506482399530709,0.08142116190843152,-1.3419430798706247,1.133690083463921,-1.932911832035051,4.0995929030815015,1.7942960203310627,-2.13962756355356,2.8997440705658017,1,0,1
1.6462833835839772,0.2821385876149525,2.58824476893029,-2.463732609670581,,-1.6307202442041966,-0.848095927995256,,-1.100096962577806,-1.2942923173712881,0,0,1
2.93818806715577,-3.369018864297223,-0.04222894088705709,-5.187044702616589,-1.488050809497436,1.5539614078532034,1.8559605359441975,-0.16117441843821334,-0.6666192774947225,1.0688288452078512,0,0,1
0.43917042443232585,1.334478912406429,-1.3152826867801464,1.0861629698358792,0.9128706106853883,-1.7295634144562197,1.8758460802607575,2.820928017446186,0.643913010296156,3.4246313825642183,1,0,0
-0.2628824730353762,0.646013259172967,-0.5005195317999578,1.0438260892662408,0.42565672636483964,-1.4406079795234683,0.3318451506375456,3.219432650428043,0.23140635127741563,2.616511001383016,1,0,0
-1.0912035784152248,-1.8617649962949299,-1.3548801448570376,0.7553458181798708,-0.15110395100635543,-2.459480782548317,-0.8525203764089493,0.9335663283252724,1.437896993368432,1.3553274560087643,0,0,1
-0.6582222437501886,,0.4268452584550342,-2.1435912534083794,0.5493560210605711,-1.9986301731570657,2.8095025994618785,3.7049048817876895,0.814322851407777,3.6138679291823053,1,0,0
,-2.943649415170284,-1.1848672063025543,-0.09097336073407464,,-1.3644906261045155,-1.561599102746753,-2.7792455196624113,0.018073473423663822,-1.4761593406287858,0,1,1
0.39886812413114325,2.0529057180200767,1.5908073581401856,-0.3265810160930382,-2.6778921519903545,-0.8956524744713072,-0.5015736084398683,2.1241722328645514,-0.0617212106814233,0.6077148883285813,1,0,0
-1.336269636551354,-1.493288481190023,2.102483979524419,-3.246569347816302,-2.0247870641132595,-2.4013140563775854,-0.5739045073675264,0.20518495387664237,1.6259779600063986,-0.6924934514152853,0,0,0
-1.0503841073498064,-0.7238601705097436,4.199404665309888,-3.86601851915257,-2.8733665401039232,-2.8104897870778713,-1.665841638479995,-0.11304575591321897,-0.780260725478798,,0,1,0
1.245725077602997,0.8777696071983767,-2.5718066067382908,3.8180870963633144,0.9788265779975855,-2.493542890370783,-0.04095032078611782,2.41546416546978,0.9743993553013208,3.0530028701432053,1,0,1
,7.9563294048045545,1.4910985895327304,,-1.8519185044339903,0.21315120685660305,0.31609409827199575,-0.01624269458765193,0.3316739616352778,,0,0,0
0.11151422425388119,-0.9916721056924122,-0.9587476661002903,2.024054878035011,-0.6463422079145748,-2.410099358558745,-2.017177375727753,2.643313775405204,-1.0090102310848599,1.2881118503524829,0,0,1
0.43535812704814747,-3.627243599699088,-0.10002893216802722,1.5710936717097779,1.7342858881400263,-2.263185618486788,-3.6616658706207437,-0.8953943767407291,0.5503036740090902,-2.004635792351103,0,0,0
1.3537098399765113,0.12898588177842385,1.5305918046119782,-0.10242257970466274,0.3352313717360934,-0.6319264876539841,-1.0813171390475254,8.287687183187273,1.4746939853456824,-1.3326622297904853,1,0,0
-0.5726385194242033,1.5835838013619707,1.2186725631895532,0.6937140491249111,-0.45229732851190907,-0.17550020076362438,-5.522119409607294,1.6901723306114498,-0.3235026694249729,0.0935066753335268,1,0,0
-1.074462766356002,-1.5793995374474803,,-2.5606716424169695,0.06767485782884952,-2.0166510088728113,1.8109454887743672,1.6928874832396026,0.5931709909980298,2.3850783390629466,0,0,0
-1.5024245976435517,2.2860435772711436,1.8685399377473986,-1.6597894610080068,-3.1877681556892368,,0.573342342661789,0.279885433170056,-0.06274852556915117,-0.1976670549611685,0,0,1
-0.083910898784003,-2.505508535019764,-1.7083398431662697,0.7359212831657447,-0.23376858341416806,-2.1068030304221725,-1.1441852669787125,-1.0249512463850987,-0.030212726784283335,0.12689634854907922,0,0,1
-0.5084835740185372,0.5476135310164996,-0.5475333586259608,0.6731106657902497,,-1.409557592549505,,-0.4515442630280675,0.17073711062069657,0.2972869726167744,1,1,0
1.5931062215029255,-0.5475478668622911,-1.5309439181160025,1.5366223845623403,-1.5510358646792288,-0.6229740259808246,-1.179829492391401,-0.33616657284677065,-1.0381069864610342,0.3756817996255332,0,1,1
0.5104399780009937,-0.023777530913018596,1.5703238191345616,-1.8174036187193328,-0.7689886190688142,-2.734484747340434,0.29014093051250955,1.77900106850782,0.3548565402577775,,1,1,0
1.6342744859765308,-2.806877434680223,0.02427168404159552,-0.8329051152054742,0.6480659602289547,-3.3421161516531974,,0.9302339972382334,-0.2991951501693214,0.6024003623511308,0,0,0
1.4960031695555258,-2.570849105700165,-0.9181432692150471,-3.9823664972412005,-0.6897443185003469,0.8334522369545543,,0.6033636094703552,-0.29369252570562915,2.284641909585522,0,0,1
0.12513299076967724,1.8221662915213228,-2.5856627929728946,0.16196864119600363,,-4.016760266707246,4.702420923831715,2.1648170152417334,-0.9191586584740024,5.149560918485437,1,0,1
0.7275473737906202,0.11407893472327468,-453.883910581225,-1.0469323738074316,1.0568314390216993,-2.0759995538239693,2.154431468109369,2.834401829780707,-0.14897166476435994,3.0891547803659973,0,1,0
0.19542991602651863,0.09886230410586094,-0.825241688218747,0.7252501497754087,-0.449145659441188,0.26999227639309487,-0.11118056715955016,-1.0834020403332,0.17931850115980313,-0.2945497766112905,0,1,0
0.8804711054283936,1.2910754621951863,-2.672045518632384,3.602877975157408,-1.286270281082996,0.1458953418726241,-0.5736300088014588,1.821578807547617,-0.4326944606082731,2.4958570617234304,1,1,0
0.5042572444841515,-0.7436016609986051,-0.5326597769957571,-4.328447724099376,-1.051827255550008,0.07523608083310696,3.9687892126797912,0.8701657699955317,-0.3151920599234445,2.897264981398086,0,0,1
2.847009588957641,,1.6563293012607825,-3.6277538992166174,-2.300500583531586,-1.1179231432701389,0.35324810404833573,0.041060925072568644,,-0.23588483996359202,0,0,1
-0.1957917011400552,-2.4540319328065925,-2.898309661903688,0.8941576551322914,-1.5480892990010138,-0.34497500704893247,-0.881505272823283,-3.5239282629922513,,-0.7601610406298728,0,0,1
0.2521921506980921,1.9044167849379456,0.13250517708311882,3.5427022320554196,-0.7666263528712369,-1.962110458820237,-2.3839047535875215,0.05272094597676491,-0.8584916002454605,-0.993837076710089,1,0,1
0.794544798213313,-3.067480394418422,-1.531391702750545,-1.353979172653003,-1.8011589051550336,0.45851871246461906,-0.6618265342053509,-7.1045756360527905,0.5064103413791373,-3.8089623614498542,0,1,0
-1.6061208808681247,1.453152803652051,-2.159773814077754,0.8147250828162454,-4.930571621623555,1.9347629603272596,0.10732556174361796,-3.7781462950265725,0.565255056257987,-0.9154471755962257,0,0,1
-0.5389121666106078,2.5637553333784586,3.0958521407601935,-0.11049667643380208,-1.1947929220865294,-0.08544966351294836,-1.2910340763600563,,-1.3305688495201482,-3.0163705794276634,1,0,1
0.5518475806425102,-0.010819979522028511,3.5622289015041058,-3.366062324241733,-1.6230716660078826,,-0.69091990084416,1.1714938313302488,0.579044897937837,-1.3403513207890188,1,0,0
-0.9769318210905635,-0.3688907647183459,2.0050385806974087,0.4308105664263996,2.3555263831215347,-1.9462281928750984,-1.4434715148057022,,0.1281076019934963,0.5716988029777952,0,1,0
7.257057907174527,1.8253418838927584,2.1740239204112157,-2.452082389264918,0.11076930379980765,-3.513407320379997,2.3721903350338716,2.8111146544287298,1.4639007861743227,1.9579495174415276,0,0,0
-1.5677723475897751,-1.871505398092201,0.03857982734534726,-3.580235328590534,-1.2111901927902011,-1.4024620419775071,1.7414973697794753,0.6084474900449237,0.10094697028958102,1.6134198316960298,0,0,0
0.06265614493579669,-2.313161666073797,-2.834901796310974,1.59885197970756,-1.9633489498978598,-2.171974223913897,-1.4992497694040554,-0.5251548724255533,0.4489675555702139,1.1416909081947781,0,1,0
0.41768140501724765,1.2566906545286136,-2.07516202943523,1.8119037588198836,,-2.4828511059451155,1.3082935103183517,2.7189297496718163,0.09336519293159469,3.7588381643486604,1,1,0
-0.43445019964844644,1.773027880667335,-0.5649936303135044,4.037994029667761,,,-1.264405058049247,-2.6638550051890526,-0.7649603531086354,-2.064531593956726,1,0,1
-1.3686710685200578,-1.1310982292159273,-0.5075983466790686,-1.8226228467060397,-0.7075543903605884,-0.13576444102816965,1.086495057917666,-2.491793011712704,1.0254935862662529,-0.7017805379612139,0,1,0
-0.5577753625187629,-2.647528384096483,-0.9451065437052097,0.4995966146739377,-0.9998047498651255,-1.7143727502197965,-2.169287310139601,,,,0,0,1
-1.1524444681088677,-1.4243572695751616,-1.4081023253126521,-0.5526452550763691,-0.7915843992057933,-2.26232971294289,0.5966047529337599,-0.4571497503970928,,1.158204318711299,0,1,0
-0.028366504429595287,1.3424458706740232,-1.5063400884882023,1.4664506916767017,1.006588536163156,-0.5791704055028033,1.5482423800509604,0.3379688585344677,,1.5960005004417868,1,0,1
-1.5948258549008207,0.24556167416140262,0.4173618857246201,-2.5474521472792095,0.06781744008964563,-1.4703491969092555,2.6573823616947463,2.1446359259339474,1.3127240692726614,2.5433041778424528,0,1,0
0.7148166884800725,-0.9165827285805337,1.3146107809988237,-4.799096057937524,-0.7220878146026725,-0.0074870554893217145,2.670454861695979,1.1906681384884827,-1.8581250137335916,2.7825088300306247,0,0,1
1.7416606639722867,0.8361128268577229,-0.12182720109771306,0.6575650380268656,,-0.5489390566952401,-0.33436043447627073,3.391193691855616,0.5136012339746958,2.367242408892403,1,0,1
-1.1778363550763036,0.2823326455921724,-0.1439542858312881,-0.2433770495676396,0.05194147898679935,-0.8223157772229299,0.73741205392107,0.6516973941344302,-0.42474438987100777,0.9050245167997023,0,0,1
,1.3907747950111622,-2.6849580743506536,3.1127237982937412,2.2501149230368522,-0.7074376903136356,1.5629126761233063,0.2850576156224821,-0.1455676497428844,2.059795277323788,1,1,0
0.8488367959795216,-0.08169204725192358,1.4860454615940064,-2.8038086248972016,-0.5570611464703413,-2.3465593000407905,1.4029591099482517,1.6307898386754505,0.39627156358608606,1.216092749015835,0,0,0
-0.9361504460748792,0.17656419860652872,-0.20842859141880954,,-0.8935364950119208,-0.9027261932875693,2.6239278198789577,1.3157457641861128,-0.8096444597036451,6.941306944162636,0,0,1
0.4997262729846501,0.859382204176645,0.11582144541889638,0.18904981542331173,-0.8215579094923717,,-0.16205588469244747,-2.076120489098371,0.8377462255551519,-1.6605090317724769,0,0,1
-0.40294306860950446,-0.31142104853772623,-0.870863710560132,1.7190498185580314,0.2017830607019745,-0.5614075713865148,,1.1098686658429782,0.06672645623483983,0.7922635433754641,1,0,1
-0.17508515027370583,0.22525241752327163,-1.8419776676869541,2.236743968764218,,-2.9920286293408527,0.17221864810449494,0.47478583509404526,,1.5906950065787138,1,0,0
-3.7535450003285584,0.06895114859880969,1.5579318347758777,-3.1773205547320207,-2.0577205089607338,0.025991973571225513,0.9798077000382642,0.48601854750718876,1.0419126041774782,,0,0,1
-0.3534597702862842,0.16814037370484125,5.474536058737409,-1.056949941466699,-2.3738135138825993,-0.709075327196186,-1.4644277188755814,2.3620763496077046,-0.5362042805401637,0.2458423116923651,1,0,1
0.9858517790015056,-0.46463482814840473,-1.8143001674878878,-0.08152225406498895,0.7347553838884178,-1.2273526419687535,1.9102878042842621,1.1388437805204097,-1.4129175994148724,2.6936450295633096,0,1,1
-0.5900566735280575,-1.5372924166798194,-0.01761820039496742,-3.1398333178087934,-1.7596720927427945,0.12870176105909636,1.244681347127294,0.17461818108260785,-1.4798649055088138,1.03380588767901,0,0,1
-1.508848683629496,2.8347511034846335,-2.697457681051342,2.10073865861726,2.133210732854402,-1.2521310275816835,3.8228229986719646,0.11764726594993369,-0.4143867161090352,2.961454341594576,1,1,0
-0.8186059044078899,0.4238969022317941,,0.15275388192772407,,-0.9082889571819508,-1.0466580969396453,2.904007384840546,-1.0987241767814673,1.5487287672328296,1,1,1
-0.9317667088462365,0.37426861348716756,0.050744223982718606,0.34157090052377487,-0.50187128660181,-1.734836757344419,-0.11835327987872224,1.5380141183378209,0.28221775497064283,1.1467842673944404,1,1,0
0.08971056911931645,-2.3699055889753304,-2.9325200715340003,-0.43789410193012157,,0.736626158717627,0.7914808167865817,-4.18599092920939,-0.6601640866135599,-0.6084121037713592,0,1,0
,-0.32833993342353307,1.628802650043487,0.641760572942884,1.537545207246718,0.0023591728244660715,-1.9084674399624046,-1.2305974490752747,0.569301667889382,,1,1,1
-0.8033419752904754,-2.5042250225283174,0.7563709196121975,-3.641798010705301,-1.692394780697231,0.05781004536633616,0.23562952639476153,0.004688446817097236,1.8304684749987743,0.09296290092479398,0,0,0
,-0.2900953122146843,0.3568552325191905,-0.3708905429589423,-0.06608490121906219,-1.4303064638751815,-0.08340824629596977,1.06789594576379,0.6092851164158597,,0,0,1
1.232918586677483,-1.1796510136344942,-1.3272662350003972,-2.2174220935578886,3.4491601720512666,1.3287085415222077,1.5411525757319455,-0.2478520056858533,-0.33674303004789563,1.539850035478702,0,1,1
-0.6836904851242519,-0.25553602792508046,-2.1419513982245473,1.5552190186431138,,0.11088658118741779,-0.43606381846844566,0.13250491809478193,,1.2916146287665276,0,1,0
0.38126914696797887,-2.168633274576612,0.4666170810272864,-2.213356144343248,0.02466883124211794,-0.6114529309275214,0.13701375629994672,1.3903892451484303,0.8181755254714744,0.9446657287127789,0,0,0
-0.4948806581793196,-1.5137233617200767,-0.08521397618866744,-3.9493141075285343,0.5337191943030892,-2.3573908908899326,3.4060540056439153,2.0710877640515966,-1.2843694083091741,3.2607546238388516,0,1,1
-0.6626433938280276,0.46775408037118615,-0.49378600967278163,0.6145231694883375,2.818138842966756,,1.5577199580280265,1.1344479975126365,-0.15843664412723335,0.4465838119599117,1,0,0
0.31912734306903845,0.33383373509207437,2.733104483355548,-3.2738947733038977,0.9960476786589669,-0.029471709182907202,,0.22018531324120183,1.7614025499361152,-0.8421136962392047,1,0,0
-1.8259010941126057,3.2282765779123244,-0.14037838796423907,-1.5939639217672161,-1.7296058828103504,0.048213941016089334,3.7895268779573774,1.4888985795362353,0.36358427384619,2.8236412703279146,0,0,1
-0.7770102302049039,0.25936032360360195,0.754399298723034,-0.5197249610201552,,-0.2643307035844792,0.11089669986481021,2.076360799126158,-0.6900745939435349,1.0302136422026846,1,0,1
,-0.5727174146916738,0.5955097697940888,-1.440796766346134,1.7061316070344295,-1.6511781819405327,-1.6912607931653785,-0.6508233436216011,-0.8092759193872399,-1.5824729267017283,1,0,1
0.004210520875785671,-0.03308066146011024,1.4723604192304274,-2.1524918593636264,1.2843717036597448,-1.3320121414135215,1.493124948556667,2.1731985425937905,0.5403741309310379,1.2878815132592725,1,0,1
-1.064377764237964,-0.34373217060502115,-0.5448566268813538,,-0.38182034296027134,,-3.404528434573598,1.3251069326361762,,-0.22849350379160485,0,1,1
,-1.2642867186312274,-0.16695847597395697,0.22071912031046617,1.2600617949662776,-3.0387907656273607,-0.2876903564909773,1.6376913747604145,-0.4560416742859714,1.2558520701777596,0,0,0
1.473879290506746,-0.6491721224973049,-2.8988434873512103,0.6152774523695823,-1.425893983851483,0.08183774565226676,0.994294321091808,-1.258870279415448,-0.0020973173829448243,1.4423487353579991,0,1,0
-1.6965825400425936,2.611882149601888,-0.6141667497509922,,-0.15332597277224935,-2.3526236363021136,,3.128415136966759,0.47787893609605137,1.603701225272201,1,0,1
0.3065122064697944,0.41131621297311793,2.736272484097888,-3.8898489599438713,-0.40711213191180584,-2.059896452918707,,2.354277321556191,-0.8944442001871804,1.1075677586666182,1,1,0
2.005768294509637,-0.42065375553930084,0.41768498153060674,2.1444192040611667,-0.8877337253828568,-1.9896746603332731,-3.1707798766645845,1.0028642908152405,1.2630280698169032,-0.693917202020861,0,0,0
0.7265149187347837,1.6914183566995185,-0.07087080840293747,1.1387444220123404,1.2168434907154444,0.12799276700229867,0.7737204828780513,-1.0536178033226022,0.35706537446038417,-0.6036207287437408,1,1,0
0.04712027181092377,0.8627499176480717,,-2.2239930958116525,0.23346495574464465,0.11415623204890157,0.7751969050965843,1.2342321526610653,-1.3993730461455012,-0.26466144670685804,1,0,0
0.09851222107969118,1.4767897019633707,-0.9589344873172252,4.281475700788271,-1.3903789620944944,-1.952494518605858,-2.6833826752352903,1.0636547131619891,0.8926644189355497,0.25992427664991963,1,0,0
0.7171699746132896,-2.778444896911065,1.4464395883824048,-2.5779125171142567,-2.0230811280587258,-2.0875977237746306,-1.7370389228730185,-0.1315875474665713,-4.311609379892591,-1.0316220832296101,0,0,1
0.6873732422375044,0.719175545304011,-3.050479522490838,4.036202195373455,1.6294519350720988,0.238655391480318,0.0701297314212419,0.7894561263459687,1.4375467509326465,1.9538474991029484,1,1,0
0.1757536516880854,-0.6556661273275805,-0.681418460454482,-2.482541922194612,-1.7214318338222707,-2.380839834686933,1.66812756980615,-0.5344544459933832,-7.80876481249607,1.2809301621696327,0,0,0
0.9960325033075258,1.2326903839632983,-4.107975413635705,6.092090622399426,4.514443557655097,,0.4963015702951803,,1.7742396180401812,1.5350468413394898,1,0,1
,-1.0109482804440595,-0.8927376151120021,,0.6411374917854651,-2.0807521525779213,-0.10432346814227123,-0.8054237229840056,-0.08370985713902226,0.17676901528841366,0,0,1
-0.553646484550792,3.107690881467424,-1.4710746692359378,,-1.690422405808739,-0.9467372357686249,4.085290889133081,3.909107299949315,0.3132239910065639,5.410678944229114,1,1,0
0.7154784317830334,0.38038308715416946,3.0515406681419712,-2.2223557417495536,-1.2996349615299805,-0.02743755007542592,-0.8533176109262627,1.4856161160715944,-0.12288604197691305,-0.932238005548137,1,1,0
2.213277918011304,,-2.0001264441195166,2.8114193512223653,1.0756869583339004,-1.409150051434791,0.5760509617734313,-0.8512566477165562,0.20498914730890982,6.455638777364722,1,0,0
0.28237775119951514,1.3637443452968954,-2.1918470311056604,2.1052095000666253,,-8.181089597531466,2.161241147986708,1.1041343238240584,-0.9162930470045603,2.7667401088190045,1,1,0
-0.14277495317069325,-0.925269776320754,0.6381355453746189,-3.351196640970296,-0.48264640026872974,,2.029533769877342,1.3965662139651942,-1.3443404721448917,1.7680975121445404,0,0,1
1.3602949929499102,-3.0543646945484473,1.82137997125832,-3.033218171301663,,,-1.3679002074901025,0.7416812003884693,-0.8859700824741287,-0.04122871148252516,0,1,1
0.9997795795175225,-0.5899556489499541,0.2047546255932553,-0.08393383985313502,,-0.4570700962722669,-0.6088185965263477,-1.1205354885941734,,-1.0584964786707411,0,1,1
-0.8363384996646277,0.9228479854626392,-0.5172105460290992,,0.6461189995195391,-1.5093954310058453,3.6721560734949485,2.739733418874737,0.8292235856371121,3.804998487621556,0,0,1
-1.3822859041360303,0.7656763570647647,-0.7564784649463729,3.07994535761206,-0.4702449540046342,-1.9523381134853506,-1.8420725128607982,0.767134498991029,1.0421398926351775,0.26622280322522845,1,1,0
1.2572349606742776,2.6419653658791713,-1.6776170258259269,1.8184179987933469,-0.5973789303142178,-6.161278651359337,1.709231853515118,1.3638968439187615,1.7428664700517604,2.496253522337092,1,1,0
,-3.3669158196299995,1.1367353505626292,-4.552774773241055,-1.6520739407106775,-0.840286099338468,0.18044326021307389,-0.13071654801152288,-0.14737622519781826,-0.09536249956190197,0,1,1
0.07363889294023972,-0.8562415430059138,-1.8424058201534277,1.6815146650408546,-0.5089780481751368,-0.4506158875563291,-0.8444966600892578,0.08035855226744593,-0.7844419187412465,0.8490917486664342,0,0,1
0.32394278071826993,-0.12366233124931347,0.578675389989,1.2142928709397651,1.7149169982339707,-0.198572884675296,-1.1558881780876549,0.9980591612036398,1.1380970941104478,-0.38559646499343697,1,1,0
-1.1103541609416774,-1.071872525703029,-0.4531673705856557,3.1718516092380744,1.9906219365976636,0.6458815202322736,-12.320226288135379,-1.7077156842171064,-1.160372977667465,-2.5318166034417393,1,0,0
1.5928520643719872,-1.6936740291786998,0.8889625367160952,-3.4876929441193525,-3.1612353521078655,0.006707766095992218,-0.021039187637071466,-0.8422744026978974,0.1705660267701262,-0.5239096116354044,0,1,0
-0.1646960474579254,0.25320125051245923,-0.5189191215237365,1.384290267951141,0.18748159568598766,,-0.31103156994895476,0.8846960368176244,-1.1071997978589982,1.0285857841160309,1,0,1
1.138638949687134,1.2116761561294638,1.0562693110715013,1.3091891129875544,-0.7821935650483103,-1.3135836673673809,-1.5792695137196078,0.812604078245238,-2.670167933371547,-0.62963951434716,1,0,0
-0.6274774843811537,-1.0316064247753691,-1.1420764895553093,0.6434355642082645,-1.1864611574317558,-1.9647349946808919,-0.7583859816767695,-0.013251747858442853,-0.1321617523553239,0.6805586131847172,0,1,0
0.014033733881851279,-2.032454505243789,-0.5251516007922942,,1.1671264170133342,-0.2804881127771085,-1.0289211289392766,-2.477461144728827,,-1.8325809118767766,0,0,1
-0.6641127146297134,-1.0487775578096556,-0.25155622796640265,2.2659952290566423,2.189569997484769,-2.277894910171953,-1.9626405319559295,-3.4912695614786324,-0.890668133245701,-3.118786236720778,1,0,1
1.0355650677774098,,1.1162213045420182,-1.6784225671260706,0.0770673065216807,-0.5665622006301598,1.7790185925011155,2.7955528502383897,0.34463050463451084,2.0403460985719986,1,1,0
,-0.6125521056371315,-1.308372202940521,2.2952602785755363,-0.8008796030102743,-2.1734961518089317,-1.7215978154068532,2.1786423263638577,-0.9418027323249555,1.7346278633314793,0,0,1
1.9080108509791196,0.10628690304457677,-1.1335317384130081,1.919398052242924,-0.7585954967716997,-1.0714203537505609,-0.9907908745741796,1.616414494324563,0.25938433344280215,1.4419470673317523,1,0,1
0.9031675919947765,-1.8378566423293161,-2.0203617790231703,-1.0471460277915141,3.01551393723782,-1.3025373480986695,3.01574296036567,3.6923886183178163,-2.011981365705703,4.8308247136111335,0,0,1
0.22665735964899383,1.6607386063077754,0.3792432543902391,-2.402547158423376,-2.877946220198446,-1.287105448947651,2.527810848193468,4.6742696497133025,-0.12812841441978132,4.47563513511242,1,1,0
1.911894164497444,2.183111910373838,-1.4664248845473964,1.0413560318252633,1.2139295616473293,-0.03826387675935239,1.7644146764727322,3.7844495359343844,4.5709732686435975,4.170015725008499,1,0,0
-1.292966012403528,-0.4149094404783794,3.7753310098968362,-4.9154252416746385,-2.7892375610478366,-0.9766056560875968,-0.020215675406347833,-0.08537635758305728,-1.0172453692868415,-1.6583127330257161,0,1,0
0.20732583419364153,1.1023872624385567,-0.58183121584865,1.698975692706961,-1.2523412370695808,-1.6568648177288976,-0.6071554504881853,2.4025520904074575,-0.30184589415275553,1.8904693103963297,1,1,0
0.0011609867208726128,0.4235121487062192,-0.4258083463845318,0.7179831578972585,2.3657271630689776,-0.7274951874198765,1.0523953000310289,-1.2696926976329226,0.6917051136079876,-0.40906548624846595,1,1,0
-0.7962241227738193,-0.13331317928155195,2.0227704895519496,-3.2722467725451874,-2.90718820846456,-1.1256007888187853,0.17462481590660872,-0.12938478683328491,-0.6936979676166672,-0.6221830453175079,0,0,0
0.3280097179834053,-1.0209547300304913,,-2.2666765473199333,1.1091154147301103,-0.32708400142461713,2.528601641366868,2.476702588434242,0.33952994826365984,3.042184151671837,0,0,1
1.0031370033055655,-0.6636590184107836,2.3811370841384223,-1.9158488040447947,-0.5352442002977162,-3.542022987069658,-0.7675494683818394,1.6726784030049937,0.2317927626259248,-0.10511674355420884,0,1,1
0.25356822813784585,1.5424059444279183,-1.7695325679642626,4.436219756868674,-1.0106659845027404,-2.6231720511148957,-1.783825508534394,1.026703355943241,-1.1233915492594317,1.103655139616894,1,1,0
-0.06093951178599691,0.7009272924344712,-0.7898483313804756,5.4309801990183315,3.262797937483459,-2.1816923708309166,1.3115743552525898,-0.6457162052567738,1.176637548616744,0.3230549534086009,1,1,0
-0.275182437386346,-1.0764420071366798,0.5532444954259084,-2.5009260126100923,-2.235369754450727,-1.8053101037501649,0.3657682276797446,0.10273910785492146,-0.3280703703646766,0.4714441685503147,0,0,0
0.8551890533928274,0.9152412495453395,4.201835481647478,-3.5297452639234654,-1.0849677949628667,-3.9268606402728077,0.25634405884646994,1.8094993126712333,0.44726655825106904,-0.547952685393895,0,1,1
0.29330623601702466,0.035855322230778475,1.489270583431781,-0.7619444802076312,0.7693193236424409,-0.8657059263134342,-0.22631167429177024,0.11603686214621622,-0.29596757304826016,-0.8740923586970483,0,1,1
,0.3476903051995941,0.43978804724519693,-0.6151381470865419,1.4735202069608149,-3.0406441305853296,1.4247795325801493,1.5911929057489553,-0.6304985142467532,1.538787143545422,1,0,0
0.8747546767096062,1.4537152300516787,-2.409307609535322,1.9551358049029977,,-1.686991200891208,,3.0445973992859905,-0.3226077728016462,4.283348806506651,1,0,1
-2.327599232930349,,0.08342769767924052,0.32811558969889526,3.257512217183664,-2.3975580171529494,0.7001573916051765,0.0553257844948285,0.7704804366875033,0.13858102594763483,1,0,1
-1.0799322818968393,-0.7374412313877194,-2.007582480281865,1.5302429779005002,,-0.35736638166749135,-0.37076276638607697,0.4327514265537795,-0.44648358559442713,1.361378608050573,0,0,0
0.6154392512912192,1.3013798456040646,-0.19942446904092992,3.602468009062075,-2.407471095823028,,-3.2069181953464505,-0.8042464806733185,-2.1349218907610115,-1.350903260581093,1,0,1
1.6740194274372373,2.145886999772391,-3.519755894625671,3.964945999827686,0.5000512158614603,1.4998603510397244,1.1819023969119558,-0.1008066526459972,3.7802673333180294,2.063718697111978,1,1,0
-0.39791257361803495,-0.08803724402307012,0.5957457356171255,-0.338299898849933,-0.0038844271712189515,-0.8285923647109367,-0.14033810123743962,2.736733069848636,-1.2338365862541953,1.9620694071547984,1,0,1
0.5558564515518563,-0.7315157973872585,1.3036051720420945,-0.7191833126905223,-1.1479423132648265,-1.5886771794043582,-1.5053123750548933,-0.6168466394118071,,-1.4784860085948641,0,1,1
0.007463839125033536,0.16516949675229486,3.157763241106171,-2.2149140269109258,-1.2071719291487708,0.178534618337864,-1.1640868150134966,-0.028968638327169005,-1.1912941058850146,-2.165703102680942,1,0,1
-1.9835756781146474,1.0575919604470638,-1.0088998080426435,1.3624082044500294,-1.753873913648155,-0.8482872884758001,-0.16402534492693066,2.2273346252878685,0.4673311296456491,2.2095860636755615,1,0,0
1.5749343137890586,-0.10695950396748288,3.6296508469484845,-3.7727275160231817,-1.0795691662201645,-2.2580491565337395,0.07678469212220496,1.8093916599462152,-0.9810872632946813,-0.39562984569619225,1,0,1
-0.07131789051481921,0.20248367843297732,-1.1743044575541568,1.18143704808205,0.9656705279064145,-2.072953984490953,0.6694969819925849,0.07234373008416972,1.2429502030420623,1.0511802790250186,1,1,0
0.7130732322865353,108.16579234391553,-1.1367622107149473,0.6973687140284766,0.5916203231720571,-1.906990190372106,1.3881083902129985,3.474793503317563,0.6905324621511849,3.650442581003496,1,1,0
-1.1810050084309451,-0.9050039663679461,-1.388043234849767,2.111019609379585,-2.100160239056632,-1.0227551438532734,,-0.17877712734168583,-0.5009912697304171,-0.031202362421320674,0,0,1
-0.08194248239183136,-3.189266561506442,-0.12759727754789663,-3.462446083407131,-1.8344162388905298,0.1907884683873564,0.2573770223394082,-0.34686491641024686,1.9373842411793845,0.4101530195531356,0,1,1
0.1961092921318354,0.43285534507057255,-0.6721779881748337,0.13336964581045715,-3.1432338644170748,0.38729529524520734,-0.7714198253026318,-2.5018973616071083,2.0252842086214446,-1.4300565959730307,0,1,0
0.8802632056007167,-0.3062043853723866,-0.26142097619103155,0.24244170439146126,-0.9489078329109644,0.30929964326979764,-0.727748253208885,-1.645688459228409,-0.0795670489861375,,0,1,1
-0.8205852958539446,0.8606763959022374,-1.6237375480861214,0.7647479385705537,-2.955774339926876,-0.1876995780698767,0.23166202327048713,-1.160784707672787,-1.7869890098107923,,0,0,0
-2.690275631353535,0.35131630160107863,0.6393897680763636,-0.3569349745997629,0.9259312795168698,-1.6456982157861866,0.651693286746448,2.866491671722354,-0.2722221717726958,1.8721492011364138,1,0,1
1.3494731052616238,-1.0101226636981195,-2.589566102707538,1.4829948252997216,-2.8106112779820407,-0.5752526852543036,-0.9206727990483299,-1.972052597455138,-0.9564671437396102,0.16639449731847464,0,1,1
0.5267642170046775,0.34999072249821406,1.299548433036454,-3.3012511219562906,-0.2656451692293932,,2.386636385022392,2.6666245052064887,1.9222389753134637,2.1490528710468113,1,0,1
-0.5184356318775039,-2.477527943665769,1.4988387650130321,-4.0563513910888505,-2.0741882472062017,-1.5031969616807959,-0.07136269847076493,-0.1629718292361091,-0.5798551814633284,-0.3795784302448642,0,1,0
0.6080926239670689,-0.4855006001952391,0.03480831092888692,-2.2319781763764124,0.23129195032761052,-0.8002196883276469,2.1024965836719134,2.0260385345873146,0.09743628697865848,2.3873996402608766,0,1,0
0.34183032184610596,0.6158674702526055,1.445417734250329,-1.8597428904886242,1.1125426726459995,-1.7295543371468005,1.732814661863486,2.7574160764272317,0.894657451692005,1.8182136118173253,1,1,0
-0.1641554334938168,1.3084301100107272,0.430027598467695,2.3449756677308793,-0.6710052243143603,-2.738121236184794,,-0.3580348725354645,0.3756212317030415,-1.0780233717833025,1,0,0
1.6271180521597577,-1.874713252368735,0.5740222861160008,,-1.3315770245942191,-0.25685144308302954,1.1066040784070783,0.4638529011318203,1.1073116693407743,0.8397668200622476,0,0,1
2.412376653923846,-1.0478365276156876,0.7674124224003063,,-3.3099020405240696,0.6336587045862376,1.5129449717768386,-0.8600210630133711,-0.8845889468094964,0.15695294805660695,0,0,0
0.27098821468719997,-1.1027561276773814,-3.6756437024638084,0.6792655430261408,-1.6683002849048933,0.6246951402742329,1.1213306731920731,-2.565818250179542,0.029104067148411294,1.068142716146114,0,1,0
-1.4012540141997682,-0.08593041677497615,0.9203572809445485,-3.1970102935190656,-2.5248173910970513,0.9197553996376155,1.2054073146373283,-0.007288327185761556,-1.5904302585192973,0.303311175829811,0,0,1
0.5755161215440671,0.7292296882636506,1.2264044976087969,0.03597630473953508,-0.7096982948401729,-0.9653675933397687,-0.7927137880684656,1.8696052165440025,,0.3416308763451699,1,0,1
2.030953617349149,0.6368085319928034,0.8185641311699856,-0.10578490404483193,-6.966949445526889,-0.27297855877542965,-0.03439524703961572,1.157701721075235,-1.2949739740960864,0.26773883647272356,0,0,1
-0.21858020408792528,1.879918243893421,,2.3753930027892554,0.9615323885928364,-1.2473042064227238,-0.9113429944542826,,-0.5507008819672566,-1.392825798413086,1,0,1
0.7040512299670544,-0.22813346378219967,0.6742525173572107,-4.223542970940379,-0.3730389627517522,-0.8668016504549714,-1.3048037340058043,0.2317763850025234,-1.7625271113450138,-0.6745311186511558,0,1,1
,-1.4018033359971895,0.24083103011839913,0.8310223234667856,0.7205285226683003,-3.0669113040900364,-1.6546582197995217,1.8654845031570462,1.639297135207276,0.636200306740626,0,1,0
0.44564350449009926,-2.705949226736277,0.4227739743662139,-3.9541876487096443,,-0.2578429038837565,1.307979036526278,0.9467270009319847,0.6212560942035293,1.278406514842612,0,0,1
,0.5043558407362199,-1.3774262084651179,2.709152468599091,,-0.034193972153002905,-0.9037946316364687,-0.538265502526287,-0.653690686996257,-0.10260791823540345,1,0,0
0.7875534068050477,0.19581481102607845,-1.4321271953627384,-0.41474717017832846,-0.22957237101591899,0.25414217093922287,1.8838639206643695,0.4741759173800526,0.016914217176603973,1.971677049045069,0,0,0
0.6719877401364955,1.9946571222872445,2.3035765071289545,-2.074920954979776,-3.083369242504509,-1.3106727896490749,0.42411343227547227,1.724989003787063,-1.1655293895763117,0.47079798273028267,1,0,0
-0.6029578088814181,-2.359107393939521,0.9350338074611622,-2.7664124713606966,0.47937249904038226,-0.1481126295647689,0.26061825544537687,11.328076392872772,-1.3206416595298065,0.8743620741875522,0,0,0
-1.5234705093035474,-0.10886518145448743,-2.4922324884275637,3.9760564159285408,4.9267520250275,-0.6875523941807404,0.2982894544195287,-2.020905116340661,0.4249025317863849,-0.42877746733017696,1,1,0
-0.26911080253030073,-2.80666146902238,0.49612617862912833,-3.84615468404471,-0.08085555791846621,0.3111653700671615,1.2885560228356399,,-1.0043183843830081,1.2794674221627502,0,1,1
0.5198829317679478,0.21268249777537063,,0.6007309863995988,1.3653521499900356,-1.4494459069164845,1.199014419627593,1.2711536080491395,0.6031960730586848,1.8564418931489044,1,0,0
,-0.4448741395778031,1.2545648495631245,1.4781260561519929,,1.3453533544133935,-3.0811859046570254,0.5063249944509745,,-1.9129478112313616,1,0,1
,-0.8960271387026215,-0.5291820426042868,-0.13386550286386018,0.4066685029315371,-1.2703606027923742,0.27047552910096484,3.0515431259242085,,2.587919571677961,1,0,1
0.1403629067208431,-1.795899196060724,-1.0126682787985772,,0.6712770974316749,-1.730172036653467,-1.0422319494565677,-0.008436113286097835,-0.006392320059787118,0.26675612700931567,0,0,1
0.8898594886509348,0.7843440459579168,-1.8859698775235487,4.60553550816341,-0.37405784617618565,2.474679198503299,-2.607237606594736,1.934660582029101,0.2863784830010945,0.9008639143743951,1,0,0
-0.03388384281391958,1.4533854591602933,0.4488117558467639,2.1629088192264887,-2.176184238344499,-2.3856300175076024,-2.2116916715438455,-0.4449879090437714,0.7776404379759422,-1.1640260661053454,1,1,0
1.2249814080558845,0.8994674181249501,-0.8703822166664665,1.0652935132563588,0.041704429999295356,-2.7794826165251454,0.7560723500946966,0.5838941078818225,-0.9907135213880943,1.4045026284403084,1,0,1
-0.07692575577915453,-2.1019049060517503,1.2249251729626698,,,-2.9732346674299484,-1.865618915802124,0.020332103187239214,2.9336057061712726,-1.2338217345905962,0,0,1
-1.1759798037671092,-0.653873834682857,0.35169511370405426,-1.4165761050975187,0.23252957215123105,-1.8751686089503423,0.8909385668834175,1.8544417874668113,-0.6875238319049674,1.6474161192966967,1,1,0
-1.5477064012411874,-1.871716408854906,0.33031108033390244,-4.298699869943443,-1.4135092530666542,0.2083015957624199,1.9772574589303433,0.36553520219283686,0.34963054166962754,1.2789165596407601,0,1,1
-0.43540897061808626,-0.8974475360385672,0.7333007583358742,-0.8318436456863003,1.3447812332604103,-3.0128350528852996,0.3014972396012249,2.785011135296186,-0.2070239606860313,1.7613078767858654,1,1,0
-0.7721646868646517,1.7848814196478182,-3.2933219580779824,3.0500529067093285,2.12496932229309,,2.5947435072611262,-0.688411177076673,-0.410136261770982,2.3455612312825718,1,0,0
,-1.3315413016840763,1.639491601137507,-4.284018108857529,-1.3527264039157534,-1.0701357760350891,1.2780964393446004,0.664111389185849,1.9468219623461143,0.504128940853826,0,1,1
0.29916456718847856,-1.2909682134265523,0.14132577686270276,1.2874713557959954,0.07519776449203786,-2.8392122978141168,-2.260011563632621,0.8945594507407859,-0.3015136445386949,-0.1823308493675255,0,1,0
-1.7762989615657787,-1.3753659575617574,-0.4445480692091006,1.187460462158305,0.824590596176646,-1.9442582466462168,-1.404423766344841,1.1592758396115594,-1.5459547779230411,0.5382657576187126,0,1,1
-1.4885446390319514,-0.13221927693406732,4.171599259495073,-3.986311572624128,-0.8094423884181445,2.085637117965455,-0.5336118286983202,0.4846781909635661,-0.6074092476761354,-2.2944909574257046,1,1,0
-0.2508841795823693,-0.7285421517036044,1.6548937810327318,-0.19154040694751914,0.013127489786944446,-0.9451315286686239,,-0.7884018125847951,0.23785793402800734,-2.210004247979928,0,0,0
-0.32562128314999605,0.30546086217283364,1.767402567399873,,,-1.2673684531619007,-0.03829164672192187,0.8482801448200331,-0.6056772127571781,-0.22469825410090785,1,0,0
-1.264337301762357,-2.170114448762568,2.495287413352099,-3.0918090067701063,-0.8791385197606238,-3.5812468613836552,-1.0745089148076086,1.0119967338871205,0.24822550741034183,-0.5965289986257004,0,0,1
-0.3350378920183519,-0.33318278195513973,-0.731320802471527,-2.513131812310811,-1.145655410442312,0.1818269634586891,2.5710798280460705,0.9478861837303818,-1.1330751730921569,2.3866263972746955,0,1,0
-0.3240721838017818,-1.2341415025097784,1.704588860568069,-2.8987077853031304,0.9273663821224778,-1.7756620580087068,0.9348428915542064,2.5010660916181107,-1.5410330691004628,1.294907989224676,0,0,1
10.600505818699574,0.3924645909656004,-1.0690584993465093,,-1.0921205440457933,-0.1750369035042696,-0.1396761051887473,0.49211196748917985,-0.17821901256785602,0.988370579475536,0,1,0
-0.9783929401273533,0.3538322951758983,0.5897814753286115,-1.112809089594835,-1.2824331449639388,-0.24700624020346418,0.3014271969449811,-1.8544373799689153,-0.5562790648704103,,0,0,0
0.2897671443565355,-0.08714655503937363,-1.1314005169200296,0.12921564248446454,-0.45921530156214485,0.41667449813848934,0.6566706536494336,-0.3021718663928129,-0.8069220858097825,0.7540935614320956,0,0,0
-0.7868276307350374,-1.0210287618874168,1.667415464587767,-4.685110217486972,-1.7330949817906531,-0.38775420636433944,1.70056557567586,0.38003383571698124,-1.9190064551141384,0.4599635085706942,0,0,1
,2.321986371205771,-2.335209000639694,3.035372906197125,0.04158740380055548,-0.041174896991178156,1.1007549678165955,0.8321144258063915,-0.7860811988080079,2.1874919427508113,1,0,0
-0.3297431588698678,-2.9392961043559076,-0.9426038410049248,0.9856090554102062,-0.7255114988080473,-3.8662752747941336,-2.569450159271688,-0.8584526401603709,0.7858464131561501,-0.5858004330672996,0,0,0
,0.5882638408711751,-1.0741993876646976,2.3345096962349126,-2.5987967561933907,0.8242555298972698,-2.122625971063719,-2.148004535549711,,-1.5995623004806738,0,0,0
1.2281152937809285,0.0723914347399468,2.42238023318237,-2.3398583130748234,-1.2233121821464743,-1.8970478180770223,-4.422240736098624,1.2268888652480403,1.1259303306340565,-0.2723933093352073,0,1,1
-0.9422611938939608,-1.1640677205539471,0.33665073461527406,-1.0803297251276995,0.18111181372876017,-1.5641884925838476,0.04630245272252065,0.5491274364987395,1.8724486608087239,0.40495430796114895,0,1,0
0.9673343646781669,1.2516802181286124,-0.13556423689606234,2.7088215066358914,,-2.71117594025392,-1.2535549387986662,-0.02402150356622923,0.14258629209557436,-0.41309509564514024,1,0,0
0.4334636741935265,-0.06844440605254609,-0.568704027936157,-0.8446975256446407,-1.0167889913218067,-0.589387074147396,0.9449219412683345,-1.6822831545228485,0.667394438057835,-0.18372489906399647,0,0,1
-0.17348659071395278,-0.16609608389217856,-1.8320570668469782,3.9282120760398898,4.374093495984483,-0.6846204988046908,-0.6150282149618111,-3.3558090813659716,1.4471347984448446,,1,1,0
0.21057075233394207,0.35589623004756243,0.2587192048032326,0.5341961696591658,-2.3610440236647294,-2.8235464954037943,-1.2375692560330607,1.4846201524523805,0.05247805717045095,0.8271530850011507,1,1,0
-0.0012250383082545331,-1.6186675851176564,-2.093140421936514,-0.24960081959341457,-1.0939179167049968,0.3636943191147881,0.35897046065905114,-3.3557040476377185,-0.9052561597764432,-0.702405876405503,0,1,1
,-0.9802653938612429,0.7354690708329538,-2.7827853178237603,1.2960745200728572,-1.6724803512754747,2.1259946253262028,2.7813850852133157,-0.189751557259683,2.49113920311017,0,1,1
1.5366558287399776,-0.042761008499345055,-0.4790936526796271,0.2602469646669564,0.6676351578566342,-3.042488534575943,0.7531462389142761,2.0045587955682356,-0.5615120214444915,2.147426110463323,1,1,1
1.58876522322982,1.4035451819343765,0.5578906807771153,1.4350251365515632,,-0.3981247769825058,-0.553920612670846,-0.4494260247677424,-1.263075650525921,-0.8827800305638821,1,0,1
-1.9608451414681916,1.3022050344473373,0.0449139576698363,0.4547780076558843,-1.3244089149513174,0.016359677809467676,428.97734841773246,-0.4912498061875473,0.038738609191706894,-0.2753799947087619,0,0,1
0.03242611782242977,-0.2689573336135531,0.37193949233153245,0.4695212437846324,-0.16836137686534647,-2.0127400452174657,-0.9484385155305131,1.0914110628186158,-0.2327733766931721,0.313210802068348,1,0,0
-0.001612672394508496,0.8252460798441837,1.4567717905140665,-0.2831312169925062,-3.288788640694982,,,1.6068054351471832,-0.2384908570507993,0.1944947489633564,1,0,0
0.12209209645108472,0.4401282746308375,-1.0652409226985378,0.6349219836278196,,-3.5428104887814293,0.8225999839656328,2.8712837257964487,1.2070265134276854,3.2770406952317237,1,0,0
-0.4333554411706377,2.439358212041162,-4.057100047872483,4.587981703288828,1.249101922676989,-1.1363916369180316,1.8491486909714636,0.2211919569022529,0.5672417068069041,3.0037336898374525,1,0,1
-0.3430759307413982,3.1500342635020853,1.4969993381883275,,-1.5298625829526178,-0.17087929875216745,-0.921659448656505,-0.17024170433158758,1.200629660979723,-1.3698607006410035,1,0,1
-0.509438944220231,-1.69883375043413,1.0050448721496932,-0.3678828143490998,0.7907497145266713,-1.6474245645684644,-1.54875837925742,-0.28797077367929036,-0.7027771659920036,-1.2975989184939112,0,1,1
-1.9055733529725303,-2.301097963947707,0.9612354766790545,-0.4457637124788238,1.7409600754567371,-3.2117873657735068,-1.3349393691610687,1.8191029774409704,1.0561640438100357,0.2967979896581817,0,1,1
0.46496164550609703,2.9012048543608886,-1.0715757555617014,-1.67472613987503,1.082839096326493,-2.4516997823543463,5.936498949289452,2.4078458503843585,0.22794726206260926,4.821727479923977,1,0,0
-2.2593708838316977,-0.8538645810014855,-0.8688250162385283,0.2892725037914935,,-1.4505125148122446,-0.4466694102220463,-0.17404092128762527,-0.5992744782651446,0.4726402417294737,0,1,0
-1.1645467781101164,-0.049837267019061215,-0.6585779859964496,1.9875179916061951,2.49425533116599,-3.044692470324505,-0.16832730914372673,-0.5594724722809497,-0.48813628014212407,-0.14114291142661842,1,1,1
0.2797677077282163,-0.15992064844944553,1.2302559691340362,4.278971250198287,0.7322029465686208,-1.7954705395282615,0.08847249330534857,3.908835421157552,-0.9593207652189699,2.0606910476464253,1,0,1
-0.7997401481499686,-0.18587175226366504,3.576933286903697,-3.7089126853708434,-1.3144735963364274,-0.42108853941666313,-0.33440485739791703,-0.9802229796548445,-0.37098070946534056,-2.5573612547053286,1,0,0
0.25725604702933647,0.9039798270676683,2.069032323264895,-1.167653621970041,-2.759569247048095,0.6611608440747518,-1.193904221311842,2.9144359835706473,0.19100763429546735,0.5046230038538521,1,1,0
-0.5852905313163699,-0.952567675335832,1.4983535522464062,-3.6675540494760472,-3.580756147378512,0.7399767171242013,-0.05423399814855134,,-0.32447515749642497,-1.07495494471875,0,1,1
-0.7957550770614096,1.303904908441703,1.8898615691123317,-1.1274054638324875,-2.805075323810604,-1.078124123051968,-0.6184582374577907,2.3296707006539332,-0.7446649024149137,0.6133368642016406,1,0,1
0.5981746029905671,-1.846941130683815,1.7347581285010203,-3.6816213693424182,-1.5927251755730114,-1.1058447768848887,0.022135378389033677,0.37991708083890685,1.299181252629184,-0.24754746807072825,0,0,0
0.15068585788386077,-0.0743780969610699,-0.6381648200107848,2.1689451804187976,-1.3696970218880535,-2.983077756968012,-2.020385912469092,0.31263654261288765,-0.6975165706361199,0.08717416265134502,1,0,0
-6.071657750436572,-0.1298605063666216,1.8267614010607873,-1.6836426111198712,,0.5019489600929357,-0.46710593707298664,1.21433047640021,-0.18303448499368985,-0.3445838565832113,1,0,0
-1.6510533950619155,-1.2473702920486056,-1.203670373416998,-3.5044441145352216,0.28765516236536626,-0.027485027781480875,3.9470041246671688,1.7211789097653711,0.4150725096990842,3.694491094031851,0,0,0
1.5511470813980186,-0.9997108401325647,0.7358390463320055,1.7787248309434147,3.182252672622582,0.3245213457833669,-2.1003786023203133,-0.9366562282176996,0.7694573108029035,-2.3867606261368755,1,0,1
0.38319038537732747,0.023417540584200314,0.10350124999075727,1.192796040028397,-0.6466629824226993,-0.6505717046797042,-1.52973110294967,0.43758843494363053,-0.40013606330256013,-0.32690386755839057,0,1,0
-1.0749895671304055,-2.9216947760644105,3.0692707529636203,-3.1194313814769394,0.11033014164626809,-3.8781883145971237,-1.7695162814591376,1.6282683599868948,-0.0023434031495201645,-0.8723619905443394,0,0,1
-0.7543246385464069,-1.927796465539366,0.31124674933223695,-3.1104106047489557,-0.00481288899513288,-1.045460129625607,1.449464367084904,1.5374490297121322,-1.3247859103992252,1.7618087056831389,0,0,1
0.37671684786935855,0.9758792437034789,-0.7146250471332997,1.9764218373449576,1.1707415298129675,-1.0822753295632177,0.022591891087030858,-0.746499033825033,0.6912624910088047,-0.22270185149736516,1,0,1
1.577327297050473,2.952982940545877,,2.2556810008485617,-0.1997121986420498,-0.9660014665098522,2.3632806335790675,1.8561346440696527,-0.5054495213555146,3.4852873591529514,1,0,1
0.2277091184759583,-2.685860616302181,1.1256015080693074,-3.979065512787775,-1.0297464483489136,-0.9865638883944318,0.4579984985869162,0.5221444938428086,-0.734004994289151,0.3588444233101219,0,0,0
-1.181190940595717,0.4736780914837393,1.3626111008893265,-1.8312489433360115,-0.8239908468623891,-0.8126260649308931,0.7306874401433476,,0.8166247432622288,0.7385446852971305,0,0,1
-1.3473432191594377,1.003658134448685,-1.0695555592940844,0.803233419890024,1.9544340581133257,-0.9560071679057095,1.9515902586453948,-0.10014183361342388,0.3707055671155837,1.1799698972938155,1,0,1
-2.4902817083763287,1.043575247884704,-0.6401147214088576,-0.9061206773757869,-0.20405805445275826,0.1499873727798271,2.3912731676586887,1.9532223335226888,-0.6664799269634811,2.70702114396391,0,1,0
0.30369259392119685,-0.9318677946571472,3.5925209722802736,,-0.23911808311435423,-1.7933300855907683,-1.4084632256995167,1.4800975263187892,1.5861972650791303,-1.3779987038856616,1,0,1
-0.20378756941675114,-3.303517179720896,1.5867740784667874,-1.7089816295769824,2.4026488572831455,-4.2241709030314265,-1.1243530020659516,,-0.5045605322361106,-0.4145386937988676,0,0,1
0.3072039458978721,-2.3635735653136027,1.1243632743387657,-4.067831341279905,-1.5796095640073053,0.028511680871385225,0.4908526131477856,0.11405145548330453,0.04420617488045252,0.058993176047221915,0,0,0
,-1.4739081613706384,-1.3544248850781802,-0.009398071799021659,0.20338221656475897,0.10195858355389364,0.13026094581298042,-1.6841157680510421,-1.7615824272546483,-0.25387039385052695,0,1,1
2.0551927425907137,0.198772182060862,,0.37972375745679726,-0.5521607274140727,-1.5164482196503837,,-0.02642378153273639,-0.8748412772332184,-0.5087321087497141,1,0,1
0.5559970515714441,2.1274822554673047,-3.524230257595901,4.4363587420808885,1.8045753741490995,0.8134335984537175,1.3367209280197663,1.4900015464693275,-0.3088646305731551,3.0944111036097484,1,1,1
-0.725887583831994,2.0418861967382256,0.27277637907116936,-1.5054664583464035,-0.7622607536732974,-1.9991397925816785,2.901500021869446,,0.2991956221800896,2.682430284632316,0,0,1
0.2707565235498433,,-0.8952159718251609,2.5217884811317557,3.961837113875129,-1.4597883346803207,0.10163683471466145,-1.6267142244317534,-1.160373451068,-0.9525596235118289,1,0,0
-0.7660804561469297,-1.7004338540082409,-0.29287464190794466,-0.6483688160080607,-1.1852443285835363,-1.5720070917832447,0.1837490843989651,2.3642170956202477,-0.6091360888575632,1.9555137320976244,0,0,1
-0.09514981659883062,1.2848724959560864,,-0.8104059572402115,-1.9387784542911308,-0.7611103137259623,0.8432155190776287,3.633373029101709,1.238283210855647,2.8289666121341344,1,1,0
-0.362334458274863,0.4930248451800471,1.896369785561284,-1.4390844124969027,-2.493896945168035,-1.9000638685739197,-0.8630671061548061,-0.7717339792791793,1.5439506047611449,-1.49170916496048,1,1,0
1.746077518294195,-0.7911157819759693,0.8542097523373754,-3.2202377154307897,-1.8522526024865154,0.15474466088786953,,0.3461971574485785,-1.3476847999474826,0.5420551654722258,0,1,1
-0.5379551750240974,-0.28221566376953877,4.58530395234448,-5.4800661543320475,-2.3960065086407423,1.482378665129386,-0.07704614395626652,2.495957858244228,-2.147703239266853,-0.6861951454316704,1,0,0
-0.7321087746883707,-1.1717573083271586,1.0314556859988215,-3.2216076378892233,-1.4092148413095504,-0.5641271917503234,0.8313961925429361,0.6021058933062287,,0.5414676598521785,0,0,1
1.6646680302676264,0.20461181495507796,1.811478302724792,-2.169892798685669,0.3309514707858139,0.46310770490016906,0.7790593324559436,0.5358094000463758,-2.191982864740198,-0.380307298372899,1,1,0
-0.24967296780826237,2.2504138576217083,-3.50570045871872,3.643430559485258,1.264504119544403,-1.5531647939659186,2.18419309075275,0.4597468450224793,-0.16168910802506112,3.063810577140894,1,0,1
1.3083383670543278,1.227626067829354,0.49790129792194904,1.2869946543941886,-0.3335527217033003,-0.28802617783640017,-0.8985088684613516,0.6399443440615651,,-0.27721749468572315,1,1,1
-1.0046892788749149,-0.36264604137117706,-2.607259771860029,2.5116539655392787,-2.024352515099709,-0.5469516687047234,-1.1958464553887966,-0.24799647707096817,0.6466143019889341,1.063829456029112,0,0,0
-0.6880088148448377,2.0153610980050494,-2.8450088593520046,3.6181316131430337,-0.6569487339093092,,0.4565040017797757,,-0.3060993933310847,7.336677154661511,1,0,1
-0.4140052351384046,-2.701840137138997,0.3591326579960257,-3.2118825826006057,-2.2734913589753765,,-0.18882589340868772,-0.4645938661878273,-0.9246922305235321,-0.04119344277117162,0,1,0
-0.1300708412835327,-2.301914707760861,1.9808036755183691,-3.5952544299394464,-2.972817654490326,-1.7796282150997236,-1.249072000551934,-0.7575330951682604,0.8893179073293531,-1.4558307100264756,0,1,1
-0.0851760922710017,0.6557614511148994,1.1005222718481655,-0.9114919922160817,-0.9329531590919827,-1.017459395042165,0.17811088575246914,2.414093308253741,-0.8632127594610817,1.2644492866631176,1,0,0
,-2.777894097692286,-0.08374293244113651,-4.559750731046069,-2.229297414426143,1.3794721652449033,1.4260343407842786,-0.5547176034410715,0.043640132465737946,0.7018086408491168,0,0,0
-1.5146892223404471,1.2155832140768885,2.0355390681633487,-1.6517240007839855,-1.914088853024666,-1.3535338838518365,0.10528572085078336,2.066805447143049,0.23929011478035628,0.6039263323811255,1,0,1
-0.24506508704326077,0.9334324724576772,2.9493395707685615,-3.5664478677444413,-2.677459611729496,-2.6070515402744405,,0.4168776837575394,-1.102091955592559,,0,0,1
-0.8369560396988299,-1.1400219307562127,-1.6879010486353527,1.0785207676647963,-1.807328169003243,-0.48993254168576894,-1.2272929148442873,-2.570429081258249,1.32376206283529,-0.9936356259807407,0,0,1
0.1396819652852321,-0.9735967084151174,2.660830187325839,-4.140939873017155,-4.2544840483690525,-0.9071848281519275,-0.8689781848474711,-1.3243098877195525,1.4533971058146764,-2.0382245750480155,0,1,1
0.04573912900266335,-2.0160523930150585,-2.0656599616896276,1.6447555251817427,-1.4426418894513349,-2.6962272202898,-1.7688314824020397,-0.003074063505643543,-1.0478663059889717,0.9003088481563007,0,0,0
-0.8972931814242199,1.3261628285909057,6.610694020770066,2.109368841197344,,-1.3044391432421865,-0.766750066353872,2.3282889270472618,-0.4257698727753605,1.453538341098536,1,0,0
0.5306351637445099,0.7863479559201301,2.9817425738787557,-3.332859677800393,-2.1787096956164387,-0.32762839921792797,0.397943311983157,2.8798580703907595,-0.18268976668132056,0.7348864515689385,1,1,0
1.5857745680463387,-0.42761083241102604,1.2563229240903175,-3.847558592051568,-2.7188342595480925,-0.027866689818003665,1.2606498346564283,-0.1902488955986552,1.0557982384665718,0.157334774011625,0,0,1
-1.4198575345849727,0.7740149438312637,-3.0748035991260623,3.1138216988058596,2.03310199827199,,1.4912942983480655,1.0228349996527342,-1.190709431945161,2.9579874681074174,1,0,0
1.031018217042444,0.3928849879416041,-1.3486527998477476,2.329371426789258,3.2624334191163555,-0.1877432703473645,0.5420441601769083,-2.877726097805814,0.8745876458098074,-1.3806377574061275,1,0,1
-0.43213811356877607,-0.29683702753532715,2.0431683768344264,-3.4913128521695267,-3.5791109009185123,-0.642321519067395,0.025512198458808477,3.651108926618641,0.12159153957401245,1.889472711318186,1,0,0
-0.4310999895256928,-1.6299670401844588,0.5527577058741454,-2.1727355755495323,-0.10569030735858409,-1.9875400488076553,0.5242504525390737,1.5638603468679104,0.7775497655241282,1.296865639466205,0,1,1
-0.3187388995774793,-0.49415250026963453,,0.1925959803814148,0.5074502023146434,0.44237194153703663,-1.161709846089391,3.2787450050539415,-1.1815307533301556,,1,0,0
0.0671876754939992,,2.103128801671445,-0.3182645941906832,-2.5441195351825305,-0.9173825244304272,-0.8691990019079654,0.525190267836873,-0.6098212167272987,-0.9432836843372686,1,0,0
-0.5348579055061975,-0.9056967301456328,2.0950532482727486,-2.2124899994241747,-0.5830163699688748,-3.2191828109472334,-0.4330613211502967,1.5504124323246726,-1.6515397134301908,0.1193722449583963,0,1,1
-0.0653107116723949,1.003917915204197,-2.644068233471656,3.455106854696675,3.0226147378482913,-0.23809666807355834,1.1407681751824434,,-0.6621885476766607,1.89482069378769,1,0,1
-0.13171708277074626,1.908080920700281,-0.06696884476206089,3.7699388514923786,0.5330270508278836,-1.236136773596846,-1.9286210319902974,0.13119485488920735,-0.0008231888639018695,,1,0,1
0.9333423042072527,-1.9685686847098154,-1.709592807901084,0.23443087920809724,-0.8702961261073087,-1.0135298927914076,-0.5499731840016374,-1.5568126122021022,-0.35296423074220423,-0.007331394607590291,0,0,0
-0.7784915651183486,0.18696195544457284,0.2687165186053233,,-1.2043156011670806,-1.0097402407364333,-2.113039962964212,,,-0.43345684266810836,1,0,0
-0.22425879143948552,0.3932812572999982,2.4503180463612617,-1.6090010296273491,1.6105597983246929,-0.6315401188415966,0.3118311755305392,-1.4148374212049584,0.669252564126162,-2.340453333612359,1,0,1
-0.42676282883856803,0.837268118379461,-0.004162263697693458,-0.663717934619284,-0.5304700166204593,-0.019439418070961167,1.1897439498963789,0.7545776161594622,0.31139535741201874,1.0710011812263724,0,0,1
0.33776031993531075,,1.6739614254748343,-0.5865719116707154,-1.1992729153979012,0.9126311303809651,-0.5124573413423816,2.895260152716795,-0.6469428195881666,,1,0,0
-0.8652106003537336,1.4244587413298972,-0.059588997115924025,1.458448418597736,,-2.5408727191107108,-0.48680135222436216,2.085364847400245,0.8728789499187865,1.4888430737605012,1,0,1
,-0.8080298548360738,0.8395155309100839,-2.2845325494666753,-0.8449698804822487,-1.6107514992751077,0.6921493319435028,1.2318348452165448,,0.9995065226963773,0,1,1
0.10797981288504269,1.296938309832149,-3.8637152599975493,4.504726217988266,2.4942332969215024,-0.9015937572463212,1.2742698627304023,-0.8404473836060029,0.4707532415477864,1.8135491856415549,1,0,1
0.16013489698287253,-0.29470142800812305,-0.5872118776821795,1.9691570041064252,3.0065035634202384,-0.6545772689836697,-0.3991421487776181,-0.3774565238032499,-0.5836255854546498,-0.4336307182514524,1,0,1
-0.4217118518435028,-0.012049487768251543,-0.7775920920842213,0.9449464238231025,-2.602898144788162,-0.21301136940076082,-1.3779996667514287,-1.9558305961163318,-1.5478404612786616,-1.1524950864020678,0,0,1
2.1719932094942913,0.07525596657628397,0.8562451649674498,-2.942625253846103,-3.6065396596133605,0.09178513291359414,,1.6488350590996483,-0.35370504225558225,1.665961884612312,0,0,0
0.3939632237346047,1.1073408931543418,0.26542390334869925,1.5199166039028962,-2.1781932619942634,-0.7341511118400945,-1.744630672783316,1.2442619004157778,0.044948957020710126,0.15996891202557328,1,0,1
-0.9344853483095023,,-1.6335270095275114,1.1598782329376995,3.386746903563626,-1.8946098438171295,2.9020581925744082,2.0626270121929284,1.375179057607244,3.2728610313539885,1,0,0
0.0200032198274639,0.7806469237837335,1.3604207710942118,0.9219134036046431,-0.8605593095024222,-2.9695659687112816,-1.7930559329222024,-1.5211398028303686,-0.02865566103526391,-2.2689923506257736,1,0,0
-0.7172639058443472,-0.8595910159665429,1.5319936751451693,-2.449365818572536,-1.826789904575325,-1.614251365630233,-0.29177649157029073,0.4851848087676802,-0.11417026776048074,-0.20287929618825706,0,1,0
1.702147323502177,,-4.806885203523287,6.68987744512175,1.9476885077239057,0.3976638582093319,-0.413644938420648,0.47441182964003226,1.1602107681070948,2.3922489248828707,1,1,0
-0.6282984920177531,-4.029207515225323,-0.21002924479468876,-4.159129539965553,2.0344393003988888,-0.24484555754228265,2.1174469236697466,2.3749570367884996,-0.1975286042912149,2.7241741371141908,0,1,0
-0.7479336218779372,-0.17845927040308807,1.3078797361551013,-2.3034842105762796,-1.5612842515138246,-0.5673839034002861,0.4394422506251132,3.0186059815109845,-0.13078571850244072,1.778133252414203,1,0,1
,0.01482020486622293,0.48971027716747306,-0.9383238444233482,,-1.8533627138542066,0.4166085453923958,3.2803032404309396,-0.726992992618417,2.396073422347605,1,1,0
-1.0898030441669337,1.9138386778726881,5.962910570719323,3.7343584076460288,-2.363471971095836,,-1.1620621301447578,-1.0140028099768554,0.6519334010300283,1.7230827890432276,1,0,0
0.4752499290058339,-1.9373989200657173,-3.3420125867494033,1.2232798438495465,-1.9772891328403144,0.3318651038807816,-0.6030271901434452,-3.662928977574941,1.007114428981635,-0.5211866504795495,0,1,0
0.953594950662517,0.16972779561304097,-0.41661481440675885,2.6467018715770543,1.888289116687595,1.8279393944690172,-1.533810756251778,0.7049211219475997,-0.5921663299833791,-0.43649881561535947,1,1,0
1.7553110706333046,0.1970470955747874,-0.5552098271721344,-3.1918027707509213,0.8923129476480935,-0.7754579734385749,4.539874156678547,2.6216525792691177,-0.3310521687503577,4.099692861950692,0,0,1
0.5384693872544943,-2.125655220449703,0.08061111362170603,0.6522407794467737,0.10446047932101687,-2.886983245169023,-2.247325814420442,-0.06691650103548608,-1.431186765846887,-0.7279088344620984,0,0,1
1.7839141981831486,1.666268007988611,-1.779177463089347,,2.105095717500867,-0.06049882706375431,1.4622107373781152,0.43207739595693995,-0.8959699672367043,1.553239729419705,1,0,0
0.5036707734621725,-1.275661059439368,0.8109822260732027,-1.1364923331200751,-0.7545884475200669,-2.5838140077125704,-0.7387374491857326,1.4300931096706715,0.7580800102973402,0.5966976439466267,1,0,1
0.1601108906395973,-1.0013806135783958,1.4782367622956445,-1.3962624226097604,1.242312088999105,0.057410515286287156,-0.22494655312826184,,0.7563112906894081,0.803416375554455,1,0,1
-0.28973708685236127,0.89509812682287,2.175038387421687,-1.526359575394864,-1.967024382502041,0.5076989383229513,-0.5862257685759903,2.764988620613976,6.761918295877897,0.5358554882362804,1,0,1
,-0.6558606236615542,0.852819562063162,-3.5178957079461615,-1.045033841429252,-0.5286270834719655,1.9075522634446753,1.0295233849422942,-0.4372359421583744,1.3354903193189163,0,0,0
0.7707831479812558,-0.052273717870503944,-1.6316654067008314,1.4135459732366178,0.5921404484486832,-2.94705315982793,0.6118207284473356,1.3914728752776508,0.6727269777566897,2.3085909424117173,1,0,0
-0.8607379884731032,-0.8526315134763197,0.6234667382867375,-1.9276758642857044,-0.9842370718442847,-2.15046152720509,0.47631326058884793,1.0950928855018882,1.3542109252450831,0.9980712178533335,0,0,0
-1.3088438420029984,-0.5266900990592633,,-0.6920313934199817,-0.02807967543595835,1.4392354128377596,,,-0.05091773033921787,-3.3360657010220685,0,1,1
0.06410256495022532,0.27017757650328567,-1.015148733869426,-2.5935575056219693,-0.805231909678029,0.554538822909016,3.557757359837297,1.2905167612825132,-0.14726982751294532,3.1066924544645502,0,1,1
0.5636343254431193,-2.9282051132320888,-1.397529434368908,0.7758022607609788,-0.21062602514750617,-1.5702447549050245,-1.8913834485338699,-1.5827324772505127,-0.4924413839212625,,0,0,1
-0.4959992553353133,,,-5.438319108367392,-1.7501773266520964,-1.4952981051427288,-0.6134701032884537,2.213811519300698,0.14275158734642754,1.0224526066260173,1,0,0
-0.777905724174565,-0.41469553172178186,-1.2301564431250573,-0.021015894911629293,-1.1481696436747102,-0.8490729940121833,0.4197510012811496,-1.325087464232607,0.07453400022224349,0.24351040910167013,0,1,0
-0.034313330749808996,-1.0073901205713227,-0.6585520347451241,-2.162995241555091,0.9559765508071458,-0.48609808878568017,2.561936761043058,2.3636494406931448,1.0696916817396078,3.1203196308853,0,0,1
-0.6348026834673863,-0.9327188389195432,0.11573449779018463,-1.8787169641570474,-0.46243056563475926,-1.3416366818085792,1.0154892552217178,1.378459663666899,-0.9642126220599757,1.5797115390926144,0,1,0
0.8471112074394023,-0.013951144940083315,0.5803751330067769,-1.8068619472554461,1.6168271542351658,-2.3067795685743633,2.273121040147091,3.3274846836844088,-0.22239415107965607,2.9572179455600787,0,0,0
-0.1301955328047618,-0.11908878023908576,0.8199700277965971,-3.170838812548635,-1.947584586594898,-0.15235231280539185,,0.47237215320896175,0.016440928619381696,0.8839816395206812,0,1,0
-0.7656532852453778,0.48211505947571,1.8702313354237632,-4.030596300685536,-2.1313240475279374,-1.6197759167193069,2.017227885370335,0.6375574290396995,-0.2821595359874645,0.7256353426252566,0,0,0
0.1451486961703552,-1.6621288826507543,0.4743227107204748,-3.3583169249981686,-2.291867058269646,0.9066117960559332,0.5866790329968521,-0.216850659299739,-0.9448805011240154,0.20490671300449523,0,1,1
-1.3456279183281468,-0.3058079626248764,-1.5825939910485265,-2.740441692378887,2.8800535229558992,-0.7237860676508014,2.117692983989164,2.8731557329429416,0.9515520780790863,3.7695136340084523,0,0,0
0.2167019911095406,0.6402270527450231,0.08205130649138148,2.2566269739696505,-1.0611462859383507,-1.0006691393616913,,0.041202165079466946,0.574722941075262,-0.8741830677925678,1,0,0
0.16872257734587723,-2.4294718039911762,-0.11714195100671443,-3.758920874386185,,-0.49772339263620236,1.4383214887717466,0.2122935319964956,0.23018080622921966,1.2785959297709986,0,1,1
0.27046350873055675,-1.0139218628531539,1.362673150010867,-2.85294895639707,-1.3073946404775758,,0.3050887671988779,1.4062641601194754,0.02198155264360243,0.17955756234624803,0,0,0
-0.6189775684070953,2.1973204053907898,-5.094370090900655,5.822417304779062,2.312802277110625,-0.8834342467550429,1.7997009877205021,0.0195438243849273,-0.45490066810513335,3.270088516150025,1,0,1
-1.0870303280012752,0.7820325274539331,-1.1272870490738964,,1.9530459677879293,2.4161350946342806,-1.3176853989064132,,0.21309057486897096,-0.6418327279316351,1,0,0
0.5096631077101231,0.0067446910013797545,-1.1925675388400274,1.9414667224523585,-1.508858211688902,0.7996003480755607,-1.611261539462796,-1.8823903281033485,0.4784096833437766,-1.2215105265688,0,0,0
0.22367969649555597,-1.77422145434981,0.16068037790055767,0.0331992776969905,-1.438562368775873,-1.7114835447284142,-0.6589881001205962,-1.7120944906240774,-0.11941766989216007,-0.20200609363428865,0,1,0
-0.5323556702661748,-0.6246762747903072,-1.3783727024220063,0.9115235473919845,-1.9541762406595304,-0.5867863541823324,-0.942117367285291,-1.2261794606477212,0.9686237857058371,-0.13944544736486472,0,1,1
-0.06029851553437441,0.19376758423484286,-1.4063058002761735,3.657636705157455,0.7041770511853429,-2.243032251012923,-1.7900374344764671,-0.18577397969384868,0.036152527925827134,-0.07965853709397137,1,1,0
-0.21428730736333237,-1.8108880515421277,-0.9082217175531502,,-0.19682214421170163,,-1.8194867021449843,1.5104879838623027,0.810334628457446,1.0998189441173554,0,1,0
0.031417473466550466,3.1452418722434157,2.8151136992253325,-1.5651099653864038,-0.8246573049413913,-3.255500533705219,1.4974996372279425,2.43451644365169,0.16509955149322578,0.9551095792744313,0,1,0
0.6687317308552835,-1.0234791035107564,0.10014645855458126,-0.20023524748729798,-2.950887231624857,-1.0566640808692231,-0.9454817981138418,2.5883037116456804,-0.6997827442045963,1.5256281538897392,1,1,0
1.5246767428475672,2.391108077359454,-0.07749135795928275,-1.504305910914228,-0.10511467246825101,-2.202449522956857,3.8648638946068408,3.305166922389559,-0.0052265974628201255,4.089616691993402,1,0,1
-0.03591040363842985,0.48486105166080096,-0.41149183217113217,-0.25419475752118764,2.4127113350061764,-3.0728070764780964,2.391430979989492,1.4628618474498136,-1.0295645922271728,2.236941945229789,1,0,0
-0.49452708445227916,-0.9045392519815041,-3.048888140573992,1.7174402069114552,-1.4267124146996353,-1.2255759864547557,-0.0679872091434559,0.2468328555419681,-0.7872096877850634,2.1810137433710315,0,0,1
0.061770871376545564,2.2996850372294704,-3.087202504777429,3.858338127934374,0.06893845394832698,0.24720379475802035,0.9406906096775517,0.615608195177128,-0.06119574110790367,2.35466485528584,1,0,1
1.0499435995250135,1.3611321066167497,2.546333638875428,-4.443603465200404,-4.3903055979735175,0.030387714309649816,0.24767640827257986,-1.2440237009468498,0.049661355708217385,-1.5426552304692671,0,0,1
-1.363465016185462,0.06582649883936331,-1.087074832381845,3.236416845836215,-9.004155004979836,-1.4139082170670503,-2.314785062860178,2.1007974247728485,-0.2774485093509754,1.1375782156802043,1,0,0
0.637931960055289,-0.6165566094665393,2.529211269702076,-4.275230450143271,-3.042025318285,-1.4397073503436963,0.2835527913968964,4.750520642760779,-1.5565369342016249,-0.9160838149967061,0,1,1
0.6769012376943577,,3.3804303016811383,-3.770931867256121,-4.05869539050799,0.6200096561711408,0.41132252476350195,3.2373800688493115,-0.6800656312549874,0.8557279647116857,1,1,0
0.222043548146072,0.9755508034777529,-0.7182653254930575,2.3536918977860037,3.0297983064270273,-0.8038032293555086,0.3441951138151368,-2.7741575890970194,-0.9891420800806211,-1.7044968010601917,1,1,0
0.4122539740346844,-1.7965135172860123,0.9714498916303624,2.2212060592887624,-0.7414451056579096,-2.23443248272147,-4.89901044113633,-0.5645134162916365,0.3766565921072789,-2.748292748793017,0,1,1
-0.7243075637838803,1.0583231365440653,-1.5486544879549857,1.1224891252071099,-0.15627739812270025,-0.7131479578438614,,-5.0693642709510485,0.9965812952746222,0.09109373830069427,0,1,0
,-1.1126891818024114,-0.4859943380233651,1.3043165698754833,-2.451852815765955,-1.0769167354568911,-2.8275831809729923,-2.3063323847975186,,-2.0814531487523324,0,1,1
1.684446339410836,-2.0356674826453602,-0.2969038814771434,-3.6674389410076906,-0.496525355398307,0.8632987191514137,2.1450771874437877,0.8930045275168483,,1.8858193840697177,0,0,0
0.6619295647340078,1.279229311857458,-0.23723862448238964,2.2543279271744523,-0.042284088770655925,-1.9934021853322161,-0.8815054212581792,0.5609839069244014,-0.3908914202104039,0.19589229228660052,1,1,0
-0.9549640356430029,2.351027206288893,,2.6409255784611823,-0.21452026263444823,0.4909564056990934,1.5771024661009339,0.893177692802369,-1.8552505395526635,2.541699378927372,1,1,0
-0.691930840617639,0.7947377599047176,0.44773691239673896,-0.4406002594859865,2.180925091834559,-0.12142725113835928,1.656962693141283,1.2536183869482558,0.489962309452716,1.0235459539365817,1,0,0
0.29716714722490756,-1.1377459234103797,2.63424581114699,-2.89561364397528,-0.9291776561136412,-2.926791580747014,-0.6216570627908173,1.2456566279877703,0.9385958031751119,-0.43345824997200716,0,0,0
-0.9396155812790263,,-0.36657028547575077,-0.23200999589993468,-1.399251013858468,-0.81009496791362,-0.16785592334213917,-1.0627907033312567,-1.0492147690071647,-0.31009254778885836,0,1,1
,-0.18693090551321068,0.2307205882836909,1.8871568867124493,3.7647401239843883,0.026482114830899572,-0.7583300732062059,-0.49575703404291493,1.3703165001393138,-1.3005891840251957,1,1,0
-1.1705149301289088,0.6030732681482438,4.188124262875423,-4.137046974296755,-1.411333043985151,-1.6500469278597003,0.2982604547048623,1.302279724561862,1.0317619044996247,-1.0028211995359602,0,1,0
0.3782589823179224,0.9548373237999587,1.795448754003378,-2.91620016171651,-0.4276799568933012,-2.0803963884136607,,3.816505556515615,0.08190541260407326,2.7535792895140343,1,0,0
-0.4574308375083948,1.4209720063233733,0.6853198236129241,0.028351941927350164,0.06128198371849636,-1.745579027412303,0.7268744078637162,2.4046577578203676,,1.6202117697978125,1,1,1
-1.20430893253951,-0.05778640965223503,1.096706472585064,-1.4969393794699424,-0.29388693048361336,-1.5709407665168502,0.49774310957508916,1.875881747912688,0.4230799603243528,,0,1,0
1.348927506119083,1.8364236161684033,-1.0446083791053145,5.838300643842772,-0.557762584590467,-2.285820120184284,-3.580430763469164,-0.5102463375439721,,,1,1,0
0.6830625815082649,-1.6909786244894511,0.8783758660810372,-4.36505914650405,-2.7595695272206466,0.7523171859218525,1.0177247785917907,-0.6451016783354706,0.39452360516187573,-0.027417422587932953,0,1,1
,1.5888264974983668,-2.9610557466970615,4.2613175721262255,1.309224551101582,0.28713131198361364,0.2961911822770007,-0.5857195745651214,,1.0634675715055664,1,0,0
-1.1834918823758225,2.6675985976814562,-0.5061160622307797,4.757008967810232,-0.5983007014529986,-1.4620265137031991,,-0.8697316491322307,0.2706448862599635,-1.3820251526735363,1,1,0
0.3430485306940432,-2.02249939486303,1.8095213508838768,-3.951544488671414,-217.53528107775762,-0.175875879783416,-0.14860883038491757,0.009475503048142486,0.4661471304949542,-0.6430446722119778,0,1,1
0.20712127707087358,-0.602760967612038,-1.4266067066929866,0.9905527113611787,-1.1419827616628768,-0.7615734714607711,-0.5977555260392069,-1.172040429543778,,-0.01121873648531422,0,1,1
0.12255515695077152,-2.190425575746305,0.8429147250542041,-3.7240398430692454,-1.8610455784367073,-0.9808937592731374,0.5136824866351544,0.014993039034978284,-0.5156340340803272,0.2754262365361882,0,1,1
-0.0952011155410625,1.6885427862434124,-3.3795599208171203,2.6768866354160155,2.4797921224910606,-2.674831977744174,3.2672214954268153,2.6180575428153956,,4.922055188850465,1,1,0
-2.1530094386441214,-0.42107206852226153,0.8927306983157449,-3.5589566212457693,-3.60273100217148,-0.09456570381574037,0.9306775479177616,-0.8880357543524304,0.28710063740125935,-0.13920023798039163,0,0,0
1.3424598894067097,0.7273436241784834,-0.4855579502392129,3.837737296820023,1.0352614183516686,-1.9082174757605674,-2.3089024743975353,0.06901028843803625,1.1709964932042665,,1,0,0
0.8483172197046055,0.24598451766227947,-0.01964208952215718,-2.3923956999639273,0.1630434180887479,-0.6298588367644307,1.8709460562481337,2.1684010228486468,-0.07728950014938255,1.768689092201911,0,0,1
-0.020701003116861988,0.7148696637646651,2.0026436934895546,-1.3907684955312478,-2.8539356895062324,-0.18546922717956627,-1.0246945066544728,2.9167337914625757,1.3790232409712908,0.7240685043440216,1,0,0
1.429774859514874,2.1928427246068276,-2.8877616541790365,3.183239653137356,0.09651932228863092,1.9763698947716093,1.2626123821088697,1.8976642784334126,0.582828069456139,3.0994891541753957,1,0,1
1.9979482045128998,-1.6939267822055797,2.457104698331783,324.43552426204093,-2.840254731424695,-2.271157473837202,,-0.44648360074103377,-0.9747351819124206,-1.146242435384815,0,1,0
0.9412563966689189,-0.2837082136295236,1.6719748080275694,-2.6691589760283474,-0.5278299505171504,-2.5890476319738016,0.9473768587736061,1.6822357590953625,-0.5891435454843897,0.9700673486476997,0,1,0
0.5373654249348249,1.5434637724525273,0.17211042265147547,-0.7867325109045139,-0.354596596537502,-1.6979805702746078,1.9886864078891002,2.1596282118047783,0.6727204878601408,2.364373824588135,0,1,1
1.252275477530615,-2.0905925635778755,-2.2099429710896468,1.3050950653171836,0.026451782053269257,-2.1055183348517694,-0.7376003783489715,0.8792822151817923,0.2545406463995396,1.8038638579041395,0,0,0
0.7841701737244763,0.507663399892198,-0.9163892556198807,-2.4338149599528753,-0.6927105243036723,-0.8344348417607523,3.663116445534312,1.5082194216259306,0.028872480174467825,3.3415403419045067,0,0,1
0.6595739574066574,1.8896749411541776,0.9850948949209487,3.3657019817528773,-1.952415196160151,-1.5809641180355856,-3.6268203188718022,-1.6893633017041076,1.8628955531138476,-3.0820854981824843,1,1,0
0.5763560176138087,-2.8599927818657394,1.402061486318528,-3.9707702741429767,-0.24911583150847072,-1.4290994402593977,0.4185189633533283,1.064181550359942,-2.342246870407298,0.5002920012433494,0,0,0
0.11802771394381888,1.432649210692964,0.4140121134676338,0.4823050516478155,-0.46020759388528343,0.511763547092456,0.03626772968712144,,-0.6086282874660651,-0.6906790291053502,1,0,1
-3.3348927106258297,-0.050300452865479794,-1.2568697656255994,,1.9591621214637132,-0.48682784534553913,-0.8096341879520084,0.042531729542887864,-0.6463575371493634,0.1343437613964914,1,1,0
-0.2644803487686226,-0.600682510356084,0.48899884817107664,-3.0695476940108977,-2.430811585011072,-1.1364457134743704,1.273990970535486,-0.029213540776586333,-3.5335119288100785,0.7694440593913963,0,1,1
-0.9956424072441601,-0.3827723113648779,0.09799503288353928,,-2.865024196780788,-0.02480897953080241,-1.9519410692334414,-4.079999365179818,0.19460759846102424,-16.442245216356337,0,1,1
-0.2705367371612667,-2.1790390053196793,2.8347132676983016,-4.768457546506523,-0.5137313101085063,-1.4631555645999883,0.31362255859407884,1.1628648150910512,0.6232554234584727,-0.2819577233770508,0,1,0
-1.779823175323434,1.3632308075586248,2.9353730444123824,-0.9748039053094124,-1.3009815285271347,0.8895900153709331,-1.3242431602565636,,0.2143522082769957,-1.9706639086062812,1,0,1
-0.27232460999476205,2.3788666278924673,2.467925505512673,-1.1230855932696178,-2.1630894645736523,0.8020236220093704,-0.5280901494933601,1.672775938217519,-0.26866861640904127,-0.33148539948223493,1,0,1
0.6734588757272225,2.126794510554422,-1.4142490077173449,2.1284760686111426,1.4371793736348424,0.2958398028532654,1.5062177175289966,-0.6953248162252825,0.9580352686288295,0.6402686460634542,1,0,1
,0.040901476920004565,-0.7334834441523115,1.6518290898871297,-0.48071788384730874,-1.0683596736946568,-1.0316230696765443,1.8811227646629214,1.7662424096718539,1.3473379871173299,1,1,0
-1.1741043803761713,0.39961373357174945,-2.5008099166567206,3.9923851303133837,-0.5086879674975966,,-1.576073045646651,2.5369442942718194,-0.5809171771941184,2.3366517179006525,1,0,1
-1.1368711816344155,-0.9164861742552891,-0.6563006577578849,-2.825406871924437,-2.7779985455437535,0.16441988664195217,1.6047385672421839,-0.4483590704994076,0.7471865901250933,1.2229454098624526,0,1,1
-0.12652604952864957,-0.8251560523727658,2.3675261370613097,-4.1764880254742955,0.6807903391314296,-2.0933870870338787,1.8777396082909399,2.4089722123472637,0.774914554913987,1.3361114825662315,0,1,1
-1.0728901157149175,-0.022664535202059355,0.5349052326665578,14.151060543220751,,-0.8838270258400308,-0.9420163984470863,0.9114414296970348,-6.7475948573157245,-0.10557216466206452,1,1,0
0.4602389432279179,-0.1428318598666971,-1.7536751384737856,1.747626761748467,-1.107005913461908,0.7114710426351618,-0.8013502633747195,-1.5744455900110361,1.6956125332780865,-0.36624712714501517,0,0,0
-1.038377642700551,-2.1862383702757575,-2.6898798047685792,1.4947166366374662,-2.1072615239077583,0.27441055830656214,-1.800201501315862,-4.444649506926224,-1.0811884780389913,-1.9179179047585007,0,0,0
-0.5099292453657421,-2.8246324706053363,1.7482872206646098,-0.6472023263148345,0.6317743105393745,-1.6566006871422712,0.08284450083477357,0.29950201952182587,-1.8986213456878196,-0.7175566241041009,1,0,1
-0.24132138793785318,-6.642557779099538,0.8728529013280364,-2.902080605750303,-2.1603452459883172,-0.4189612125158122,-0.2555073136222472,-0.14402490412578794,-0.2889772582661584,,0,0,0
1.552282909376714,0.8985742650730859,0.09951312862517203,2.3877654193521427,0.39214307469708465,,-1.5415688167533954,-1.6625126131895964,-0.7258836617208037,-1.8147951246166578,1,0,0
1.7724365432959026,,4.217005295619714,-1.654859904059103,-1.0584343463332062,0.6123972888926794,-2.086919568420784,-1.5206060073098215,-1.3767888249571572,-4.295681710170787,1,1,0
-1.2336941643285493,1.9661249248289803,-2.4546757789898432,3.221844777315677,0.9865117343230543,1.137908437114235,1.0529027120602956,1.6595691538642112,0.2523299733716759,2.5780772363081783,1,0,1
-2.6005359274290236,0.6584171289256213,-1.4924556743315254,1.1955638949248484,1.4612032995662663,-2.720820546677269,1.6433221299949856,1.2830152278893752,-1.2357060240221238,2.448989902483967,1,0,1
0.44952508816021125,-0.42696216213624494,1.023959486402154,-1.5582639648907504,-1.1719794927618892,-0.8266661329392496,-0.08523555561149909,2.7945274423991386,-1.5472415974532183,1.53138156954676,1,1,0
-0.7821867440020989,-0.24437834453433305,,-4.648162432626388,-2.554872936359895,0.18640778118441936,0.8177462438970112,0.052688290160606166,0.1563251439554436,-0.7804191245842307,0,1,1
-1.2003204521973168,-0.11898008866442844,,0.13938477273075223,-0.3257362036248177,-1.0047520155837724,-0.49234973535433246,0.017586264805564467,0.12335479220716372,-0.1821310862277058,0,1,0
-1.365054443070417,-0.016475760649876103,0.5695109046566207,0.5064105110514319,-1.230574266748055,-1.3493625206308435,-1.500432950850648,0.18578603537391558,1.9472567386642823,-0.5948953541859503,0,0,0
0.12100924319881162,0.06595123125509317,-2.582098440058725,1.9378130398659095,-3.1122189001316727,1.2016020079590084,-0.9533460199631525,-3.0944691104280824,0.3636726478389822,-0.7912620008589577,0,1,1
-1.1384625911543043,0.3475857666476413,1.2876395332875932,-0.26183941040893444,1.771264654567012,0.15154693283098908,0.08302618312838161,1.2481574501251442,-1.8896977865979003,-0.10912862074455067,1,0,1
-0.3321777939307386,-3.186966086536902,-1.0102419142398689,-2.61674777657894,-0.24590477742572225,0.3037655011521294,0.9390041995234842,0.8525742012182023,1.5012768835117287,1.793999958131269,0,1,1
0.5603619506667351,1.1669492702072235,1.201594998568916,,0.023918159377280923,-2.199420399963586,2.746772091849174,3.1263973936454814,-0.5450275729224316,2.817269219140987,1,1,0
,2.808357631190016,2.633692206255839,0.6223145573746732,-1.041451000979064,-0.1222141325644599,-1.3371769720425555,-1.2856244268431674,-1.1220331706229165,-2.981677526782974,1,0,0
0.05762276315959555,-0.8214192156549792,1.0703697485966546,-2.674922084720826,-0.08878356941896337,-2.5851885812380875,1.281318031869898,1.8386956471316092,-0.24655360757598987,1.5403637803972265,0,1,0
-0.42524834572950676,1.5637575779233512,-2.530411077417407,4.04758696856389,2.6987847172538686,0.39259364815833164,0.6495560502932578,-0.9546508084033389,0.8378336775244427,0.5490748727883643,1,1,0
-0.5068873498672227,-1.0595923643601837,2.7916850834745253,-4.1684070950690435,-2.0213122086605795,-0.23573480093429955,2.0156814933926896,2.5830847386867006,1.3719520506791563,0.5411983203255432,1,0,1
-0.8956885116957725,1.6538124508126972,-0.5619172662223179,-0.2542016031102454,-1.3210527245985197,-2.6587630432754112,1.9872101753221059,4.886329961801556,,4.804978443903869,1,1,0
-0.9565002896740199,0.8354059847725676,0.9113331852891579,1.9318051657965094,2.0544804669639096,-1.3762692188543628,-1.236297985255531,,-0.5797598767240226,-1.8898588985847773,1,0,1
1.5818760934989877,0.3918117518920128,-1.7054686013404465,2.153946157281801,1.472628696503812,,0.47046551292413763,1.0744728016378782,1.2121067127178047,1.7261426383139669,1,1,0
1.6968540737122817,-2.037383427214702,0.8702977863620867,-2.9767170010621986,-0.3378706194133593,-1.7595534524542604,0.5852835262087257,1.281541479757059,1.9874008825271634,15.151104526692585,0,0,1
1.3344823507435037,-1.3302753820435773,0.8913812217966631,-3.2673079000192784,-1.5984921092808986,0.06006338063441641,0.745032192875005,0.3989462553438625,-1.117197665740445,0.4221944402031649,0,1,1
-1.2758532046813285,1.3306781313038598,-3.2471974278524205,4.621830185753295,1.4662271589103368,-2.910755597076171,0.11466453032899215,-0.31715464338628574,0.8740934027649491,,1,0,1
0.030378676412958838,0.5056289720299908,2.203664931242369,-2.486357943843163,-1.2228885372602636,0.03244867206225921,0.406708227956331,2.4783417697359114,1.1113760889892559,2.8883468326837782,1,1,0
-1.3394921629700358,-0.07958249406173301,-1.6918885628216411,1.6695107832561535,-4.9105714964872815,-0.046930378300263365,-2.341556032366076,-3.747743626880526,-0.1220596953690234,-1.9980885064376426,0,0,1
-0.4884460913386509,-2.8555788736170404,0.6285947265377533,-3.1017775984194635,0.030468040718989453,-0.9817118705946022,0.359929322548717,1.2837928261118103,-0.8784004773393012,0.968633591465509,0,0,0
-1.895006893597774,-1.7929459199761402,-4.004184446146338,1.845883611533093,-1.4469865341129395,-2.5856452830221723,0.10026180112816507,0.5349666360558292,1.127477858731929,3.168332948542952,0,0,0
0.05262213001726112,-1.4327649680136056,-0.03213585528859175,-1.2944164923102066,-0.5112126991061428,0.3515266222108695,-0.033095480800415134,1.1490739195561122,0.16014416491537442,0.9106665672622213,0,0,0
1.4236311818185134,,0.7861575623130154,1.5926532526047592,-0.13076561185687796,-1.5695990820703671,-0.6350532876941267,0.5345582777740272,-1.9404302255083603,-0.35255354200642436,1,0,0
0.033649958535531356,-0.3424896734205728,0.9464222598348201,-2.3488413726155044,1.3540417574967036,-1.6787835970885767,2.031403692104658,2.949244833401786,0.38192167000300953,,0,1,0
-0.2993938433322431,0.03696978938724094,3.0615682864288893,-3.4638797456973958,-3.443177104938481,-0.728295033092669,-0.765145290152466,-0.4317026604533203,-0.5922443776240135,-1.8088343086883552,0,1,0
-0.1433795048399753,0.4458221924857294,1.8244806925736319,0.5055508343211816,0.6038589422768481,-7.823389826795617,-1.6345939346663871,-0.9712868077827288,1.569634504577714,-2.4520366958781747,1,0,1
-1.1032927428246264,0.728190751128011,-0.3598375010086028,-2.484139717245789,-1.659624581660934,0.06280783823217106,2.8534114614402863,,0.24846242113129152,2.2504857658932753,0,0,1
-0.29566561208542824,1.4807607250007973,-1.0824034870052728,3.7181962646533173,-0.9056573675867068,-1.8235488956418353,-1.7259003735789178,2.9702699544064375,0.38356713170706486,1.9722408162463738,1,1,0
0.05624533757317886,,0.7580090407713027,-2.6284637179081614,-2.051390926209673,-0.623067031520435,-0.1513451663846026,0.006000690753280691,-1.4036673060505274,,0,1,0
1.0091034117280526,-1.7165704118307565,,-2.6974156999672236,-0.6928852277444808,-0.9644889818671838,0.4033070852102121,1.0407195833629255,-0.3690001892515323,0.7427992819545723,0,1,0
-1.4483559179583039,1.221512122762915,0.6989320241127019,-0.47015697709132814,0.1935456818795247,-0.2844857639219933,0.9449465796794532,0.4256952275900785,-0.292375353093686,0.2501237302534322,0,1,0
-1.08475880151045,3.94296824666029,-2.7861338824581905,0.3180096121175494,-3.563216774631463,2.3639322719043787,0.7087061992892663,-5.019303126858887,-0.9056955910043086,-1.2573595225835197,0,1,1
0.04365273430296112,-0.33158362512959894,2.4293266468582684,-2.1803963607848655,-0.11321220111847752,-0.4836629731797021,-0.2676732919671758,4.181185711818005,-0.13280630207669494,1.4228890498033702,1,0,0
-0.037281218019590376,1.2349533309114116,-0.7530827770210904,2.0589581469506473,-0.8947483109349538,-2.6716184400522422,-1.9705242697340908,-0.6701741641268035,-2.348001134404344,-1.47237996087205,1,1,0
-0.26890767621500933,-0.6706157476570969,3.4919728858986865,-5.3014665202736495,-1.2415172856296792,0.20979845385983742,1.0592528538733443,1.9416549377151164,0.5577867238861631,0.05983410071415931,1,0,0
0.126596945470189,0.9176861002708131,1.9444634538207997,-0.640161265678144,-1.3192123205276625,0.15519148956468953,-0.9932481839880527,1.5477946868600045,-0.7483722964204824,-0.3969853734829574,1,1,0
-0.10798346674527037,0.3750303437543401,1.2251625600444145,-0.11855788832402347,1.5471669749332553,-0.6177377634037906,-0.08274810760643203,-1.2423509393553385,0.14018003100159276,-1.7231550002487948,1,1,0
-0.9968670947568703,-2.420529668474571,0.906720025822439,-3.0614366980071153,-1.161570800086004,-0.03438004238897563,-0.19740174017641143,0.492704156378416,-0.6055696553034319,0.06890475910209473,0,1,0
-0.2329550134485338,-0.42650899729962033,-1.0867416497596518,1.6138715722518104,1.1974342302541068,-3.414959770958688,-0.1501871975675395,1.141093880879673,-0.0570799031958977,1.4766888465251111,1,0,0
0.1865062168834001,0.8362623878619752,0.8791803298515746,0.927396637999686,0.6746493713506128,-0.04875513733668957,-0.8470764560043107,-0.5481196948870235,0.22658392902730803,-1.3885158228057974,1,0,1
1.263189123018033,-0.9919069767609483,-1.6668295548566092,0.24044157530794716,-2.617676265761688,1.059235633010271,-0.7787676250412062,-4.45288534384496,1.4425916214453727,,0,1,1
1.3867806572852113,-1.4811063522204746,2.1084146279080596,-2.92041732339126,0.07051852093993416,-2.4724381304907324,0.03241389215319257,1.8035918780135014,-0.6827428448042349,0.38268170595316636,0,0,1
-0.7282175248055448,-1.5562188302289672,-1.751450034398518,3.095965177101786,2.9679216817319114,-2.044836777470573,-1.3391499390196882,1.441754126926599,-1.0924035280447957,1.214963774771481,1,0,0
0.4867105303254986,0.65505307949498,,4.379097961238326,2.7111508630719356,-0.3082166845529076,-1.6300640774642972,-2.2486306625974426,-1.3170981967549784,-1.9270777846258127,0,0,1
0.7397224864874274,1.644340119742163,-0.11846428395918185,1.930878035347086,-0.9178430061190823,-1.074206358251689,-0.7877606215725053,1.1779909425723503,-2.179781191964252,0.5943805578929301,1,1,0
0.6764281053209221,1.1409053746366078,1.7877119148049792,-2.4747517713507357,-0.11142737450287699,0.6191640331517216,1.731227146719795,,0.8966012948530571,0.8196667139086423,1,0,0
-0.00738886988032359,1.2123228414790614,2.0266773178448227,0.5490803613217208,-0.9567723796102423,-0.41946405500696193,-1.9195542724511747,-0.5239814471228537,0.8138405706506889,-2.2763241332228463,1,0,1
-0.39955305599675006,-1.960872018496026,-2.128990185623688,0.5365471942762544,-1.9665749760799756,0.16140191467549103,-1.0549517384456681,-3.069829585969057,1.0642758718444707,-0.9854399060309227,0,0,1
-0.44721073654455185,-0.8324101797244401,0.8331283656040158,0.4902862091765106,1.412897332464468,0.06361504640395821,,0.2255122533852112,-0.278464713718385,-1.0965374454757377,1,0,0
-0.2885164751955654,1.9294792116567145,2.166480271213472,-0.9119300740417114,-2.2306822091702836,62.63570667268611,-0.483433696869502,1.2134461461052486,-0.40209610449653027,-0.46274596377574956,1,0,1
-0.5481628789401488,-0.6363639546209071,-2.1074673162470146,1.5410569300416042,-0.807580762671547,-0.7638717691569092,-0.3410959750579631,0.6772502671699194,-0.6673096054709586,1.680761261083076,0,0,0
-0.5049782350072989,1.4756584947764955,0.0905616730243215,0.3411301489039178,-1.8431578772037147,-0.8649665062113572,0.09078438777022368,0.49525905167072515,-1.1188465181313738,0.543538011915835,0,1,1
2.839622914807913,-3.783611684316107,-0.06131399872630783,-3.507574172932459,0.2888589985204191,-0.14772930514924876,0.7159370250430388,1.143554119085652,0.3560324671271402,1.3750638822050443,0,1,0
0.5105926708043899,1.4078516684926194,3.2809988441742615,-3.651130684952916,-2.4338848971545755,1.0619482518756707,0.71297841641014,2.2039290852833178,0.24582232667529963,0.12557577740323483,1,0,1
0.21236205380807743,0.8357621457714617,0.8957288754986215,1.7351788822229184,-0.5288490605912162,-0.4033845013136409,-2.162274808335521,0.27953914408164404,-0.28261239000863825,-1.2578945517082931,1,0,0
-0.41279384435229194,-0.588227854147116,-0.2769424592485704,-1.3915875846495418,-0.9124040098590956,-8.670296226779373,0.7520744708563343,-2.4911272974294567,-0.2978741232861638,-1.02453286936123,0,1,0
0.3627295665659698,1.0593888154214388,-1.3768443788429212,4.0738133354797545,-2.1765963313096863,-2.368146915203448,-2.712065616259763,0.928810328759569,-0.7606817398859019,0.5588898073811516,1,1,0
0.4924834847446222,0.5801011819998627,-0.058082488593536485,-3.046076037777222,-1.758953842564007,0.8355324086600615,2.909731763869771,0.7117297320914022,-0.4706731449821802,1.9708759388880177,0,1,1
0.8653749705965644,1.3012121608808846,0.43281643145862947,2.4890442665422294,-0.16909761113867927,-1.4957648703011919,-1.8621386835051958,0.3075307803965325,-0.5866940812126582,-0.8266671354749604,1,0,0
0.8178664249496361,-1.6863852367139431,-0.4919352059320421,-2.5356170190382774,1.0423201698163318,,2.32631505450565,2.264851707196609,-1.0832600317002181,2.968725466905413,0,0,1
-0.5793574933451994,-2.529114054927677,-2.502515724929131,2.637122562191245,-0.5983625988749177,-1.2698526390407188,-2.607922794491778,-1.6220035405153355,-0.3101449950106793,-0.537956304393944,0,1,1
-1.014421623283585,,,-3.7316377984772156,-0.9332369837476887,0.2956030392848177,1.0762646488943135,1.3170404056573908,-0.5300113040413865,0.22648680006308924,1,0,0
0.7339078818646241,-0.5131879537608599,0.7822362717364488,0.9823033380739477,-0.6573854891834421,-1.3509807041182464,-2.389552069907439,-0.4085508344192975,-1.1460919604530955,-1.562482571804145,0,1,1
2.111057978634891,1.4756658596329086,1.655300982042843,0.8073827270087002,-1.0067181186294973,-1.6817250793962801,-1.569646655642913,0.5090426392421958,-0.4294639895276082,-1.1970547241860854,1,1,0
-1.208351949495599,-0.7300209151281104,-0.026671799228261794,0.948584985279429,-1.358247827985088,-1.0640994352029596,-2.0976144966751846,-1.4252403967780496,-0.6642809744743209,,0,0,1
-0.5043120335043169,,-3.2193595379689097,2.2181383224296867,-2.948762907478204,-0.3794151942239016,-0.82422418078908,-1.6184251801883733,,0.7692896377247803,0,1,0
-0.2345229260809859,0.7308994359317994,-1.9568786735816817,4.9662430367215595,2.2559208249198717,0.861990751078652,-1.8040900010176548,-1.5974131609222755,-1.1973976863003002,-1.256643504272853,1,0,1
-0.7296464020615799,2.2332311011477035,,,-1.774571754691346,0.1716609157062492,-1.4878963880861096,1.485281915935177,0.583050730963885,-0.3203162400111172,1,0,1
0.8601203919849665,-0.47554360541277296,-3.3217186698669616,1.9152185993270643,-3.066175282659346,0.6532347452730087,-0.5844888934526333,-2.6780584212107397,0.3018124860758687,0.14846109067351665,0,1,0
-1.7869675655509722,0.2650206187179296,-0.034084818889797086,0.4539576200008272,1.7335494189169984,-1.707472109568376,0.6829628085455717,-8.472383010528752,-0.8975890047568621,0.7621264209198783,1,0,0
0.1212437318203795,2.0911198917524905,-3.4038144786483837,4.949927067540366,1.7431240595622988,0.623928320514999,2.412791940205043,-1.7648443341257072,-0.5546668745880683,0.5121503641247731,1,0,0
-0.21071048057617164,0.19319330185023698,-0.08340119254632339,3.0300909034138663,-0.6141619133463444,-1.2086237271635922,-3.05122871945761,0.5978465789254713,0.8169851431432842,-0.7850975907638119,1,0,0
-0.27594577609330595,2.0337027300489625,2.9829617530509926,-1.752661711205574,-4.121800267961733,0.05806090203721892,-1.1018979167655676,1.4863503040404922,0.4590339049067038,-0.7581437546646517,1,0,1
,-1.8307792405081673,0.20157994691962955,-0.4001687087272654,-0.3045382431754655,-1.6829253427294244,-1.3271501692188075,-1.0730102314485912,-0.32326225938749004,-1.120050891872871,0,1,1
-0.1012596884565111,-1.0211704173793685,0.062138120314481515,0.966355961525863,0.8261464070651872,-1.891272392277822,-1.3652737099256378,1.5555807493097427,-0.16126950059797882,0.5125121373198701,0,1,0
-0.17445408691485054,0.34345516921356944,,-0.08485297934150458,-0.13333910738871568,-2.65075768198055,0.10941743704790152,0.5276272571637762,0.24672821128627265,0.3877968067805592,1,1,0
,0.5928516435872311,-1.6100254624361168,0.03380149144360037,-1.4443906551346246,0.9237174881764336,1.2803063419548604,-2.032218149186556,-1.1935915640340178,0.18298475551214066,0,0,1
1.7606436344529564,-0.1392924593055196,2.5561683432927236,-2.294961972420072,-0.8643394603187918,0.9251457589221013,,2.4170003836736225,0.5507426915325475,-0.024129938340999846,1,1,0
0.047888782675214944,-1.1806662677155857,0.7129552137824219,-3.4272613263723333,,-0.8210381599706705,2.0505480043883013,1.7563006379941164,-0.28168832078912964,1.8749865207865146,0,1,0
0.9469371819552072,-0.45044773379435765,0.67575885438378,0.5414140384809241,-0.41587956557339145,-1.6083044219022276,-1.632882050254833,0.24681621565000866,-0.17979835250529552,-0.7278695152248106,0,0,0
-0.5342620226721879,0.45302559405439935,0.20772319552042973,-1.523817142227227,2.8470359090639077,,3.37180412548432,1.6020180992928643,0.20015166480742466,2.4976989556160047,1,0,0
-0.4577893528590192,-1.680896775456947,-1.564817482535017,0.9645385261999663,-1.0801068181749287,-1.3003511825554868,-1.2870931692301424,-1.9828986504419424,0.3385741900816487,-0.6798477776148478,0,0,0
-1.8399922494136325,0.8957733422527143,1.71589223573791,-3.6897825993984332,-3.683118882828573,0.7739855362417476,5.459406381995339,,-0.2660636557620032,-0.45706788023698075,0,0,1
0.7175305164006791,0.6726322211017746,0.6238809274711649,-0.3579108702328454,-1.6445571792453955,,-0.1927316576782524,2.4615919279081213,-0.9922697131279948,,1,0,0
0.5702527235436246,0.01952421586349362,-2.274235021045728,1.5588843583220016,,-1.306520090167711,-0.2523554590816365,0.3113854575434041,0.7550277935196478,1.7709833721132326,0,0,0
,-2.321818742634953,-0.4960828803704991,-1.8090664890189643,-0.46930046462154784,-0.2949632009282195,0.2768434345775441,0.906818317184198,-0.18784282006379097,1.2637123699914392,0,0,1
,0.31768088018227336,2.5218643813594634,-2.513069314798664,-3.0353676804875027,-0.8832412692948277,-0.7680489005604075,0.9828711982896794,-1.636827842152863,-0.6242988313760751,1,1,0
,1.5829463314236878,,-2.2137182480992923,0.1011186850511494,0.47485388303881404,1.5154277098378643,1.5945160867732127,2.475064639169303,0.3806938357795167,1,0,0
1.605198015209525,-1.3378664983695692,1.196447051819237,-0.36420469468385686,1.0088555349267798,-2.545895157460732,-1.2034811509319097,2.1144297074724996,0.7952672124822038,0.3943242880570207,1,0,1
-0.17732278789003864,0.35767984248256157,1.4371715449905884,-2.2365959843773404,1.7648641729170513,-3.700242262869881,2.349619315845504,2.4422000486213737,0.25289279569030954,2.00739532110379,1,1,1
1.561022930447959,0.4391222695782978,-0.5737817384361314,1.798562559107467,3.104534053918803,-0.5558115959513027,0.4130118131573457,-0.299027747584806,0.8313642544759895,-0.08729135204498756,1,0,1
-0.33920476520988363,,2.508434348482301,-3.9671306805973785,-0.9902749051786979,-1.0573963153496104,597.603451344297,,,0.04341055500179472,0,1,1
0.684083978776116,0.6416228282520318,1.2548853733128889,-1.8553383984178224,0.21913135209586787,-1.3914585719344619,1.5409395941942288,3.241896728496161,-0.7676701543048088,2.24579447426314,1,0,0
-0.2608708012458902,-0.025691419370929336,3.5176047076502153,-3.996384967464827,-2.0918590904544567,-1.8628266049622058,-0.009678582761345034,0.632558398774491,1.6841704063406324,-1.0697910694865203,0,0,0
0.9417488553643707,-0.7819011738416954,-0.6864564309077331,0.9634960879184156,-0.12721336239836178,10.117532662109603,-0.9838681198330583,-0.5816463612757912,0.5282607606644375,-0.31515957808604794,0,1,0
-2.3021180510690513,1.5569410138430861,-3.1366499093023816,3.545462203870283,2.1237493379806307,0.7187792857355098,1.4687728171022276,-1.5287813027762227,-0.15254494763711807,0.9243471055983871,1,1,0
-0.9692791983443653,-0.5905266026818408,0.7995203446659979,-2.986821653954752,0.018526787720542837,-2.77393563151771,2.126985456745916,1.9708706377416263,0.8439892521191966,2.155634327056323,0,0,1
0.7715225308761193,0.2668306818735575,1.2622524813554878,-2.6219863626770943,0.16250066556361453,-2.509117252836621,2.0614323476524907,2.326283946384031,-0.008413665971365013,2.0043205260514845,0,0,0
-0.4665075273501172,-1.1661976263601144,1.1470526774726344,-3.625850290283068,-0.8933310702211048,-1.9815998256163811,1.494456110610275,1.0901670425508756,-0.4089155349199863,1.171376955547052,0,1,1
0.10032295575614611,-2.6074033734754107,-4.117799519156344,0.7461323585366635,-3.980628679272231,-0.9110302952527634,-0.6817261116708263,-4.497589141741419,-1.487177814550033,-0.2618429647837387,0,1,0
-1.0535226203160315,1.326407996322108,-1.440406241523153,0.9996577789559238,-2.6434417858340886,0.42341140406164457,,-1.5060574244115243,-0.13308442792068725,0.12840462250015294,0,1,0
1.2186081743344965,0.3726276996876645,-1.2326751470630755,-1.029801032204137,0.6619987278281034,-0.15722817961589286,2.9439878885115123,2.4257554945565545,-0.3501910303540016,3.566274063219659,0,1,0
-0.445083285623264,-2.0395171070564677,-2.2283961734993643,-0.33168726186819686,-3.397099885636093,-0.5327148483035236,-0.7449437859573023,-5.709269847870086,-2.115561414118679,-2.297721954632652,0,0,0
-0.6665562312330459,-2.151700723814646,-0.3309402402717785,-3.695872662156177,-1.1450763518097054,0.4048660275561047,1.860719656061011,0.4350876505003103,0.8741698718964994,1.6025200678228337,0,0,1
1.4165403509931433,-1.6985366591302267,0.39908289595192814,-1.0444108513662578,0.6620308222765787,-1.981925746598428,-0.26506141051937904,0.3177973073821625,-0.0026780875581322683,0.08348822814289504,0,0,0
1.2092795388889936,-1.5446580945717332,1.5336851074849158,0.7452707158196799,,-3.107470561021778,-3.4991434386768843,-0.42032413963695303,0.32474332035109527,-2.292683674001015,0,0,0
-2.079697035146007,2.3196206278400684,-2.830093710930481,2.2508169542049608,-0.05171144950643147,-1.3250555096247023,2.4876253402569204,1.6977921617798484,-1.529407723231631,3.8112114037727003,0,0,1
-0.32760752609211174,-2.7542108182456975,0.6706230884703365,-6.058693550791582,-2.4864456369576593,,2.142781228711109,-0.8089415320713478,0.3459436679800666,0.46818679120639745,0,1,1
-1.21028911423038,0.7261959258848825,-1.3564273110788916,3.8417304773067236,-0.2934513430792409,2.519627263950955,-1.3080730216383858,-1.6465285489808577,0.630665409887673,-0.9826793229138774,1,1,0
-1.8523425031098761,2.659369126771556,-1.503105389823932,1.4999439334281126,0.6798198968606581,,2.4809057248501176,0.17318766633107052,,1.881520514150902,1,0,0
-0.5384998869943409,-0.019323324069317138,2.8870183202678743,,0.5464693970123451,-2.3193496746300752,1.6685841548330982,2.9665561476638063,1.3627408269989625,1.308108597965581,1,1,0
0.8639742784118608,0.06880969078183496,3.322228727594306,-3.7267307886964285,,,0.012333349279518568,2.4784168809090943,,-0.06344013668613184,1,1,0
0.3921281254876826,-0.1975477174352248,,-2.6168871726445255,-1.569213350743401,-1.8846559334758912,1.0063715024491438,0.8857364889421593,-2.0936974501301004,0.851479438296541,0,0,1
-0.08524292913945923,-0.5563276156423873,1.173275444456251,-2.169577260964606,0.12703001249579682,-0.0740591788279582,0.7931632601457126,3.039163093864313,0.6017806032986677,1.786651065377174,1,1,0
1.5622442106382912,-0.5561961179893143,-0.6009774852009433,0.2839709254199832,-1.278070248587995,-0.44343181147030764,-0.7438949857526792,-2.2867050222313505,-0.1575619555537773,-1.295494307569234,0,1,1
,1.8148490992894097,2.497727178985146,,-2.1543805400218474,-1.9501931385692215,2.2395277406230623,0.9668424202807553,-1.6865300596903368,0.6416800165813885,0,1,1
-0.49826442644124913,0.33826853841201665,-0.8004038271618831,1.554077437383013,,-1.115495108451889,0.7626129016628089,-0.30879421987289724,1.01013071434825,,1,0,1
,-1.2916109448327493,1.39596780757404,-3.4771725050059605,-1.982248129523137,-0.9915492055361863,0.42360906809440246,0.22728810779301822,-0.952398385130473,0.024484204083084462,0,0,0
-1.785025839069702,0.966584190347059,-2.1463128373638463,2.1488121279262153,1.588500707331891,-2.745286024968558,1.6181248089134361,1.8438661108699954,-0.22821753443453083,3.1372903095752225,1,1,0
1.289593619624759,2.117980598578731,0.8844648474548062,-1.6757686858334468,-1.290728826118296,0.2159527206688896,2.16377694122039,,-0.7922540927747564,2.504362868633189,1,0,0
0.5415829319994119,1.3403522039509776,,-1.5953542751533434,-0.6569025204471396,-1.668066999936332,2.2144563342866137,1.9101380254552156,0.176212705638623,,0,0,1
1.0346681017529358,-0.5927777430742609,-1.1183006938457052,0.32152014435112314,-1.3761610982698644,-1.807038886921572,-0.1688191594050199,0.19136188947383737,0.786954564094698,1.0568352823787868,0,1,1
-0.27483237805722727,-3.334799895060447,-0.38771733413238674,-3.4829092145985565,-1.2849208504932508,1.0959299557784954,6.030666507133304,-0.09449561731433254,0.3705020108280917,0.7246708323402763,0,0,1
0.6429931547333338,1.4595647517480161,0.7350472744926466,-2.1926003534581766,-1.8931878673279698,-1.2501210093870387,2.107784226194764,0.980298549045454,0.02796654397862666,1.4883981177729433,0,1,1
0.15856669546860983,2.163663477596441,3.6470668582419834,2.8410616520733307,-1.4482480370831032,-2.820477886255082,-0.9285940251131739,0.9912939406774932,-0.610458265727776,0.855826542253762,1,0,1
0.4499088888312278,-0.5426757576902073,0.7518107353736159,-0.8098838027096615,-1.462271908481111,,-0.9869208266619885,-2.2058673347568707,-0.8294677345802876,-2.0734684181334226,0,0,1
0.15278236710023552,-2.1449571906663603,-1.049417610218353,,-0.1315874790759365,-1.7992562223222515,-1.371255710134303,-0.8091637134901507,1.6019007847698716,-0.2638940368022915,0,0,1
0.43001338002358463,0.660875885389173,-0.3918219367949838,2.335179797747254,0.8224606954532263,-1.4855627655581298,-0.9950296472079551,0.941958362832048,0.431332186353047,0.36658848269267563,1,1,0
-0.712777884827594,-3.0987528986164636,,-2.2702784013276402,0.9288504105476849,-0.42678448129565383,0.8642391853471973,1.8062709858457047,0.006547966636634446,2.0904921941176466,0,1,1
1.353612109546766,-0.03264842650795008,0.539677989173043,-0.6616081221145289,1.6228858937352566,-2.152635108015428,5.481229132893292,2.344170852691463,0.00030496426228980426,1.750397684544225,0,1,0
0.6942110429452255,-3.3882770570145997,1.0898257649198646,-2.937990605360095,,-0.48037268960979973,-1.3217228099766878,0.19402594831361109,-1.4485309420337003,-0.6303316979637028,0,1,0
-0.7090341115287021,0.4191287059231372,0.07944011611839596,0.3237518667568153,-0.2679587710121918,,-0.015737307677869516,2.686149491181559,0.33612290294557223,1.8517011835572827,1,1,0
-1.0381392850114375,-1.8574206048213675,0.36109399925674857,-3.123789353842176,-0.5758377762468405,-0.0678033574757565,1.135728732248491,1.0430262653229623,-0.7071110812932093,1.2398535872428824,0,1,0
,1.6792353185462934,-0.06238982956589245,0.7502195619687184,1.0541755370235093,-0.47193020077902004,1.1877587805045522,-5.41263264914715,-1.910978378545258,0.8113735572260322,1,0,0
-1.273161394159899,-2.6466554188023546,2.9933949018439057,,4.596352105811692,-0.548030554131438,-1.382761671030425,-0.13046015603576233,1.132405540709269,-1.8667030788955368,0,1,0
-1.4093568568365213,2.0327758326039884,0.517166554366036,2.846241064012022,-0.5969791856242259,-1.1993629055975479,-1.9471196247193525,-0.9629621882522135,-0.09605508617007594,-1.7862408365258124,1,0,0
-0.9893782707397202,1.3532600183658872,-0.1518898549473563,0.29880419508861367,-0.07654942493331252,0.42094737818439465,0.9235747238976536,0.8875696240207664,0.03202534336821736,0.981411693362134,1,0,1
-1.2570530746434425,-1.2176140232135944,2.1210750951911836,-1.1662833606659755,1.797866090155527,-0.8490996928253497,-1.0194787939065786,0.5450677454931683,-0.2753225280871538,-1.3508281079093933,1,0,0
-0.6378040674775352,0.7205003289491225,-0.6792844513485511,1.1582673564638077,0.9186976885850844,-1.1297888931260827,0.610102738453772,2.4030250348535174,1.3350518667941367,2.1970270109861296,1,1,0
-0.7017273465958871,0.3938779294636334,-6.313012632770554,2.6890553927481107,-1.0569543610810215,-1.199140647584487,-2.398129886744698,1.3415588259814761,-0.32325695304860746,0.2287214226302495,0,0,0
1.0394413922305916,-0.4115384528830006,1.0554500053292983,0.9465855788365717,-0.09399627807935262,0.041884304898127445,-2.3517897152753204,1.6878236849968626,0.29060469726179183,-0.49921244820804717,1,1,0
0.27202689662882695,-0.3253118584767922,-0.477971485897863,1.1664777303756213,-0.7880616152834314,-1.44678235365663,-1.1488530004230428,,0.28922194091661935,2.0193032346532203,1,0,0
-1.0152542733462815,1.6691283308392566,-0.7190765235466661,0.2706115190488335,-0.7803121426545714,-1.539556884669552,1.6810237335144707,2.617052675447888,0.17044705041296596,3.0536057485418735,1,1,0
0.99109287659804,-1.601457314051301,0.9139715217372839,0.5945248399987264,0.39861421402157915,-1.0829527777896435,-2.6234668693821934,-1.3864775722127112,-0.9360325130481806,3.4041357896969657,0,0,1
-1.0614976412061874,-1.2109759508672384,-1.7306809813365167,0.03491292304930251,-1.7321859867334597,-1.581063807138048,-0.004654026156600155,-1.3996442442834016,0.2524287572157801,0.47435877354671574,0,0,0
0.48700896780815517,0.5524168190564238,-1.8306386405419364,3.726167090876357,0.5739679711712835,-2.107441245776897,-1.1547279818017564,1.9921029066896696,0.0925313917410772,1.8876388400492947,1,0,1
-1.135119419411239,-0.7456461144524735,-1.772025471475832,3.3612103048158795,1.5664418449847746,1.047452845820982,-3.5503037629745196,-3.021593619071913,-0.8667302333337176,-3.877271098683651,1,1,0
-0.3197402142675043,-0.1768739691499338,-1.285476779785494,-2.405617494122799,1.5411249450891762,-0.47060470037700886,4.382190251801397,2.9769311664234457,-1.1341276624784327,4.580055683726309,0,1,1
-0.4449702029871274,-0.11079579972955744,-0.418263158411313,3.0527853861612826,2.5901676286191684,0.8362065344174487,-1.858927662279172,-1.1399555749914039,-1.7360420595513935,-1.8060167574697474,1,0,1
-0.476098469442846,1.9695612623937513,-1.9104146338718186,0.9541641427179438,-0.2763066803577858,-1.37205637069805,2.602766451707878,3.3721166243149954,0.5627098375725612,4.538980521088171,1,1,0
-0.13609645868164935,-1.6097590078217925,1.0444684463392815,,-1.5431928040500802,-0.6786422427020085,0.6223635003995516,0.3866141858925336,-0.1975293374691683,-429.8251916484136,0,1,1
,-0.3851412857848915,-1.9207135410778162,2.061652036549053,-0.669650970682099,-0.8591401106740899,-0.7826997367779783,-0.26591437209597557,,1.473803524396806,0,0,0
-1.838269734397389,0.6751784806092054,2.865756070768488,-2.073381534417819,-2.226650696648573,1.099953743834023,-1.032127521862856,2.81248143622058,0.10958225043835845,-0.02295330605951063,1,0,1
-0.14291469199318227,-0.9484149331830274,-0.07804850249575501,,1.475242276898472,-1.2708984608331886,-0.9776496979163489,-0.09535073829145069,-0.506402418274334,-0.4860810380949735,1,0,1
-1.497858674779467,-0.46116786973928126,2.6348260594033244,-3.1279371355784185,-2.269998187857544,-3.440465103364492,-0.3655898562771205,0.44685266057628215,-0.5391106607016489,-0.6737102437736339,0,1,1
,-1.4765248706939982,0.07659971543821509,-3.4141968868694943,-1.7604408623350594,1.5513060816029713,1.3681175637950553,0.10250423081151172,0.2223777489305565,0.8567762695488593,0,0,0
0.512583152688558,-0.7606147710525047,0.8582405203106964,-1.753266321814541,1.8054572043688468,-0.05991875689678594,1.1203528497922557,,0.5890230796419218,-0.23295962649250218,0,0,1
-0.07535224125955695,-0.9837900763494063,0.1558314457938773,-4.5579137393136095,-2.5438977680889714,0.9216363120105966,2.5994318455116296,-0.2907905800805639,0.514640239981159,1.2451238411562702,0,1,1
,2.72728359760624,0.38836169648063035,3.2779778510687874,-0.49505647277438847,-1.7516617163285317,-1.5790862079791559,-0.14988065258565308,0.085668338354177,-1.012585638897137,1,1,0
0.7946783230451239,1.9482627044042435,-2.8328741972081506,3.0587409658565683,1.5821531077101785,0.5337877172895824,1.8077804558123016,-0.9102776244070221,-2.293662022370661,1.3894005019917417,1,1,0
-1.687741408124364,1.9317744649008217,1.06555662198608,,-2.0011085063649516,-0.676869026702273,,-0.6400547724314394,-0.24113494438790298,-3.1438411623890534,1,1,0
0.5188806757053354,0.8369658509620285,1.0308969210413204,-0.721438945819013,-1.8605646933771687,-1.318974177529887,-0.16468910510863255,2.5910585871326903,0.02808461703859529,1.401203733491799,1,0,0
0.404962197591166,2.4612398546323675,0.6522603344998026,1.6329225696154952,-2.121404552964459,-1.5632790594121282,-1.028720403311369,0.7916711433843093,1.4602877611748,-0.054125759019891695,1,0,0
-0.45876682966619275,-0.1832808834878128,-0.35146537796759536,1.261907096718049,-0.1604895602429519,0.6622544035659734,10.120000641200468,-0.7166456791652305,-0.3842226148317383,-0.8975231137699867,0,1,1
-0.6045800876541457,-1.7198436890655378,-1.0232509992577041,0.9924292716220277,-1.462474545023904,-2.842027238726728,-1.8833328528672149,,0.8638420936387817,-0.41066540829395987,0,1,0
-0.13738859941677573,-1.3877268498053004,-1.2610751109163005,1.6516745528926888,0.8807345024718616,-1.7546001862165892,-1.0960036838495422,1.084867788726552,,1.05724605393685,0,0,0
,-1.2590925638067203,-1.4694203521207985,3.293248778355243,,-2.142735915467637,-3.562826582910908,-0.31663820384832053,-1.1874061548536818,,0,1,0
0.634252876471426,-0.18355255716781238,-0.38280369415254,1.2876973350215208,-0.9626043165013994,-0.11850643391789217,-1.538224005831076,-0.7208359696313126,-1.264647272286512,-0.8310688713185774,0,1,1
-0.3305531873668884,-0.0334415529178298,0.9990762685512606,-1.8883187036990072,0.09829246339199971,-0.8833259977775599,1.135427615439244,2.0901686091759926,0.663094021340344,1.4449915912573406,1,1,0
1.4265361544066402,-0.5308064054527037,1.517996337227573,1.1681537472237302,-0.8474850796519486,-1.8268284623287094,0.7228818922888688,1.3206155717290375,-1.2524111844855446,0.6994656537796505,0,0,0
0.17492346744196388,0.4246196845915753,4.0763418576496955,-3.171206824661136,1.8729358751187422,-3.0634556922630822,2.3608447842124995,2.562419283593358,-1.136890692399149,,1,0,0
0.762510580763997,-1.0995410333640836,-1.3286976731292635,,-1.4724096543915042,-1.1395160715281916,-1.9929129624743325,-1.8082012690993734,-0.5793405695758157,-1.0227745782942945,0,1,1
-0.09844531417674846,,2.7779850162791084,-2.2740288484655586,-2.366332582037474,-1.8738182516451594,-1.0257341597647822,0.42400273741493233,1.3430080837361311,-1.2487535703550574,0,1,0
0.15575190783128046,-1.7820792299893942,-0.9409032380271496,-3.440430536047279,-1.7362123151246796,-0.3513029528681235,-1.1439668343524234,,-0.10004631110366666,-1.4288584160583184,0,0,0
-0.4240765933669789,-0.6769506766856471,1.6805380661274518,-1.1220642715679232,,-2.6956742813325856,,1.8295933759780105,-0.2634994729260388,0.33020215811699744,0,1,0
0.9903862366113527,0.8980587676854281,-1.0757967879497636,0.783840281137227,1.3047089970969434,-1.0012461295158803,1.6716388462903033,1.8500553333495282,0.10550074979627926,2.4597453327474166,1,0,1
0.8064755550022653,2.0474273808907477,-1.7575033319685125,2.403197589164784,-0.04078064802009895,-0.05040960832254382,0.9281419940958063,,0.7984387259825529,1.7295589612536268,1,0,0
-0.432976265242216,,2.885633438764128,-3.7484012096126746,0.6639188851419412,-2.6101146477588375,1.7103674757476544,2.5284420238987924,,1.0392533377092967,1,1,0
-0.6645854879485937,1.0266094089201507,-2.8178116243946274,3.429133329735315,1.9285211069420252,-0.3046347043922125,1.0851610186351994,0.8114638274436166,-1.5885031364081725,-1.348179643937125,1,0,0
1.5681996905274862,,-1.4826173946767436,-1.8920854185705,0.8200407482696634,-0.3915872255509486,3.5538159315520215,2.377019126050882,,4.005894611856758,0,0,0
1.9546625434624896,-2.842231518580956,,-3.0279592842536593,0.9739702983525704,-0.6230472560938599,1.3664346781120391,,-1.2444360477486953,2.0957960590581632,0,1,0
0.4395100188191182,0.272311491024561,1.228775655358319,-3.6822919062821393,-2.1240326128463876,0.04920555694128237,1.9635846544436726,0.4393237704208083,0.19462857791741106,0.7835441375084519,0,1,0
0.206708916010856,1.1217500329641399,2.743993472138359,-2.4307232364518696,-2.1581026354614687,0.007849475755174806,-0.063268979229687,2.316793661630604,-0.28466455043527067,0.21819704924115463,1,0,1
-0.9299266098691611,2.897017641629368,,,-3.5676493569649215,-1.7536595325730906,-3.9811538047924917,-0.33402814319872887,-1.2249740070298083,-2.2575866991566387,1,0,0
0.802624760078478,,0.8343035068535603,-1.5984781086562494,0.03973020565078489,-1.5982586824501883,0.6035236968126638,0.2618841195025601,-0.5680935515910258,0.16902402633769278,1,1,0
-0.6347954821042419,-2.1597006776653984,3.6243138601250124,-4.504906607468642,-3.690370137107911,-1.5238025290460224,-2.1236307407120054,-1.18151812323479,-1.6131300189146887,-2.988282578079451,0,0,0
-0.5128188094563434,0.005031799554170435,-2.5181243956872046,1.14678606940403,-1.8950282070102182,0.06918311730962379,0.4505071293909957,-0.10813910064537269,-0.682632022012122,-1.317467149866226,0,0,0
1.5658205940941132,-3.8121199017006098,-1.2679309988929475,0.44698923899329396,-0.33768542488654696,-3.141765274015768,-2.365750314524689,-2.631742887995287,0.6208754159067472,-1.55688551114527,0,0,1
0.09898648704025091,-0.47765268757347734,-1.0639718783854497,0.3298940302038651,-4.8777994418968715,-0.5706612353777585,0.03726555728570746,-0.6713620376739915,-0.10743975483696008,0.3293568714483187,0,1,0
0.47849973179588984,-3.003670007116261,-0.37614319024948206,-2.554703846837286,-0.20583456755283214,-0.6433672779062736,0.5099050751711289,1.0043180158018685,0.5389630726557222,1.4157200327615076,0,1,1
1.286050103863426,0.37975287842374783,1.2987107511001863,-2.4523059138111813,-0.3742707700569544,-1.6110039994999599,1.6282200135600737,1.8713756154391321,0.5669802632671008,1.4606879396832713,0,1,0
-0.20486063427138504,-0.06854977839907239,1.4731656600530514,-2.888436856855617,-1.9437522535683196,-0.817011747055575,1.248874084453793,0.5259147851775166,,0.23297273032723884,0,0,1
0.38816803343394224,0.1626952574268805,-0.47687369588200235,-2.2844825413220007,-0.5849758229328217,0.016487974891053803,2.767128305057507,1.5140889860326805,2.0503966511115097,2.6217269559382252,0,1,1
-0.37440044799890676,-1.5195725544789143,1.006608114521673,-2.5109417266124336,-2.382914732090636,-1.6386645165523155,,,-0.16224853995849545,-0.3065199649094638,0,1,0
-1.3301895155535037,2.0850274544934515,0.5767043577160275,3.570151732717799,-2.0918120759886865,-1.4946903339217712,-3.2927928294305695,0.18627373366438515,,-1.4481430956774899,1,0,0
-1.1476626279477486,-1.1449677464551133,2.168948703250976,-3.0873043733380676,-1.5320965449620934,-1.8576549797826019,-0.3364880260117682,0.6692223709826017,0.36882441224866147,-0.4481633088385779,0,0,0
0.05139196897484001,-1.8806564659083003,-0.9427633047727528,1.9325441306082334,0.3714616875142127,-1.9707576385412469,-2.313552778777583,0.8762904965161329,-0.26064884989492215,0.30174026550648525,0,0,1
-0.28302160553892824,-0.8786906690018204,0.520549279288391,0.6488942653774579,-1.2202501549046576,-0.37602060974789375,-2.465678572444933,-2.286158669921603,,-2.7001373536207867,0,0,1
-0.816740866122912,,-0.9658570222095545,1.3068925324880516,,-1.7880277833742233,-0.8732710471210615,1.2770514066616938,-1.6295392999652172,1.1187089626383582,0,1,1
0.7633194514331476,2.0976100647939018,-2.1369887225948854,1.126050235953787,1.1932413778799402,-2.0513450903374473,3.447733413833769,3.9115312081079066,0.06842531120790343,,1,1,1
1.0234334555645097,-1.5507570155109343,-0.48041782393529353,0.6218273599402776,0.650454349771743,-2.893572275820343,-0.9252111573127219,1.074926120852679,0.9072736847917083,0.8450529413368874,0,1,0
-0.9466099102115474,0.9839576655331074,-0.646556407426975,2.348661232812836,3.0818535593377536,3.230394620342415,,0.4344424448254951,-0.3013318614033824,0.30039572072777554,1,0,0
0.03701437749614225,-1.6049261943463005,-0.9056250375709751,-2.8435990649652574,1.2807728619123018,0.25981736538904654,3.0879539965721934,2.379788503836094,-0.4271105487326319,3.4417033120021143,0,0,0
-0.5710465778743417,-0.27567967012098504,0.5321996895548694,-2.078725976304954,-1584.2246482957419,,1.6540583542606733,2.0355662224611724,2.0476519038968495,2.0700917989903393,0,1,1
-0.7991362008564648,-0.3128909975074967,-0.8538611846239474,-0.012659502109108553,-2.3402728124621377,-1.1341134246512141,-0.34311789200884635,-0.9539853435815213,0.3527496086255131,0.10979672090340303,0,0,0
-0.9869126270033162,-0.07404392878535215,-9.00667608666826,2.088230867987727,-2.5047836254023883,0.9790712536689614,-0.6089262521748997,-2.6864831338181934,0.023166080062098828,-0.22268923290652748,0,1,0
-1.5735432233902318,1.3322255815935746,-0.4693602671493253,2.205650800792302,-2.0111555792712625,-2.4744989108295847,-1.318826684331607,1.9458472987415516,1.2395377452342413,1.352563702381422,1,1,0
-0.859386131070751,1.6280414258957538,2.8389920658386414,-0.3554883318091574,-1.737626461579619,1.216043420707508,-1.8462242497034165,1.103080444206249,-1.0800574753017402,-1.6738964974536636,1,1,0
-2.1772818691907796,1.5010452810211694,,-1.5968805434991717,-0.5213985673741357,-2.4626985962494006,1.041435326285706,-4.002361494301461,,1.046469055594798,0,1,0
-0.2407321617440756,1.1275556221569725,-0.6519565646152443,2.5108177428567027,-0.2570100127702444,-2.6835092726358325,-0.8987178381888391,0.7720439874837863,0.32996992499018646,0.6603311475820611,1,0,0
-1.5189951632572025,-0.9527854496149748,-0.16009347603640378,-0.6224829132898131,,-0.2113998048582585,-0.6150736950163869,-2.1454498336899004,-1.077388963898937,-1.3654773640632538,0,1,0
0.6871774750986485,-3.4874376379201917,-2.4872224132187517,-3.679863910906282,-0.4229274879145618,2.616695589824055,2.9513421599969627,0.38738381594954785,0.2742150351301673,3.0607036012090805,0,1,1
0.28114325269156065,1.7141969237916674,-0.9592229919264529,0.9172552459744872,-3.1003301374985104,1.1832851340041013,-0.06563292962634282,-2.1721515733249412,-0.9895804037291447,-0.7744033871763216,0,0,1
-0.8371063267469117,-2.2874246573007433,,-3.5782647431536887,-1.7579272125604462,-1.3331895981063628,-0.692541718990924,0.16230035276821353,0.28347660401898234,-0.7529763642797218,0,1,0
-2.0228761572290894,-0.6559983099735467,-0.9840152296795157,0.7502168743671893,0.6806813277226957,-0.7549505943670967,-0.5360999047986919,1.0437883661764404,0.31643568342645223,1.0193291641517201,0,1,1
1.0549007175973635,,0.12699377250788413,1.2267839362526634,0.6494973220868165,-1.4901047350501764,-0.7725137977323338,0.2072808312363823,2.4449813006664014,-113.91995353992284,1,0,0
0.5919119062445883,0.6741540451218575,-0.49003135833339817,-2.014727964386186,-1.5631706371540774,0.1533878667591777,2.4809914393405315,0.8629112118862119,-0.019153090401341374,2.141639838205487,0,0,0
0.25846017431906904,3.0385543985692514,5.599246324987102,0.061343530686621635,-0.8932731651583601,-2.7212846656548346,3.6441894102636065,1.5384543936118853,-0.32648262377955634,3.5929949458402106,1,1,0
-0.3285532517902975,-0.8998600181083258,-0.45226990185642957,-1.0443865617146637,0.5406706495944515,-1.1649545423157857,1.1609188340637595,2.1129639527948645,-0.10833484736929419,2.3005476404805716,0,1,0
-0.12277142568681056,0.5770032755154626,1.4828458627473833,3.84867818543052,-0.7405935778429797,,2.6752031919103514,1.5911955913620974,0.9023257611303859,1.6643473345906508,0,1,1
-0.32565968059360106,0.3023009080388732,1.0636752800100044,0.8427482738076187,0.42040415787974794,-1.8332482401195045,-1.270256887855099,2.0956566209248924,-0.702541629551626,0.32107744628136736,0,0,0
0.42323480251812673,2.7384487942318945,-1.0858663246701172,-0.4129868419944406,-0.7530793521584993,-0.9349903484047205,3.6185738997187356,3.1999622012822186,,4.407450830233321,1,0,0
-0.09217408005330353,2.530746819564597,3.192842211149116,-1.7069643862939232,-2.8101419071746765,0.7290801819439692,-0.43365184069689366,1.623178734318075,-0.7736509118677243,-0.7444067439268949,1,0,0
-1.1429671986454508,0.6824953455623972,0.7281951209704549,0.8847262942872436,0.0941327083519563,-1.3223870272111715,-0.92154580017832,,0.17790625950620062,,1,0,1
1.17093278612036,1.6597985944412215,1.4156332106585574,-0.31539953068305127,-2.612448945192582,1.044863831535611,-0.7575341190218021,3.8008933707353667,-1.2291949523785322,1.5526841590274947,1,0,1
0.6424744465726187,0.18801970620414554,-0.10247664545613899,-2.2164954820698757,-1.5454732334427697,0.6721647252830201,1.8679869046588822,0.7184331253348103,-1.2715440721267672,1.532713711689215,0,0,1
-0.08443678635553135,2.1416614519413644,-2.0847987148697493,2.789824465904775,-0.8659855609204434,-0.686418068412973,0.6110960446883562,0.1672429604964949,-0.6527362855635124,1.5697986034996487,1,0,0
0.26584964850828446,1.9359342810314906,0.2132187745607027,3.9925437808922437,0.7048908173561002,,-2.2795986718317263,-1.9635431962964005,0.32865949817231443,-2.4800591000336865,1,1,0
-0.6147406161178844,-2.6799291700968415,0.2970553182112965,-0.11890098268293264,1.954125957746455,-3.2070849078015784,-1.2686213335594403,1.2828396662234742,1.2739467294749474,0.33218957191312143,0,0,1
1.1522333855646156,0.6498322341036213,-0.11765023438986688,3.616251614072725,0.43802389245602913,-2.7096176500695126,-2.755644949979284,-2.3307388270087306,-0.32170031193359855,-2.629017739972056,1,1,0
-0.1304148268171117,-2.4257331001651066,-2.3769075375955104,,0.40216206026722734,2.462295287294721,3.8197533942347204,1.2513363955485368,-0.24682333047655725,3.8092361992018082,0,1,0
,-0.08959825154508483,-1.5079102919667067,-0.5509565968152148,-0.9036309727326369,-0.14455780420399578,1.582499595782068,-0.4351260296775552,-1.3178109369901527,1.4108796681891578,0,0,0
-1.79807835994288,1.8881466296960245,-3.4359415246971454,4.953777906760035,2.0956009146902392,0.992929698210991,0.5251465388223034,-1.9859925327235879,-0.9791804362775993,0.30199976790004174,1,1,0
-0.31316152288011356,-2.3211283223831733,0.00946051565236039,-2.385758467848552,-0.6227577058978673,-0.2854362025694135,0.3166690014179502,0.8412162585261266,2.783235142247329,0.978911129166933,0,0,1
0.03650622238552014,1.4539554425674663,1.7006627367334883,,-2.847236403202759,-0.9088397184847926,1.5146308064915779,0.2915191761239855,-1.9619668506783159,0.3164393343074004,0,0,0
-1.068203831454317,-2.5642777620405113,-1.37241042427701,0.980201000374146,-0.522172667785214,-2.6893126321139236,-1.8551858344508672,-1.2668487401084392,0.5395475333610181,-0.4534538144344583,0,0,1
-0.3892111451967638,-5.325252232212661,-0.8936226435030796,-3.827017899785496,-1.1949630266483373,0.6985239322672125,1.1664098901579023,-0.07366858383915975,-0.08096142473677351,1.3429499587776212,0,1,0
-0.847671949215035,1.4560199912170273,-0.3106510956567827,3.6003864948082347,-1.2734077463479265,-2.6794590933001485,-2.5542769152591127,-0.3857519049263747,,-0.9575442570032112,1,0,0
0.3132512598017035,-2.469515871989514,-1.541562165850404,0.9764887992763926,-1.5312008953117138,-1.2746650847398886,-2.2024482374715753,-3.0041134120650925,-0.8111440147504635,-1.6866421976943757,0,0,1
-2.227799557336582,-0.9074519300144179,0.26141116878340165,-2.149826399781739,-0.21358394302754768,-1.5504385827216987,1.3062081110383672,1.6141425330717833,1.4776928730321528,1.7758394323569415,0,1,0
0.22303025758513412,-0.6943193148154234,-0.022313156387069766,-1.121282654942012,-1.6360156418395602,0.5509309884228779,-0.22175311505157358,-3.1817073076821774,-0.4718446211555048,-2.0064099371798867,0,0,1
0.7282381073058656,1.2259472686236914,-1.429178702418425,0.9102410644571343,-0.25051174137606447,-0.7350819840862635,1.5686982702310626,5.220372793940649,-0.14215117360181917,5.026333425737703,1,1,1
-1.013793740969723,-0.17041820862271895,2.2184536775730472,-3.4819332860579704,-2.127163562863262,-0.37863613162514653,0.45403430512205,0.35952696871157597,-0.7235051090620076,-0.4424290654001415,0,1,0
0.558124013083395,-0.2966710390996903,0.6870688030719885,0.5723157326833027,-1.8052192704370518,,-2.207489922382962,-0.7968467356091383,0.761769726263774,-1.5693031955739076,0,0,1
0.9800916201979563,1.5793013789680836,0.08673358818152821,-0.05561640091910928,-2.4157472839753362,-1.0655155971565085,0.43149449999411904,2.821044707040745,1.183375805833059,2.3496456442643034,1,1,0
-0.4867682329547862,0.4386988908723223,-0.5626290509140863,2.703942073422047,-0.10550351154837923,-0.8914661293448781,-1.8288683994364883,1.3852872873712005,0.5444413336690117,0.4579236715762132,1,0,0
-2.3020121801351987,1.4651716359670623,-0.9448535760880002,1.0749046027840172,-3.1290349075898556,1.5906934801216424,-0.5021941112635244,-2.3449870555573677,0.8460119384207664,-1.1155537823135542,0,1,0
-1.0299320803117926,,0.644337106423829,0.44084797771644124,1.8402966478307805,-1.2741606767881797,-0.6861878990262938,1.5407697656472292,-0.6688462928687765,0.27684560975570804,0,0,0
1.2855004964844134,0.9455923142497205,1.28476470849883,119.88508790563579,-0.13462682518459546,-0.7330090673443217,2.265188671981163,2.163014610068368,0.05465612091269875,,0,0,1
-0.25688998392488877,-0.08709082350248765,0.7720468440105936,-0.690604715538949,0.3130277997719024,-3.3182522235934666,0.17657888615909223,0.3435969030523284,-0.39981733107460027,0.00478454683310086,1,1,0
-0.03358540476718952,-1.3687139894439935,-3.3849451402000192,1.9599296783264835,-2.0776021751084466,-1.8744674112178208,8.705015980630492,0.046828378364484946,1.2977738137911687,2.161282011876035,0,0,1
0.708112140184589,-0.4737542984318597,1.4174035907284348,-2.537924507509249,-1.5602166923250496,0.018310819457701077,,3.59017357812837,0.8138412692605569,,1,0,0
2.3464013239933985,1.9906595302721257,-1.787681184091326,0.9341585674609554,0.29608303184913387,0.06549391285147288,2.621180944039881,2.506234128914979,0.6563853008413225,3.6906138070563963,1,0,1
-0.6976628460130594,-0.6773289508648379,-0.8083782071308891,2.956865393477062,,-1.7007236584378953,,1.8128187412435277,,0.6637315101859949,1,0,1
-1.3313494413752138,0.55432074462307,-1.770782808991349,2.4977985535866534,0.8999887351407504,-2.021640009882529,,1.5228006746089304,-0.2197437480218142,1.9027438528731815,1,1,0
0.7939458036321722,-2.522184117802634,0.07346940396805035,-3.180641942921724,-0.7529218359757726,-2.0745250528572607,1.005526904773201,0.809492296509082,1.323760538012268,1.4352432538477886,0,1,1
0.5954953007219735,0.6324710438130241,2.7175696876535804,-2.47949747833329,-0.7064055683546531,-1.9297042008615275,0.36899516427627654,1.8082096043515175,0.1862524599012663,0.10940118431973642,0,1,0
0.8752814266351764,0.5851554849992138,-3.1773730761238252,0.9392127045175283,-1.1261570944757775,1.5926928530528741,1.952478255847141,-1.5429258949591869,-0.19291537109138282,1.5831051301984054,0,1,0
-4.235756063799895,-1.102351432883141,0.8557138166820522,-3.5486556606171833,-0.6642547991047756,-0.4460628946691144,1.7230886381909567,1.1710912142737038,-1.2988035540518614,,0,1,1
-0.1315940821633258,-1.0416758702291797,-0.22583455269599728,0.11386655720042932,-1.5108231802349752,-0.7765269287768228,-1.4013892777285333,-2.023365706120212,0.4266317859767969,-1.5338142242604058,0,1,0
,-0.15074080960842007,-1.910503577733602,3.147192356837508,-2.47737883063621,0.9789640211114032,-2.7552368795104103,-3.0279188757023223,1.0421283086144433,-1.9985382429886394,0,0,1
-0.08669415358537777,-0.01423553496010932,-0.31049043553510325,-3.6921421861312043,0.8904740430974585,2.1320898679397717,4.397499273257983,2.436994407603156,0.04167142213935586,3.5256066907558745,0,0,0
-0.5104985587635958,-1.064666365014699,-2.3526567364363618,0.7984281099693363,-2.289759981563225,-0.13774352567499548,-0.4835051907122816,-3.4093478163506314,1.3542881995844298,-0.8190276648228164,0,0,0
0.2698236323771812,1.0403812221093431,1.7089341977529497,1.1972603892992777,-0.4442743898522863,-0.8607797868848857,-2.181515152412404,-0.8373472651896032,0.3075529177284476,-2.4481474118367266,1,0,1
0.5106788831660388,0.1362345533166316,-2.1659963027997953,-0.03756639491733365,0.8987247090535773,-0.04025836514111136,2.719858703646086,2.592143517190827,-1.609287086687434,4.06346972059192,0,1,0
,-1.2125735250639373,-2.619880242176616,0.2607348408662445,-3.0662155059748595,,-0.10377081554696121,-3.1986094180452476,-0.3615119724504693,-0.2321574622036744,0,0,0
-0.7053283309426673,0.5555652955236834,-0.9037016531383729,0.4810664804931266,,-0.4499572165412795,1.5900204889789817,1.8467642513937217,1.9688588512048761,2.2667758601469057,1,1,0
-1.292429162600113,1.0679146770704941,-0.7124974842035465,-0.20214386992538041,-0.6931046663407412,-2.4544676127036995,1.7673930675240086,2.2497441352819036,1.0653895719210789,2.958025411229261,1,1,1
-0.5426608989740664,0.829276313529421,,1.7994425113233252,-1.2190998200359107,-0.05783617368039251,-0.3421468744306423,-0.057167426166339186,-0.4083366806456837,0.6773318283802234,0,1,0
0.6989037915017654,-0.576507669018621,0.5185603571137816,0.6675847839531218,1.5900084421164533,-0.1968781797893261,-0.9625661043038776,0.9090405005464488,2.2448984141487265,-0.274155047099471,1,0,1
-1.0869238165005535,0.7829737846506074,-1.0433770712941253,2.3046735824587925,-0.8329281666322912,-1.1775353095280623,,0.8347232313557504,1.813463857298551,-0.25562683579581397,1,0,0
0.1724198520913992,0.8148029546987525,1.920994151428669,-1.8264715235994717,,-2.1182603302979714,-0.08858957122597522,0.6218979436887454,0.24655209549731796,-0.2379976843883423,0,1,1
-0.28982190886839687,-2.0127643531047097,-2.603955381827473,0.7322450981203056,-3.6079757753497326,-0.3251181590671247,-1.5505716208012679,-5.021883467579599,0.5708915863683052,-1.9948022303811512,0,0,0
0.9279735374200438,1.4052103848496216,2.063679185945883,-1.6611986777675793,-0.5542619237821544,0.06051779933976964,0.705372543427204,2.0356764685057653,-0.15134573464928072,0.5215058221284026,1,1,0
0.24893461186111668,-1.5052237952302459,-1.6402043903605181,0.2141791241122707,-3.1310189858141677,-1.3567830028088863,,-3.2533267914116637,0.16845076993249436,-1.1791331868789685,0,0,0
-1.193718782268727,-2.359933352820538,-3.909084975694485,1.505180641216541,-2.840917172421536,-1.2171100032822524,-0.9071380104224152,-2.6813650080407605,1.670718296177581,0.5951515614956188,0,1,1
-1.201212818893263,0.6770026477819704,0.9662382642270415,0.01597523552750482,2.684217445242334,1.1373383177854266,0.6690039470816482,0.5615402236643785,-0.8377416743488576,-0.35623857994103564,1,1,0
-0.4197697123668127,-3.709533596555913,1.635772923177882,3.587987370782031,-1.3194760067538103,-1.707994215852386,-1.0033728545758813,0.0707442957085378,-0.6768107355463147,-1.1059375059507437,1,0,1
-0.32051772366596937,-1.4961320978384336,1.4379763393818221,0.05800818409075865,1.6046755732741218,-0.29661941464990393,-1.9322546236694813,2.5215948266052193,1.3957074818675057,-0.075606347373495,1,0,0
1.2040011300856512,-1.6727442860035913,1.515867576374383,-3.5969761869493486,-0.7181283299989427,-0.7093040566053216,0.6496855244468255,1.0363140357096827,-0.4569940385564593,0.4382859733166871,0,0,1
,,-2.6039349965922365,2.231568008896272,-0.7866802546093599,-2.771350086725816,-2.0454162399572104,-0.5023490837786542,0.8982968712060478,0.6933300223396496,0,1,0
-0.9962990145453348,1.8813865024488443,,3.605684589990782,-0.6060610384834326,-2.0947252467892303,-2.4021804552101775,-0.8151920329117945,0.26483599651798184,-1.5854718248630797,1,1,0
1.113599751186509,1.4725663734088785,-0.16452900065259712,-1.4840530659274893,3.2164556716903374,-3.113719750328106,4.62836481327788,2.536916213693952,2.071255454154862,3.6811998688988994,1,1,0
-0.8166061871395836,-0.8955663602505227,0.7303895548896919,-3.2495338345018787,-1.2776383736024148,-1.3803171020522498,1.5139565205489898,0.8183886272663023,-0.10559295928867828,1.2051082740785606,0,0,0
0.31162882372473,-1.3975227158876335,3.4826351414517127,-3.1366105925610115,2.3379079437903014,-2.0287925411858487,-0.1052766015973603,,0.6943993421472372,-1.2799819955673155,1,1,0
2.0850296762606915,-3.607948242382017,0.39443529314941406,-1.9503930230462094,-1.8044113617402853,-0.6519293841960532,-2.088929584444635,-0.3323412917097661,,-0.8497633688534509,0,1,1
,-3.9077899565357437,-1.4110894700136067,0.6593224982049427,0.9854605300789536,-3.017780581387317,-1.939172660785584,-1.3516305170650171,-1.0168945142376011,-0.6032511459259904,0,1,1
-0.8811413088777623,0.11884954642640799,-0.18890836301577596,1.8363974473826394,2.01245976601315,-0.3618948389054385,-0.7187748229720927,0.7752976206466365,-1.005712980422521,0.04830111639890173,1,1,0
0.8930043681997122,-0.41549456324013945,-1.2394041134962086,1.2406037394360683,,-0.9405658129243752,-0.769559762136955,-0.36912840521328016,-0.08883214084491302,0.32338418166287286,0,0,1
0.24611772945040425,,-0.8921788819489349,0.6653982344053361,-1.4138951803162183,-1.1584633042800243,-1.115064843178585,-1.0865520355364888,-0.837612579488768,-0.39360313817875725,0,0,1
-0.896084697880049,2.3857167991041077,4.95088917808723,-5.104678033414636,-4.192403267300931,1.4766657721701186,0.6242716078449042,1.944516120441968,0.21386223282894956,-0.8830878257775312,1,0,1
2.111613218417973,-1.5340537669725962,-3.059321329603619,,1.8926668265316606,-0.5454722160815104,3.570045165977844,2.832030113048953,0.5227667423667182,5.1420117358476665,0,1,0
-0.10858416178038999,-0.010033872192443005,1.4033472532107187,-2.466178200454281,-1.6891814462729382,-0.8021594313984204,0.5590976506500349,0.7851632655913607,0.5980922727774546,0.3097798194534142,0,1,0
1.099073062553966,0.6279765326140929,1.8226253089220767,-2.657888414181624,-2.213429665004819,-0.8532079345690857,0.6577229894638719,0.5679164432033255,-1.366246629397111,0.007682830976114277,0,0,0
1.0468009034913464,,0.5780337077083461,-4.6030357208622705,-2.1053549084899843,,3.257500579779275,0.25623616853903575,0.14731885903139533,1.553903644397658,0,0,1
-1.5939125266840073,-1.5969149638798443,-0.5087003171394917,0.27597331967776617,0.5529839175342,-2.634325205835135,-0.6519937131478262,0.631718926888692,-0.7260041032460013,0.6823995133998075,0,1,0
5.398402523833908,2.735034390520683,-2.2978939283466824,3.281088374554129,0.47442276821591023,-0.2666785178421788,1.3314856147531784,6.084885897069391,-0.5749088287057034,1.608587932381297,1,1,0
1.5921979140381801,-1.166409796846454,-1.7489476207206658,4.533361135943214,1.3141888995768847,-1.9262170183424823,-1.8712610343172487,-3.8404013474295864,-1.3232573567685475,-2.861860680696192,1,1,0
-0.015113590085947844,2.3821978732671334,-1.8105111164679286,2.1394780640053743,0.2394729460623105,-0.6788746005439079,1.6807060359418502,-0.1629116659887655,1.57861539047863,1.5265091707293132,1,0,1
0.05463944164503786,2.3579738739016407,-0.7111772049726808,-1.1984650312763852,-0.5329240232745827,-3.7133665996355414,4.101817084624649,4.075091984467947,-0.7926228303711832,5.261665969494432,1,1,0
1.0774164988521733,-0.12552318484652425,-2.5191447375604596,2.3138259748211496,1135.5672673794054,,-1.183762574978581,-1.690308491219954,1.215325970476457,0.034671046666491304,0,0,1
-0.1465182790115405,-0.8814190456130039,-3.438239820704686,1.3295824354393004,-2.877018704967046,1.044022153133759,-0.1661983324739975,-3.1526304927420803,0.6186085476102836,0.05586542018082046,0,1,1
1.3919956981126695,0.885385164992922,,,-0.6065606151243648,-0.7858831028975792,0.7401242771363505,2.243986804927516,0.8305502903301341,3.7245021610590037,1,1,0
-0.8031922951270563,0.7432982493504332,0.24090921841159318,2.1332163837227793,-0.8035864440331573,-1.8303310787265952,-2.046901626939535,-0.922070142956873,0.7726229859680331,-1.476063231402804,1,0,0
-0.2544367276856635,-2.3821904433592183,-0.5239400806365204,-0.10316067003040441,-0.38341756175079833,-0.8988029737116068,-1.5358320985463345,-2.787570652631053,1.364869373855072,-1.9877760939317648,0,1,1
-0.702063562355312,1.7329508770071582,-1.731818475314466,2.889383810906329,3.061816645818471,-0.5281511719455185,1.4786951576424991,0.15536774491399796,1.5027276807992853,1.2596550076116841,1,1,0
0.37709472744234446,1.0151912583707894,2.816853561537509,-1.2458007433175498,-0.6738535865574806,-0.09968652868947947,-0.8854916914728694,-0.21121040891791099,0.5142655924148591,-2.0772298075860585,1,0,0
-1.7000721649783064,-3.133117075619802,-1.0607809091090814,-0.5276352948456952,,-2.9488651967728803,-1.3731399218681937,-1.8902243292328336,-2.88201336316803,-0.6588275506790701,0,1,1
-2.010027622744882,0.13221126973528374,-0.7843570617814059,0.6228635160809075,-1.4384643329008093,0.7541105082730533,-0.4958078454096009,-1.740695198760728,1.2700861476800949,-0.85023806452019,0,1,0
0.7332158376215936,-2.0398229705824313,2.5386085294388936,-4.01936935659592,-1.199086276622317,-1.9337422687973662,-0.32546642605666687,0.7024065649675317,0.6365420380756676,-0.5985146651345259,0,1,1
0.26140450254721065,1.7402717257478275,1.8056306059476137,-2.9963923231269627,-2.857586548856629,-1.4309440871255992,1.7237641482067345,0.39802849911387794,-0.41451621746765044,0.4552175451233134,0,1,1
1.5651034055742439,-1.5109918976117345,2.4271371958602552,-4.194124743259199,-2.4964533689324573,-1.2517314247851543,-0.2271173093815464,-0.19401613802466544,0.5003332073206254,-1.019511697216658,0,0,1
-0.761418967877422,0.3735289159046393,-0.19989172315492665,3.7705559046779706,-0.6044976397840458,-1.3939380686507687,-3.5780890925403304,-0.8597570805072219,-0.4785053803239208,-1.938850118033021,1,0,1
0.8372094867286812,-1.2187734299968378,0.4382941246233585,-2.807900001378621,0.8398802365484228,-1.4220796670295528,2.0144936597730716,2.302846836136241,0.7237994164444209,2.337507135965667,0,0,1
-0.4165940456521597,1.5206387993935235,1.004408348244512,0.905033229117543,-1.7042292948848663,-1.5863749902372857,-1.2316828367523887,0.39420822885191154,0.11349434622574224,-0.5952353435350174,1,0,0
-0.5429757067720121,,2.3322132402527593,-1.9430023645207521,-0.010634681900763332,-3.4764453886174906,-1.548650739026293,1.7326471415293525,,-0.3831517845820372,0,1,1
0.9195605468628252,2.1543321588650617,2.1700361625524347,0.08679338946583053,-2.820618895150782,0.8705503435130493,-1.5914346391317724,3.09397864870323,0.837853794767805,0.28586694852076044,1,0,0
0.9182428214350015,0.24503857799639817,1.8674600797634455,-0.7750523353010155,0.033400421062926844,-1.095839450185251,-0.6663324562046963,1.3300606580380383,-0.1277072071486352,-0.3678759664389218,0,1,1
0.8934728944259902,1.7530494806207844,0.05075384239084957,-0.14571277771080007,-0.6388763975856702,-0.25574700018617447,1.3924852217479322,2.8028774512298904,-0.5199418374222072,2.4786736011505517,1,1,0
-0.07090810708075847,-0.41001441087461243,1.7821768675949177,,-0.20070371571173817,-0.6941670916304046,-0.2666592219787002,0.6153911049886116,-0.8045426146940825,-0.574203446615409,1,1,0
2.0732567066828906,-1.965247707398786,-3.155475050187459,2.0222276898303773,-0.8106476116176442,-1.5176566884955764,-0.861449052763266,0.9083342704874078,-7.444590382627875,2.336495460149377,0,1,0
2.1907855142107007,-0.34718922425023735,-1.3079111294813348,1.6386210036745916,-2.4793117509180336,-2.3538705442295256,-1.9267784820421583,-2.4469088386788966,0.09704062724448921,-1.548837238071421,0,0,0
-0.3487752610068693,0.7907783872014092,0.3702705213371309,-1.5712476960550361,1.802760657696541,-1.6511068881595432,2.8130899619443888,2.5160468048729436,-0.0718131428510346,2.679928783267909,1,0,0
-0.28576471603635617,-1.6840513012396126,2.066810195418899,-3.8610853805662866,-3.1575450609792757,-2.0112914692946617,-0.26180335831363055,-0.15426058251540042,-1.1162901703011392,-0.741483899502303,0,0,1
-2.5315831285012456,1.0810520745335703,-2.390544605279864,5.10523981359108,2.161728527961934,1.473105659605337,-1.2654744527887094,0.5378965294623411,0.5661209469499078,0.595073429646761,1,0,1
-0.027555936515566763,-1.2286360607275393,0.3888258461901566,-0.9999950763016522,0.23582253560295707,-3.591425963699695,0.08260924519445823,1.7190329962939788,-0.977284832042969,1.3592823189521444,0,0,1
,0.7810995499812561,-0.5774267927854971,-0.19768327780512165,-0.11145130400016767,,1.604324360853,3.7346771437849777,-1.9416940474929452,3.663375633842201,1,1,0
-0.13655710920313543,1.5087184168348582,-0.9832613040363793,2.30649510020492,-0.8677204189405633,-3.2393518290640744,-0.24249315010308392,1.362266566841768,,1.646885603163135,1,0,1
-0.17138267427367443,0.2921883871027512,-86.58617811530905,-1.7658056959885307,-1.3082414012803398,-1.434657323932312,0.2790274115527649,0.6548410585414723,-0.2410589338319876,0.06983788172377728,1,0,0
0.7733416946447087,-1.2560348981287326,2.7383249416078916,-3.3117266533099126,-2.6696588092987255,-1.5930465265836813,-1.2793649913332277,-0.1723470250051331,-0.4233774902357365,-1.6267946441813177,0,1,1
-1.2745102093049272,-1.4726324135939686,0.06278845006350231,,-0.4391808395304213,-0.8079583397495043,-1.1086604367069695,-1.4409233392334828,1.990147773818276,-1.276417758785764,0,0,1
-0.10084134754457509,-0.20836343775611654,-1.4496676921526177,2.631653530283393,6.737107536997857,-1.2476165767822605,-0.5700248970133469,1.3856173898521607,-0.6001564950088275,1.3472958465339604,1,0,1
0.3286782423480826,1.898188926385834,-2.048472361193092,6.165479333160732,0.47741271328591783,-2.608313198632185,-2.435397693481922,-0.9032471060795917,0.2036604227261782,-0.5624460280045335,1,0,1
0.3757821336847739,-6.791060902800619,-1.7780806555964555,1.2190570349826462,-2.0111966002018984,-0.07156398829139476,-0.7463200568558473,-1.6680620453898118,0.4400506606935736,-0.18167096998535798,0,0,0
0.877909797753002,0.6045314493491835,-0.9124242074099179,1.565786918683207,1.5302324712178126,-0.326299231257171,0.4381341764380138,-0.17279560046243825,-1.2321984663131047,0.3726926227074572,1,1,0
-0.06677081771074578,2.490064428646784,-4.786388022298976,,0.8647438397398453,-0.8409036383008843,1.7263001002510507,,0.7191833809492872,3.647608004560866,1,0,0
0.8017851843284858,-1.1083499830513706,1.8411508012773175,-2.578959435962136,-0.3271390915237674,-1.300298472389522,-0.024325110133215366,1.567778313437867,-1.0063080055930869,0.2654552025493469,0,1,0
-1.7236853785590116,-1.0064159281578553,-1.4548150520033305,0.738317798878381,-2.02271224951091,-1.5882241397893369,-0.9408031939066517,-0.8268286311952198,0.8550016347102224,0.29850550225489125,0,1,1
2.2715744589045603,3.2261507026294454,0.5896389680406089,3.243949529081934,-2.0094884362677257,-1.7479307729999114,-1.9813865372669264,-0.6487071950081409,-1.6482497187130287,-1.4780018086586935,1,1,0
1.1093715694592854,-3.881367027344987,0.10685200998431876,-3.32392576887781,-1.0535818910942145,-0.1533619181012702,-0.3190423411504675,0.11550737178388215,-1.1391821242637497,0.30100941861831093,0,1,0
0.31451374380269603,1.2055610923150593,3.8948542978796405,-3.6149519037231364,-1.1192112313576166,1.0867663738632576,,,0.15167318580140368,-1.7366421238478078,1,0,1
-0.6331863393652334,2.792434610453846,-0.850403983346153,-0.6219034248014581,0.5865025454955007,-7.306832646287638,4.377414933842077,3.318013069516874,-0.5249265207803991,4.693036209082874,1,0,0
-0.9330279708412645,-1.7195495352979981,-2.0344810839240557,1.2414324747131402,-2.120877887292102,0.3791476602754762,-1.7915701343961605,-4.12848494490744,,-2.104184379139393,0,0,0
0.007431802439666953,4.777100944478375,2.8607722248321292,0.49043890033176224,-3.3196940078342116,1.0227571140288259,-0.7418656930665484,2.3180620515731665,-0.07571440360775782,-0.35625333983155777,1,0,0
0.06666975541378523,1.8577612068167506,-2.849740212544802,2.5242302658192037,-1.09114158444135,-1.4449239357235344,1.4643080791736203,3.8140875225245447,-2.6244111660438847,4.950207381834882,1,0,0
0.6819811693226466,0.08960343638824719,-2.5710833088203864,0.4330367149142858,-2.3422472054937655,0.888026313851612,0.9931909320242005,-2.3781330651277264,1.0917634909166438,0.506840018991875,0,0,0
2.198837038261284,1.6681821513525654,-0.7244961420358311,3.659114025497069,-0.012091062388436602,-2.180346605009822,-1.548744208308924,-0.6756201317616959,0.34335534838630294,-0.6875289515498213,1,0,0
1.871714624315838,2.1174005516233807,-2.092096464859006,3.04467102697493,1.0643668157765263,-0.338050525033608,1.0739537694144674,-1.648060907691152,0.3545902786046827,,1,0,0
0.8321102172211272,0.9915753573658785,3.412270323113761,-2.9229538014399843,-0.8697023795687799,-8.005762712131471,0.5497483284277112,1.9475961625223852,0.5469684731271998,0.07724268744909417,0,0,1
0.9756112764618219,-2.0085676099724212,-1.3969942024829756,0.4970454436818333,3.030501333355396,-3.1557751843173762,0.7451523644892828,0.9496442255300308,-0.11146608277941604,,1,1,0
1.9713506490012904,1.3384445433521952,1.2654266122024485,0.4130607277560689,-1.875132646438828,-1.3695608529121894,-1.2563848487073175,-1.013556067697872,1.6665893433755425,-1.6784855192336312,1,0,1
-1.2881107300675272,1.0578641711785655,-3.573433024542471,-0.4979391368410802,-1.7932825161290942,0.39796504758742945,0.03684336314133674,-1.2497132713446983,-0.3001556002227654,-0.8654545206771185,0,1,1
,-2.8951392083473095,0.9628093524170513,-3.1624552674816218,-0.3656964779375351,-0.997199368780616,-0.11087870614748896,0.986847174411351,0.7731318638032247,0.4246686600544055,0,0,1
0.7565941185064321,,0.6469959857830075,-4.462542450324964,-2.5820364847807427,-0.3047730519268461,1.4565777977968275,-0.48673318033948676,-0.20478525760573577,0.4865152087806222,0,1,0
,0.259599712709207,1.1264278411834185,-2.2088656393487547,-1.027928687942357,-3.281388350890777,1.3110075995107815,2.1274207676190175,1.2053695557844908,1.8284728234052816,1,1,0
-0.5936994269872572,0.49658085626844195,1.4723861889141223,-0.4501750735740656,-3.0531681684547873,-0.823056178830962,-1.692546041318849,3.175574273850226,0.07451238509633384,0.9814505943573852,1,0,1
0.4810976654282442,-0.2567432323890757,-2.537496651189949,0.6675346849266169,-3.586415206503591,0.16469792687528417,-0.04220480308575991,-2.4259477509698053,1.431310968376464,0.2339452742480574,0,1,1
-1.0033254574540318,-4.17697135051081,0.14638870441967722,0.9510065510461465,2.156109460436786,-3.174288415512535,-3.4486200944268837,-0.46317143701656327,0.7078845144122309,-1.6864176246652616,0,0,0
-0.2961395798337102,0.47477477530618306,0.5249427563105855,-1.304948881933975,-2.0972185899519977,-0.6720417520259334,0.5075666106804497,3.650715058381525,-0.12337891034350469,2.699637923403539,1,0,0
-0.00541133465270806,2.5673671751924374,-2.0161331362749237,2.004868758352769,0.05817947609123153,-1.648978562514678,2.2112874633024004,0.9942353777002265,1.167390678701151,2.7602658780136777,1,0,0
-1.0389734837147642,0.1708261090761125,1.26550941635714,0.19389604051351758,-0.5277738347867408,0.7554720284040517,-1.6300682809393718,-1.8418039485531852,1.0254065707512867,-2.696601442878511,0,0,1
0.1585496531596428,-1.8960573429761771,0.3465595090313254,-3.211046161612214,-0.3157407533536025,-1.0592838973771406,1.407661734472383,1.2680080057043008,1.1754540123391348,1.5827816842643394,0,1,1
-0.6799666949320253,-0.6616549037384127,0.7505818624645197,,-0.3596987861615295,-1.731160130870931,1.4120914910837334,1.5925276446946992,0.5033287738455666,1.559027866288223,0,1,1
-0.20794759887404865,1.6588867722821705,-3.383524082932636,5.085957095392147,1.9522469884362088,-0.08346516704537787,0.1765739378986626,-1.8950336237122856,0.7661375845266774,0.3064006212190222,1,0,0
0.06740808506081973,1.4021721570255372,0.5484011765224761,0.551143759352805,-0.7519091676609585,-1.7232670219212158,-0.08445547291318745,1.0373686664780966,0.0935454593861461,0.5116360450643155,1,1,0
1.0814065443924832,-2.232486508699436,-0.6963068633436673,-0.3518483993450472,-0.16575315766438237,-1.6006425818242698,-0.7974360237355197,-1.4880277757912912,-0.990604337075828,-0.6558919462564046,0,0,1
-0.19845643954403597,-0.7598825098678219,1.6734039036192483,-3.8777715270633677,-2.1538115859792764,-0.8109545457591705,0.9261997014516058,0.25149877705993484,-1.8290944139212169,0.08865133425747822,0,0,0
1.469643886658424,0.050719520862514744,4.781860873131319,-5.918802545570659,,1.3538084609391494,1.187760868496786,0.17693749048724206,-0.17702945591481717,-2.020086502470731,1,1,0
-0.13244471969957244,2.1702818161408874,-2.1596062512910295,0.45683790130126123,-3.392373669222245,-0.67404407750643,2.176440975663187,4.4132225148890125,1.0045978671244824,5.514575501339721,1,0,0
-0.9321610548653619,0.37242384040583554,-1.2994601872684555,1.3835799797632224,-2.552211820464394,,-0.768376288102911,,1.217167134896644,1.3858307022075333,0,0,0
1.8218953159260207,2.373397710633272,0.7224220683485363,2.3200856840489075,0.09776018455913182,-0.38099186771820204,-1.042680904512971,0.6899507094782579,-0.8580870493455784,-0.5644538878010188,1,0,1
0.18161521479442014,-1.5589705170842274,-0.4603652750665842,0.2904137482503313,-2.447641108550182,-1.4404412857021835,-2.1382743864077263,-2.284052826528913,-0.8458414890812802,-1.6978553977698256,0,1,1
-1.0674169858886888,0.5708438281705889,-1.5847812421886784,2.0193223227184016,2.011793993383139,0.426408352524543,0.7895607973698217,1.769687697988457,0.849381577377611,-2.412074806416695,1,0,0
-1.6117850634872015,1.5425405848932252,-3.4704565594621184,2.9438527793390703,2.67319537133236,-1.8140426023314744,2.8792773353645496,-0.532425072675077,0.15696862704876002,2.5867883924288333,1,1,0
2.038641925048266,-0.5527913790495713,0.04119421228185183,,3.02343887374179,-0.8073940526242208,-0.01080814837133981,1.8891251106001836,1.2668036084433343,0.9490211579336449,1,0,0
-0.1614471331698672,-0.575432092644873,0.2305806952029208,-2.887823855896797,-0.5930204471072936,,2.1434623458167557,1.3625991758166245,-0.07011414407803107,1.9628854746577689,0,0,1
-0.8750446944279707,-2.326114781735228,-0.9321019296682527,0.12114738939466595,-0.11511780188954535,-2.0272246453883467,-1.0739664942839109,-1.2509758040898364,1.3759084192989735,-0.4559822206026918,0,0,0
-2.965210529885341,0.6405501659374802,0.13912478991359967,1.8511398883759909,1.617936981224565,2.019830312961693,-0.9788828486211802,0.9652137796676508,1.3275546507092362,-0.3268533788964014,1,0,0
-0.11140413540227233,2.250893152761122,0.3974961254396172,2.114066218692877,,-1.2092028025311357,-0.9166289441341062,1.6301603926197135,-0.09961994978047371,0.5120140658665453,1,0,1
-0.4968990471525983,1.7136654597052285,-5.176796667496452,5.0516001438872,2.6702392674844555,-2.459881433743325,2.5288552191486895,-1.1281300183091956,0.544929188178994,3.0133300672884418,1,1,0
-0.3364355776120064,2.127496475088714,-1.4821751871539017,1.3083599178746836,-1.9741684930852976,2.0646795180368045,1.0431290806947209,,1.5997042010481028,1.4783045945429238,1,1,0
0.9680296071963479,0.5635037280997423,2.5112772738193208,-3.077355600769421,1.6518436131834922,-2.993137532580925,2.1997856613043503,0.9151983159779289,2.3388229415282447,0.2581420483196125,1,1,0
0.6695876908981782,0.7881986883124292,1.5225025465753177,-1.2932852296064918,-0.3329135624315174,-1.1725333648862293,0.5392255024325139,2.299276325470081,-1.2928092899281622,1.0464853881951244,1,0,0
1.2254210614586665,-0.21560205965125612,-0.32407449646469644,1.4680479530883193,-0.1099028361594524,-2.177016545477631,-1.1997953174648486,2.0141475454012574,2.1939251518044447,1.2028712374867614,0,0,0
-1.8929710769218067,-0.26887407336111546,0.1680234483416081,0.3326137046504403,0.22108055844729468,-2.1690226472458543,-0.4246673559224132,1.2440131584962033,-0.18142386111809947,0.7323724221769369,1,0,1
0.7447382697153198,-1.738234884798529,-2.6158899661293455,0.8267304886893417,-2.6588290369284433,-0.7777705358120781,-0.9923352151289604,-3.479129568577601,,-0.8752474703107904,0,0,0
0.23741194901093982,-0.5659496535409172,-0.6871378375815956,-0.1679869394452831,-1.0628793816068687,-1.0742988229693673,-0.026687850118085166,-1.2934386630094106,-1.0041094072061187,-0.22109516227063372,0,0,0
,-0.10872986248746885,2.118327285481891,-1.4964529485914004,-0.2648325159628422,-0.8615111787688917,-0.658966876638585,-0.709286529950029,0.01538756450126866,-1.8266226599510824,1,0,0
-1.260974758908604,0.03366312337578847,-0.7647016981755753,0.720422541587108,,-0.12093881159263675,-0.860893921379668,-1.4765824340788485,0.2577297412110527,-0.6900426208134243,0,0,1
1.9607178320387029,-1.4806235888408472,-1.0235047303402225,-2.6983950257086926,,0.5375123280536325,2.243206325960898,0.8938148637507637,2.672156742628014,2.3515662893003437,0,1,0
0.030504814500427926,0.2011413934433135,2.9996411835466796,-2.8321518221108244,0.4234458755325088,0.6112205677258549,0.3123958030122036,-0.2520699953113015,,-1.8049021743724083,1,0,1
1.2594018029921237,0.16423986850352446,-1.530877110184613,3.0945860581400835,2.773242890443661,-1.8290782632872746,-0.2809847468907991,-0.8284375343029866,0.7240022550000158,-0.055646883951112336,1,1,0
0.748120032251875,-1.241914289908855,2.1119896160806326,-4.408988455047164,-2.6866231132613283,-0.9086607276360079,0.416084322611047,-0.2742752585368733,0.013655663837457525,-0.6273408960716869,0,1,0
0.5185128336026553,,2.0417435650992957,-4.681268430845328,-0.10786137145513741,-0.9332520079696248,,1.4964668331920739,0.41092099388177106,0.773030848518363,0,0,0
0.2976689153127944,0.7268705794026131,0.2609921318615014,-0.21086979373918643,1.3349869512355668,-3.680557366501831,1.4002322105496194,-1.6118446392372294,-0.21311375409278915,-0.47172764776472215,1,0,0
0.7963100828535359,,-0.22371611121593793,1.4047550022527089,-0.007887788109871785,0.7984088919168892,-0.39372676939306217,-0.3988084878468474,-0.2624968604607547,-0.47677297211488856,1,1,0
0.9973392257590772,1.4108883847464726,-1.7341822203261241,1.0253903572846266,0.6808257980682628,-1.2030257470754202,2.2437244030522905,1.9369271239068881,-0.1193093118030249,8.938979465797951,1,0,0
0.49636624363496584,0.4750391821346899,-2.1033295797524243,2.1585097426009754,4.162963759379176,-2.648006205286685,2.1192852809735507,-2.5693214942846185,0.3625110113441724,0.06943668873948565,1,0,1
-0.49260287110232015,0.5952056159032832,-0.25518911209669404,3.2630887200283385,,-0.795191593910265,-2.649590582690461,0.5337810059034305,1.1025269564560145,-0.669478417564485,1,1,0
0.4634449381160623,-1.7077010107183979,1.2655570895821355,-3.723175517429665,-1.8673929798295057,-0.2637632467232517,0.44484703581464147,0.13400676702273573,0.07268946303543318,,0,1,0
-0.18445447065456805,-2.4511138105882004,-3.186777883018925,2.7737517973923795,-1.338721806664849,-1.2907142049795426,,-2.2491830839027416,0.6778400977178844,-0.366471959953563,0,0,1
-1.6270019227815473,1.5222736868480993,0.9688363733339448,1.5075584091619467,-0.24552961370907367,-0.42221754016109114,-1.3106862744507075,-0.02926742748297073,1.2626258523490483,-1.1964744216285481,1,1,1
-1.2275242426383912,0.4504397310529984,0.0893698558655569,-0.3257753590436548,1.256076818432767,-0.3325260277403852,-2.377594980446238,3.7680857835239405,,2.9060797985521174,1,1,0
-1.1795174566405118,-1.8774270822446502,-0.19574563039860116,-3.194643995795254,-0.7314749842933284,0.56609366050251,1.6102454782904216,0.8310021604327991,0.1323090206885346,1.5884304279256207,0,0,1
0.44047979738721704,1.9446974374727035,1.230903254453203,1.2561498297204277,-0.0340457711826474,-0.8443705781953953,-0.8348795462340233,-0.3076096874777208,0.6761882715783463,-1.327423859409525,1,0,1
-0.1545588198877396,-0.4915364292873807,2.6198753292407315,-1.1937606050353555,-0.5215183968049315,-0.3745228419338408,-1.8855474669591052,0.9279111850361003,0.09206229554656235,-1.5552863458511719,1,1,0
0.028076181116170988,0.787956660861865,1.942113435054362,-0.18208659423466128,-3.016691727224337,0.46690074711801377,-2.3243708176576368,1.4905173702262076,1.701325106456654,-0.8423489795963838,1,1,0
-1.7249854341312671,-1.9712743997513846,,-3.198652045719623,-1.468023967815034,-0.6622960761361991,-0.4139465119201311,0.38619275714866985,-2.424264870697286,-0.4061778620587487,0,1,0
1.0829568290406753,1.4455529896838917,0.39701277274281066,2.114456412985285,-2.4442221716715933,-2.1062016273698023,-2.2522651920205337,-0.3618403259247016,0.7941159345735455,-1.0876617419269519,1,0,0
-5.494229846701802,-2.241287149878568,-0.7542871576148202,0.5158208941067723,-0.4117563412040085,-1.5269972175057633,-1.7742348262983998,-1.965215312267859,-0.06086956993105802,,0,0,0
-0.3962353100691686,0.4026328569668376,0.45009112965618014,-0.11202550567679646,-1.4507558557038016,-0.7033929650479772,-0.49090017484193804,1.909412099907032,-0.09142036196912011,1.0338662052292071,1,1,0
-0.46283052343037057,-2.1350737557707493,-0.47093757943856285,-1.5961727003700372,-0.17135009961856562,-1.0350349109916446,0.3857238570031192,1.2894286754071616,0.672452775386156,1.571152823635006,0,1,0
-0.8389855627296565,1.3185786590111963,0.6911001141107551,1.0029418403264323,-1.6170815316878064,-1.0454206444953529,-1.1628223851733313,1.9041800246467566,-0.2623525541600184,0.5752109019713563,1,1,0
0.9908028561228497,1.4709856158730612,0.40567376473303984,,-0.35779103896514797,-1.0336100795301242,-0.491054827242537,1.3569837015773158,-0.4007357986163498,0.49653733440725834,1,0,0
0.027999545194562925,-2.0800993131476453,0.5285603904247282,0.6801446237931876,-0.26679259413020173,-2.8825372904046276,-2.8429151463648115,-0.43103003335684664,-1.0608842556995841,-1.4484614445006798,0,0,1
-1.998605566555507,-2.034764548537419,-0.9408904437572692,-3.5210598534094966,-0.6411430005595067,,2.5699876354758615,0.80555829351223,-0.8313214091256161,2.412044770411141,0,0,0
0.47894018893263096,1.8490760666839798,0.6799531523734721,1.1856883707359431,0.3971961045062966,-7.135395087641994,-0.05821831788678444,-1.0825743203085945,0.9712184131925081,-1.142065086489617,1,0,1
-2.1005143162337996,2.055774112175648,-3.408120931303306,3.3550223621318054,-0.8393725466831263,-0.6442489201326473,1.303939285922331,2.154904314340879,0.6528803714722882,3.9510181301180083,1,0,0
0.27845878944741026,-0.4677363773719887,2.0703949142347167,-2.048292607847939,0.3145397849909568,-3.870361186923394,0.24342413202874036,2.3433835737942426,2.2112429502825615,0.8859256320770647,0,1,1
-0.24318094807710125,0.47473039531507566,-0.7276862931124489,-0.19052022726083404,-0.9398352210207672,0.27455113868383707,0.83653484184288,-1.5826435134021466,0.6220649049902,-0.20685358208676835,0,1,0
1.997844773627145,-0.39866145268392805,2.471111904813977,-3.256122538787563,-1.0663959668211598,-0.3865585609857919,0.2861334643453577,2.221583640037944,1.509701819187646,0.4647859254682022,1,0,0
-1.5370679870688635,0.1094080258328074,2.2414737588740303,-2.6425945860372577,-1.9560120803797856,-0.571191781580964,-0.11152075403759554,0.6157563544670485,0.6690447424705321,-0.5698174420637887,0,1,0
0.13673265587151023,1.1511459993895063,-0.686392969031927,1.5549026160675687,2.4137285474175827,-0.6305444121649841,1.0634047283145838,-0.9910367022449391,-0.8799134047231368,-0.14036199428478585,1,1,0
-0.8561008274372305,,0.8828880798158283,,-1.9639864818931239,1.0820699164132432,1.951782569249035,0.48311172590993423,-0.9547098336929226,0.8794351465846231,0,0,1
0.15068422885191396,1.5307149994711002,0.12089695773450737,-0.7577293097591556,0.47506519372638767,-1.7225112968977387,2.308823374904766,0.5929202535275201,-0.7690501075867064,1.3827623138623424,1,1,0
-1.6738979283487876,0.49186570379234185,1.4493324187501928,-0.5250694398203061,-1.2041379968324668,-1.4927734520634695,-0.8204759986278289,0.8085850900812509,-0.9883710624141014,-0.37476280392672406,1,0,1
-1.4951396584838834,-2.88735103234569,,0.23495724479899008,-0.1451583330831212,-3.281107920765787,-2.7847649536844137,-0.5463960774200913,-1.1382621349580988,-1.315507009403636,0,0,1
1.5930936181652504,-1.3943149060231805,0.13024586468478194,1.343444682127212,0.508611922924098,,,0.7702138513801984,-2.30996860043844,-0.3538887592924341,0,1,0
-1.380348353733938,1.8607990983191112,2.095330514277387,0.012117693908093956,-1.311210919406998,0.12793373073062275,-1.0344881588223116,1.231695981552189,-0.4150138017965702,-0.7767218311513224,1,0,1
-0.1340487665021912,-0.26490043577576206,0.23944184512406452,-0.520793991057632,-2.0493517440269144,-1.0784399886190565,-0.7581874948955989,-2.3002170845953422,0.0944272243535302,-1.6346756287112751,0,1,1
-3.655086515104106,-2.1077840591326895,-0.8888329456648536,0.5445979876335698,-0.9082750238835335,-0.8923891227933841,-1.846632047374976,-2.722401489514958,-0.48639176879086643,-1.8366900409888391,0,0,1
-0.35432234024909864,-1.1016652151186677,-632.3766800695812,1.1968712123081795,,-1.23393280228063,-1.3026054182573634,1.2782456657257852,2.2096286521908626,0.41400707840893597,0,0,0
0.17599725212739498,-0.602891104741375,-2.7830985374084616,-1.4884580758147001,-2.288802607191087,0.3120181444899073,2.6822367443407096,-2.656021384006272,0.020001322150924445,1.3125037917221645,0,0,0
-0.8937452821176533,0.35346382504498053,1.5957727166481672,0.704856572523857,-1.5505513154502917,-0.7053117533529785,-2.585655745417956,0.24148821212015115,-1.1586550973229164,-1.6672290694930476,1,0,0
1.1939822731788443,,-0.35766560976215356,-0.16511414007959152,-1.4228258864841399,-1.933753908435151,-0.4228539849229326,-0.43506686225853475,1.430624396998394,0.11714171408568226,0,1,0
-0.7038332580694631,-3.9481736550191204,-1.5885123732958637,-2.0446743168160464,-0.36582685590950714,-0.11161658701175381,0.24686626225249086,0.5236014147702288,0.8854705829400954,1.6802731987112383,0,1,1
-0.7531115801973117,-0.0572814512196429,,-0.7649830669914368,-0.24710945537251683,-3.1857245373286114,1.096644604678332,3.6625675273900904,0.07610241646858744,3.3389303308880294,1,0,1
-1.0034765607841956,-1.8845088700852262,-0.9426368178937825,2.926427542824288,1.0211884942409766,-4.045527530975095,-2.8152136044739473,3.9669407633529845,0.9889229171420731,2.244736039912699,0,0,0
1.459329651601532,0.13855903568276196,-1.4823995100800516,1.340988080191408,-2.3377993317121457,-2.2269348756844636,-0.6237804042000745,0.6852911205837808,-0.6522631837437548,1.4928827353066287,0,1,1
-0.6414493184978661,-0.9858158850014271,-0.11779438004873988,-0.9859497118059117,0.4864794936252974,-1.7408305421853336,0.686921687368881,0.6531916473219619,,0.9841054265754292,0,0,1
0.8105419989469383,-1.0180092772150124,0.37508209496667266,0.4299874146864728,-0.7580769540998378,-2.021736062542183,-1.8206052214255992,-0.177669407472688,1.9793336183838781,-0.8099122223854229,0,0,0
-1.473280172893692,,0.6535347551678734,-3.7893822867203433,-2.6521925239702826,-0.17633801508033975,1.2360022299298747,-0.38052360977763944,,0.4053091555470502,0,0,1
2.0602140726246807,-2.2382384914295255,,-4.73846540541541,-4.171136561442754,-0.30406569680589435,-1.704410978273327,,-0.44781500387176604,-2.8534199333352657,0,1,0
0.6590259520210962,-1.180493648608587,2.244278469765957,-3.287842672268592,-2.892959805578199,-1.3330998260472338,-0.8814744845797511,-0.3506671575841265,,-1.289370922424071,0,1,0
0.9252905496854981,,2.258755445378811,,-1.8457405492725258,-1.1855429270774995,0.24256628981974349,0.9265673812795593,1.3548929315218388,-0.21960343176473582,0,0,0
1.1208186488307958,-2.2447105852774336,-3.3322737252707824,3.2736758705649187,-0.8758073562952169,-0.6474134789225481,-2.3978446897169574,-1.764403783375299,0.684269955660775,-0.11877601840628298,0,0,1
1.039632329301116,1.586157544619406,1.109800043509143,0.5202474912578022,-0.3880601760068677,-1.4642158287413714,,0.09593595389613752,-1.03651263075859,-0.6317427036795245,1,0,0
-0.11838783734422807,-2.647444100074548,-1.1170971344653184,0.3307042812468406,-0.5530590568969291,-1.032310418241714,-1.6972200727035087,-2.995670825158197,1.805354459125924,-1.8212452458939237,0,1,1
-1.40721109950419,1.7290828708884902,3.8945890069558025,-4.597202387477217,,-2.6437290595008203,2.050433908874165,1.5627384506179984,-0.31856666806083256,0.1669280009010751,0,0,0
2.6613186517578353,0.7433654362331685,-1.082820834145688,3.584133521367817,2.5559191779938573,-2.225659189819547,-0.8120352202588059,-1.172697448877614,-0.7396290484685878,-0.7549908782109792,1,1,0
0.8915784566951168,-0.42387859133946604,-2.6919186457574025,0.7060449167098447,-2.5501687715787598,0.1988894923884328,0.35438078962982145,-2.8539812324118055,-1.7599519260721297,0.08612407207340235,0,0,0
1.3399998854762094,-0.025099728985340408,1.6772450924937394,-1.0363755620827046,0.9340502172156979,-0.9766566853075552,-0.06110031127975579,1.3598357730253916,-0.3731662385021419,-0.07495703210323486,0,1,1
0.08530451504745419,1.4224287239680211,-2.0427186391159093,3.460091247482638,1.6634370588327276,-1.1409570786430652,0.3461813078755548,-2.830757206934901,-1.1773210412697714,0.21753478477091895,1,1,0
0.9600608747015225,1.0840921437648632,1.1798458404609362,-1.663571884253862,0.034348183127104526,-2.612817612958743,1.718474501068395,0.06441116451645967,0.2997961715729297,0.34321130720231446,1,0,0
-0.8606491319147301,0.8750616239954652,,0.6123087559973479,0.458389563950406,-0.8218399741934831,0.5631666382743892,1.4479813207244971,,1.276742381430899,1,1,0
0.7462783899353939,0.5058901769800512,3.2585854238867165,-3.196044855111516,-3.4358029335857267,-1.6831502577397477,,,-0.9606131764128261,-1.7836851480540517,0,0,1
-1.7302954798957517,0.6982857262558119,-2.571551948541675,3.5105873618112278,1.4685032795189308,-1.5702968782735394,0.21569193660754127,0.8240301679124371,-1.75110860587232,1.9678959557489963,1,0,0
0.6765487604029504,-1.9856517883454514,-3.4276621232529183,2.881714791528913,-2.527058393024979,-0.18331286078487163,-2.479418498679866,-3.8347427902252935,-0.5808791381772977,,0,1,0
-0.8991960960480192,1.3642999521892567,-1.380847175183857,0.20387101601104252,3.905459366862363,-2.9885073663487374,4.141631241101949,-1.3731461464414791,1.1042145208197445,1.4098325033936983,1,1,1
-0.4307304649660178,0.4295471457157678,-2.1379720476021835,3.8404548786267565,1.4935074856994863,-0.3993325157660115,-0.882706261387989,0.02781533116083612,0.5720776210049433,0.596495467146006,1,0,1
-0.6003566942635733,0.445226029758359,1.4239222567998477,-2.023777127256249,1.4862222987020401,-0.3103641155386523,4.316839930235782,3.09042907753093,1.0162879427566356,4.487333572981009,0,1,0
1.8914551152692207,1.2090647127607594,0.00978753800215304,-1.3459539543745662,0.7684625074517386,-1.1303438368310754,2.8994012696091778,2.8854673109432873,0.3005869246391313,3.1838810197026284,0,1,0
-0.5530450077169359,-0.285066905966072,1.2373359568975846,0.35484055242561424,0.10007861966667497,-2.418888414451282,-1.509525462491054,2.1018844164693333,0.300416099551269,0.2566370074635382,0,0,0
-0.32224115383572083,-1.4392155604031462,1.1435590192830105,-2.5541135623050066,-0.8367538802755896,-1.0727739857839538,-7.039332811736497,1.0971197934623997,-1.3126082671526902,,0,0,0
-0.48165745105457425,1.44510384742689,2.2041306121694717,,-1.4037128812299984,0.13810623747787076,-0.42445575592175644,1.847711874885249,-0.8152803293911224,-0.10085853600141353,1,0,1
1.6628710985640576,0.14421836480814632,1.3457535596384473,-1.170510931938655,-0.13732955740721597,0.5879449601941713,-0.1194742206807825,-1.3842395274149155,1.2309120908821363,-1.7708191388767023,0,1,1
-0.327368690943752,-4.3816590491280945,-1.3977655219873781,0.905931153826695,0.5277422028873369,-4.342506876805203,-2.6469681225634476,0.12893813626189154,1.3131697870913475,0.2702491830802041,0,1,1
0.20541269721866062,0.8407666284523614,1.6639473296926273,-1.0604225391533226,-1.9653855798352384,-0.7415279380698907,-0.5502329230298755,1.4447616045900247,-0.03982057611509975,2.2166290768903196,1,0,0
-0.1456973997215546,2.1266480976549325,1.832095402657669,0.5772789670629808,-0.6105343897675486,-0.47883479422351505,,-0.6198141680247791,-1.0057305503479816,-1.8432864455230185,1,1,0
-0.9460400182515531,0.33750672084026667,,-3.733025342345718,-2.5954712837665705,0.028741303283485342,1.964987920190581,0.04871640719096293,2.163474853700142,0.6410905217986628,0,0,1
,-2.183073917023691,2.7698634888527005,-3.0810702130442444,0.06603922847142152,-2.8744408939111636,-1.0026753099860457,1.670403748737907,0.05737555380698128,-0.4626125293676683,0,1,1
0.45740074279174425,2.9713376113953105,-3.009141313712317,4.556828596040821,2.1879230527426126,2.1225056864665235,1.4111539251066811,-0.5474866892718184,0.13897565236328388,1.2485167151035264,1,0,1
0.402164556572795,2.7142404120107377,-3.3264825285994535,3.291536284417337,1.2291563493956028,0.7802232526131667,,1.9958846251762807,0.1802847729902364,3.944519212071302,1,1,0
-0.7474242459904361,0.8301296268207292,-0.28725854050072297,0.9366720761207739,0.7975406665581893,-0.04939027804034457,0.3848972117016628,1.5478506986529665,0.5604146322087054,1.2133828643130857,1,1,0
0.4133487785502528,-0.3104764883319404,0.23704249888367235,1.7058971848889608,0.4708487406738271,-1.4448725833134155,-1.9776813951950416,,0.5972003706314267,-1.791558158559751,1,1,0
1.887166061671248,2.910129641772572,-1.1261838904304144,7.161938246933315,-0.6631987512543013,-1.0323850418253468,-4.131520675438165,-0.5584667627209994,-1.1769632050593244,-1.687115318341333,1,0,1
,1.1997601624291012,-0.052425283038984194,-0.09394088286227016,0.912866908280884,0.042548686965283355,1.6281042633548375,3.3731408130977583,0.1455224922103618,2.832257964903524,1,0,1
-0.8418733509170888,-1.1448654349619165,-1.5366847927441216,-0.23141638301527334,-1.7053586572761252,,0.11150831197699929,-1.5048296205064253,-0.42394129956078275,0.3035648773100591,0,1,0
-0.4311797203495725,-1.7416763079217565,2.5211482141500925,-2.5112078185077906,-0.08928836921983652,-3.152864885964118,-1.0270134370772022,1.683649904538906,-0.4684776507319124,-0.31314595407772783,0,1,0
0.043184176216772716,,0.7469314457746561,1.32118994185882,0.21384211612639992,-1.9869265510985166,-3.4726723125421137,-0.19938762442681457,0.050707253863674355,-1.85979071763005,0,1,0
-0.8701764701253999,-1.6928929001126047,0.9829278903977512,0.627330427222151,1.5474813958855345,-2.776584376215891,-2.101611753816539,1.1346149413294495,1.553247186688754,4.276520112452474,0,0,1
,1.2943213147040789,-3.2294945859482005,5.811266611981874,4.606842184609102,-0.9440205436908299,0.1491517559718557,-2.581523944645162,-0.7803766047308504,-0.5007568640649894,1,1,0
0.826290124622276,-3.779119894821054,-1.3566822006612649,1.0118706390923558,0.6988668851772353,-4.249370087765857,-2.203398910804077,1.062633972189278,-0.02541136932159493,1.0045420365356696,0,1,0
1.4344253164448015,-1.6004373411986317,-1.7718019969816465,-167.60797693599082,-1.5200722007170966,-0.03565173125893417,0.20664588332343858,-3.2566667057908187,-1.1373402006101545,-0.7917437649369645,0,0,1
0.5242025730471778,,-1.452507580461471,1.6049729589112112,-1.8354573487780783,0.05649691880288721,-2.208760131022327,-3.7425863811118854,-1.9541502403288409,-2.399135410455211,0,1,0
1.1074992401181563,-4.898150425304795,1.1685033218388696,-3.635983562947126,,4.282277896550189,0.3088503972648723,1.5691777778138065,1.305645561840047,0.8982396238620443,0,0,0
-1.5658563846543787,-2.0115581945031513,-3.105671513162631,0.8220077038074675,-1.9445835280320145,-0.5837576320187293,0.37953742420043746,,0.3145527958573842,-0.2111888568757306,0,0,1
-0.1875038837287729,-2.6661123888731075,0.29414968112384665,2.0429392864593883,3.9230140572396306,-0.27593908263812694,-2.9650840019324662,-0.7456223864510265,0.9955185771629596,,1,1,0
-1.982626328199508,0.9000358258962795,2.4055457640882048,-1.258613565301487,-1.6081144478395921,-1.0769443506856333,-0.8764084634939076,0.04035224994298581,0.953695132635774,-1.455975351640922,1,0,0
0.14727985576747896,-1.7507941186801563,-0.46214756459397544,-0.18973016815581945,0.7058345857969655,-1.5640252473469376,-0.4161105392509633,-1.1784611062984978,0.861418359876257,-0.5548436114858284,0,0,0
-0.2652287522247021,1.2465874930178389,-0.37380445206639434,-0.6325162128606144,3.166734680822085,-2.5572056034020485,3.619909453706702,-0.017184282522472616,1.4413991103217594,1.5900750671395851,1,1,0
-0.20952838151705544,0.997590803351946,0.17437303874626542,-3.1694586329287455,-1.0563320983687436,-0.40603542477517507,3.5809730324884557,1.3984774682044052,-0.5900259690908214,2.6032043987269913,0,0,1
-2.0160302195142723,-1.3503252911726709,-0.7357079789761936,2.965348469795661,-0.9382295425140085,-1.2707453217250313,-3.818193153203083,-1.1689678526920122,-2.045622890945603,-1.8060472181237688,0,0,1
0.8676601410556147,0.5091555659154027,-0.5329187337506003,3.996230267281947,0.5260404808591248,-1.9169206842321667,-2.87589380409202,-1.7487559601782507,-0.03649927744616561,-2.139341871625592,1,1,0
-0.27095067337694356,-0.009874550510683422,-0.5882429974643972,0.41349624124568063,-0.8301053669554584,-2.428156640078641,0.05279012906695235,2.4674324323513535,1.1617832013557894,2.3354839775552274,1,0,1
-1.6436341422199503,,-2.53663704623517,1.8823682289641541,-4.311411667726305,2.067246308632926,-2.389430093798939,-5.782750221209187,-0.02404782509982628,-3.1340542979443753,0,1,1
-0.06921940794151801,-1.1967288958502913,1.5688567450690656,-3.8345590418734066,-2.665592050675829,-2.0623722336558643,0.4919328218786111,-0.2261153019919755,-1.3264348273079964,-0.1614682790914375,0,0,1
,1.8190476941541318,-2.1772525369390494,3.9590314467833028,0.14797440780611248,0.6183408619304731,-0.494557484167367,-1.0361758914596866,-2.2366451532207154,0.07199481087397018,1,0,0
0.9618388324273973,0.15082158012727498,-1.3458871169260194,0.14164446774212505,,,-0.31380416659658283,-3.2073797550313095,-1.0683281711205714,-1.1638786105753023,0,1,1
0.003063637440674221,1.671098497213292,-3.6167442626032096,4.640299774004261,1.2506519298295797,-0.5770148601090282,0.6392545740110074,-1.2055602644572105,-1.0434994950947576,1.2486080512343334,1,1,0
-0.8126057604756063,-0.06711355628050963,2.0361728644238677,-0.37981094024985257,-2.395962014438722,,-1.576239668558177,1.6527839921598324,-0.9529682593324047,-0.512612677131347,1,0,0
0.11010758575632887,-1.4966112361295236,,0.3445537572839437,0.2367787814935609,-3.370170221281114,-1.1539208154694793,,-1.1355180451889948,0.1964374602756507,0,1,1
1.8149259100865125,-1.6360227432473473,-1.829548053971839,4.977563841392037,-1.5820049867028354,,-3.5970361300809146,,-0.5972653732735059,-1.704933874449417,0,0,1
1.4159106404926767,-0.5637613991152046,1.3450554101550551,,-2.9073049209023267,-1.0657136311397757,-0.4886009955644639,,1.0010648425707633,-0.6307813680404347,0,0,0
,-1.634308563040665,-0.8042798006385545,-1.073744614797981,-0.9957098482476491,-1.460403890291323,0.1764658082142394,,-0.3844681126994213,-0.48493891713395176,0,0,0
0.5529431891981056,-2.1580610959231272,-2.9142231387806934,-2.0073339142938607,0.9493612068005253,-1.2085167736764606,2.1178917932868435,,-0.6432484312125671,3.2267600278806836,0,0,0
-0.07696453644043502,-0.2030183590997061,3.0864498402137457,-3.1320885457254293,-1.6084492579444172,0.25264539332282343,-0.6072559490596576,0.6128657412763823,-0.9415829664674247,-1.3658790522778659,1,0,1
1.2462627809986806,1.1568618885192974,1.8097702442778658,-0.3819055604957354,-0.5487828347162743,0.7562887565659488,-0.7269720298210672,,-0.24809704963181028,-2.1425004456211716,0,1,1
1.0217252687600726,4.275104599812087,-2.820397763717109,-0.2907506902403041,-2.633416113695735,0.36208052255150913,3.0594811904078205,1.8118832284529929,0.3375737334390134,4.1979512269252695,1,1,0
0.3601901843652216,0.5009452295229213,1.9578053644829039,-0.36873215782667995,-1.4876639836568781,-0.037739167042287414,-1.6648090346086468,2.5117805747563007,-1.6980761479195645,,1,0,1
1.442940067837931,-0.10404825524182104,-0.1190431156209516,-0.8853185366271525,-1.521613243107811,1.2549471043057276,0.1104585806956726,-3.1548409779405806,-0.07187078581077398,-1.9028077828797911,0,0,1
2.0061050974174037,0.1069165488273307,-0.6144010513405036,3.278977123253428,-1.9142961418448199,1.531957324148733,-0.5179072185255207,-3.7420367021212857,0.42489610417240287,-2.301680687004768,0,0,1
-1.4758710971014117,0.37814303955670037,-0.3549787629151473,0.37157887720258376,-0.8210490837149098,-1.39075313006226,0.13472271982312556,3.339444700779753,0.19087993591870805,2.706153895193275,1,1,0
-0.19802721959740235,,-0.9383937263031571,0.5954349557580927,-0.8555119570253815,,-1.6493508155088792,-1.8078579846537104,,1.4747838652193481,0,0,0
0.2545343010369479,0.4743127053405246,-1.1722998932785478,1.8503244333129254,0.6368867217882945,-2.1186727131788468,0.10759249995571141,1.6706551912700323,-0.6502330862292857,1.8906760028269824,1,0,0
-1.7467293665160921,1.449145449116978,-2.2627805996488632,6.131216180760265,-1.4050564480655157,-2.7737971886843913,-3.265091986748659,2.2190966181016343,0.058163898972263255,1.5634127366914825,1,0,1
-1.4375457814444081,-2.7115753287244706,-1.0852158566050623,,-1.8517696278109215,2.4053840988728576,2.169413503738717,-0.4250183532795506,-0.4805434256067757,1.5360702881112722,0,0,0
2.331486092556837,,-0.7417732383126656,2.1701392492618687,2.7894619927754514,,0.6686208397261635,0.3981215727752677,1.725518556754471,0.5042476457243548,1,0,0
1.1561146166453071,-0.8180238289949946,-2.065417986773422,2.106506713357937,-1.7004106819865052,1.0866487734354373,-1.7538763354534015,-2.8789238294985906,-0.7181956337876233,-1.4163627302693518,0,0,1
0.783040907286443,,-2.4346254787449415,2.1656034947078546,-2.226516391344636,1.2460395623855454,0.1543943088353834,-0.5439905263992861,-0.14337026497196806,1.1384792757862638,0,0,1
0.5821669967373478,-1.6681457148646701,-1.1450050947448631,0.8162994243173141,-0.1844470820327032,-4.6370434085160745,6.544116045416667,,-0.12523471471530392,2.3503344454834023,0,1,1
-0.7246742116823047,-0.727226453598665,1.866536726660941,-3.2269130314886585,-1.2756770736935925,-1.5971761398073636,0.5462025114125212,0.9266465693377759,-0.14282663859515055,0.21155590330696605,0,0,0
0.4732152090075886,,0.21142039201391782,-2.3350039426976537,1.2060113271982917,-1.7937995627951038,1.6595269047876506,2.524394275788554,1.1021953187712001,,0,1,1
0.030233802717335615,-0.14832458132926418,0.1900385725877618,0.6137371677716019,1.7877734677838322,-0.8342972314544612,-0.10270611134689389,,-2.0755950648778367,0.05432895381296595,1,0,0
0.6743677856483871,2.8679680704390424,1.5060553279155138,-0.39553968098888015,-2.423624956250612,-0.23515966371440622,0.389685600175097,2.263065602073591,-0.014641353803318163,1.007550968717095,1,0,0
0.7123833448664562,2.7166051767464614,-0.9386736877748858,-3.06135857546352,-2.3187901653311314,-2.77915211665648,2.7865806633776278,0.7137145070205181,-0.7876615918104071,2.6528654414620685,1,0,1
1.0530697175949124,-1.0570912470402882,1.9220285793502367,-2.7085668598498134,-2.4084628345525423,-2.508327872487675,-0.752366404789341,,0.14820296862789786,-0.7596428319122743,0,0,1
-2.3850087979709786,0.1242318544490848,0.8869451252965043,-2.099296314445006,-0.8155752236898892,-0.7358245448170414,1.1767393770303516,1.4405959395502799,-0.18110956240450954,1.1874677961336368,0,0,1
-0.34418905182977283,-0.731216762783945,0.08549821661223778,0.6222063988150703,-0.5200512650906399,-1.7190728799001551,-1.4171881876025307,0.034737692671145126,-2.125453597944143,-0.40102971025157397,0,0,1
1.7606280346244925,-1.2223431569587007,-0.9496855102332054,-2.463336170445018,0.35517874176236663,-0.20022643273409313,2.683434516539475,1.7967002835801813,-0.7486554795418778,3.0261109986885697,0,1,0
-1.1916485388987084,-1.1337224758270548,0.3619622759025154,1.4991870816336355,2.045763146465223,-1.3342430604172981,-1.9085287310899837,-1.1542548291008528,-0.8673145087543316,-1.9259036376882133,1,0,0
-0.7841627421933196,2.7103674426785593,-4.231886906504286,2.933903773928763,-2.423064506901845,-0.9565956117225234,2.4668191395675954,3.007458512625134,-2.5460050646214696,5.707121326061543,1,0,0
0.5892834329575966,0.9367537869628657,0.2570762471581123,-0.7435288273531612,-3.3136269079108014,0.13913005867452477,-0.19278393995028353,-2.763834647266139,-0.506948690259626,-1.72179450415085,0,1,0
-0.9365198458054912,0.4489477513847744,1.0221523663678758,-0.9689845753393823,-0.8645533562108267,-11.219824646468622,0.23628480352894932,1.8363564274187754,0.5795842217637382,1.0421318247905618,1,1,0
0.7469960383553472,-0.6524247495460833,1.451046611861822,-1.4730087365352498,-0.5185937255059802,-0.1809563645850344,-0.5360397063627516,3.4386738661724774,-2.52321345374991,1.3896349476971372,1,0,0
0.7311108396894743,0.38459944992303663,-0.4300439335265206,,2.851318159142223,-1.9152105689387509,1.9547291414804788,0.30021703943912814,-0.6391392177850403,1.1091124911344492,1,1,0
-6.293596815802592,-1.4045076739530693,0.7192897752024121,-0.32357834140021874,,-2.5593147752702574,-0.6441183068804694,2.2132101402735667,-0.6822389947743331,0.9290049066250443,0,0,1
6.12533295514123,1.7385617593286127,3.7558473171087448,-2.4700057816868592,,-2.9602219283448887,0.08936349472953797,1.752310083209934,0.3205064125986378,-0.5312636241173918,0,1,0
-1.1574449523659558,1.021360396835046,1.8510217905167752,0.3506915930617532,-1.5905926493397917,0.5596140691575924,-2.0148743515492353,0.8245919678587533,0.8822575096080764,-1.310531472214645,1,0,1
2.024028536379257,-0.22928713087541164,1.519397583957899,,-2.3739862491747434,-1.1723545238703765,0.32326236900433336,0.19698532032456728,-0.09976027531426664,,0,0,0
-0.5951689990751792,-1.7445979765301516,-0.3904295962097395,-3.379045543081666,0.13535850049452702,0.5785674771944651,2.488643255306052,1.509084188393088,-0.2914063613488932,2.430331006973919,1,0,1
0.6777665661808034,-210.23005508285746,1.8329234564656336,-0.9175354562322728,-0.9251527932397564,-1.4021160163816544,0.1044826323615482,1.7506448740346374,0.26500635906830405,0.3632854850973187,1,1,0
-0.011102590622834349,1.313827827799717,-1.1609002268642228,2.6098206173535403,1.746354426567803,0.10288515737745296,0.1956161172617613,-1.8675426031564872,1.4043055051659386,-0.8569062399612278,1,0,0
,1.464816501776735,,1.4976813480089908,2.3876467470479086,-2.1673093917478408,1.8317957034213355,0.022808642455122152,-0.8180789873059771,1.1867174002127088,1,0,0
-0.6073269104176972,1.140190773587923,-2.311322318023921,1.459549098662994,-1.877022045965087,1.132467442645654,0.7859153942357198,-0.26444832655937756,-0.592743729411948,1.5261692701422327,0,0,1
2.303784309217493,-0.4560056024317275,-0.43355294430264746,1.224130542518638,0.2783640184424332,-0.22221951499943438,-1.1165276819164398,-0.8126381206268956,0.5390941042551023,-0.8062401648144859,0,0,1
0.25094319323665915,-0.6117516774402421,2.8836354445841583,-2.328293370226497,-3.2583680157117714,-1.0463612614841526,-2.0988534464886017,-0.436802144816707,0.36605591546079125,-2.1598471798680574,0,0,1
1.1543562861524255,2.7550374036913543,-0.13925951510822876,0.6505846185855856,-1.8100892657893262,1.1363344158556887,0.9254868654602297,1.1258126128514294,1.3880900323792782,1.201245266192646,0,0,0
1.0639558450458475,1.6817014482902,1.2146521760913505,2.4883539171529345,-1.2458298553883829,-1.3255795449010432,-2.774924187295398,0.3909226946694615,-0.41495587913281295,-1.5227832005107649,1,0,1
0.03345412020148505,-0.5813910244699063,3.0142033129535295,-4.221269479209112,-1.3661084067044158,-0.1949845814311082,0.4492763744360879,,-1.4231602771485647,-0.09460187952487273,1,1,0
0.959575892385135,-0.6382707072540379,0.21189058654905768,-2.2799410490100653,-0.21288254909438187,-1.817462082803139,1.738507751750574,1.6752974712682498,1.029758164309032,2.0490357598414444,0,1,1
0.9009157617853091,-0.47321730296260434,-0.8188648854422278,1.7076927107265312,-0.3367851308721903,-0.6823465333927303,-1.4734498326468264,-0.5257265270884516,-0.614131808866791,-0.4413138012444395,0,0,1
-0.011767837823633949,1.8676352565373144,-2.246918244445385,2.2518204848321624,-80.87884762281993,-2.045969891367987,2.2832186206855196,-1.2560205319892779,-0.03656094262917065,1.2730909968714372,1,0,0
0.27127303010929316,-1.0090741506004157,3.053025042710968,-2.428852128347853,-0.0006165865925920055,-1.6247182602773322,-1.094651893536053,2.194553493368012,0.9481500118021107,-0.49812599335224067,1,0,1
0.7711919053297392,,-0.31938609775621796,-0.4064969317003796,0.516401644830871,-1.943058484992284,3.6414162303120734,1.0808385482961547,1.413372924685207,2.479289400623407,1,0,1
-0.7914676425128536,1.9343970837031654,2.861940065667956,-2.83032085146002,-1.1514428750664742,-1.677191354620328,1.469665469400951,1.82588848666771,-1.1818939743719894,0.49412666798627153,0,0,1
0.6449549840273966,1.0810422175617067,-1.378379511769055,3.851873189772609,-0.12102710322126109,-2.6633963661820155,158.73975676032438,0.8803751812601665,-0.6375679253228755,-158.8876965630999,1,0,1
-0.4586323973017281,5.237046254697024,-0.3053868299054783,4.154491834737451,-0.4815788188701152,-2.9980455035298954,-2.252444432333857,-1.380621127291839,1.9351522682653173,-1.6110468638004163,1,0,0
-0.008232364569510726,-0.07334300814254835,0.35787081531854814,-0.00692855411574287,1.243734236142042,-1.7608504986025677,0.3176162448454295,1.6176416689764763,0.05705383682536383,1.0339792276672415,1,1,0
0.7544658289351189,2.2069039981548055,0.3864389354515747,-2.0235216255520103,-0.5924952499265419,-0.8020078571801926,3.48729816967524,3.733421691755017,-1.5068016448352908,3.8969162733780975,1,1,0
-1.3537827607914814,-0.5767722508567649,2.870772025647314,-3.329076682832641,3.611053369094274,-1.7067875502325063,-0.6295407691809871,1.2894402505963987,0.6249394903158797,-1.1761414501931795,0,0,1
0.6559556222187976,-1.1804060538559358,2.462725733518189,-4.236033780681808,0.9484084740675236,0.2991763338465665,1.4840011959043076,3.0849988318896,0.06299778557854581,-2.519948637540306,1,0,1
-0.2739924731630432,-0.616879809193609,1.0488141598447263,-2.4196037018504377,-0.42709235565440606,-2.0613153068219745,1.0147859337982457,1.6447801376674853,-0.40901784781493944,1.2818811125150278,0,1,0
0.051243511653020504,1.421217997416608,1.2096071322781807,0.7382484903019478,-0.597361575574278,-0.13799683515526406,-1.0115823148062724,-0.3381242985233053,-0.15058833940863453,-1.3699342044296559,1,1,0
0.058460456834025704,-1.6027138617395518,-1.2248197561362089,1.7909370074259046,-0.08139977090691286,-2.8157760565065573,-1.7674910556018584,1.3935875173529197,0.8963101857786598,1.1739794678579714,0,0,1
0.6333012362556484,1.465240142487457,-0.3354393085080192,3.5865330928563393,-0.97165553827317,-1.8145808266768624,-2.4167268039803034,0.872206204924092,0.11426523006332008,-0.15649124818154939,1,0,1
-0.8411213675603924,-1.2783376968254347,2.657846024214291,-3.174649502188678,0.4905188927594162,-1.828450822943267,0.0772782561384745,2.5799374162202575,1.7419225318939382,0.4920076927934248,1,0,0
-1.039327298878074,-1.0833347293465354,0.2878078127572452,0.9251493568301131,3.9398540662686505,-0.9693962013019887,-0.3260651159738983,2.3225332445195743,-1.1341944231152694,0.8883237498389084,1,0,0
0.9667049813966009,-0.33465324751817527,-2.2189239530916973,1.137939058823634,-3.4463626847595736,1.3677271597719969,-1.0196120192492888,-5.03163993975483,1.5062959148871558,-2.2631325073706634,0,0,1
-0.9999470267933823,-1.7205259356578213,-1.4075818613818094,-2.6138884681283736,1.1419581849084053,0.13649051459949724,3.1888301209893686,2.234552330189969,1.3173839179398212,3.7056380422820556,0,1,0
2.5651540585996915,-1.02339005933332,0.6216038653096068,0.058147086883104694,-0.8678185228784366,-0.925786685100016,-1.8538867744989167,-1.520412122203945,0.3864461835180462,-1.946306502115868,0,1,1
0.08186134108175565,0.6537302752115153,,1.1091275199261423,0.02769944878013353,0.7054700648123131,-5.826766421043292,0.4892972122763112,0.3259636053279932,-1.0523971171783908,1,1,0
-0.318403574054093,,-0.5132939611652997,1.211926170068477,0.2626367114570849,-1.9214043422529021,-1.585265167698691,-0.1419189299619239,0.7272793759371594,-0.31170721494519527,0,1,1
-2.5495393447366808,0.12745271890009724,-1.4790666672560038,1.7330523415979189,,-0.059406744325082195,0.2828723033694506,1.6410596296428988,-0.839098222571048,1.8903317782370657,1,1,0
-0.49122441461711286,-0.7655159308122066,-1.4762815206204696,-1.7276956608030944,-0.1534775929032861,0.13631905271841172,2.5596028533395794,1.4742350346240716,0.6745050331548218,7.770192507505408,0,1,1
0.5913201605738434,1.4219085256685928,-1.46558118298127,1.8806705980336966,3.917621367909345,-0.7580018350248163,2.360617629489817,-0.9466076223754256,-0.9481239464325425,0.7106214075733946,1,1,0
-1.1157847113854849,-3.173068089843573,-2.5346784449830424,1.2184454609759823,-0.3868022743010098,-2.2035279706754185,,-1.7794270943319608,0.02462598855679703,-4.9342567924097286e-05,0,0,0
2.208348264339871,0.45224235392446466,0.4715192524445504,-1.8459410661323488,-1.7059393508081762,-0.7429813368520566,1.1956984961013573,0.7891026520303254,-1.910965935592205,1.0844131577927896,0,1,0
1.0109095653427445,1.927870230932628,2.3468260771515146,0.18855954029237437,-1.6914486433487776,0.23121853852092134,-1.639194336724663,-0.9985752959015461,0.617685612811298,-2.6537127993880465,1,0,0
1.744311252423273,-1.151677362812793,-0.2844077218415777,3.547519438284781,1.2382486614998311,-0.32998787599785906,-3.9048518393726894,-3.1241189255563215,-0.02642552136706281,-3.795462025845507,1,0,0
,0.5472427844960017,0.08871629148359472,1.9185446757805735,0.07378387429337674,-1.9426381726559798,-1.4252832682121155,,0.9525147585958975,-0.4374909281376541,1,0,0
0.2613657421135737,0.2222993348011162,4.904086558532054,-1.1783671634300446,-0.6070677813677527,-1.8339563387660782,0.3350570668589654,1.5471402222313326,1.0778730765648021,0.8507810339057778,0,1,1
0.9821153121650608,-1.3882611070366055,-0.9496870617193238,0.46231748724206695,-1.1152692682712886,-2.05732290234379,-1.0161542182568553,0.02101682897709689,0.9758146536025304,0.5026119554399432,0,1,1
-0.12805117872967775,-0.8687718994128217,-3.204665511283966,0.012570053035037781,-2.0274317741976833,0.3746396281159228,1.4389083568278274,-1.8522897019853128,-1.5742096456021195,1.4876113155519093,0,1,1
-0.06086837742020141,0.3901617775188956,-0.7873212490958892,2.3164918301178945,0.7185219486403982,0.29276133184240294,-1.0348951614240063,-0.009281311787006752,0.24126737526553343,-0.2004392208052687,1,0,1
-0.027983992670794922,1.5253012677820492,-1.4270630235594288,2.5074290716661483,0.5818209218607171,0.2698342673171963,0.3217044893034483,1.4658174330847427,0.0885034738178818,,1,0,0
0.6337159007251949,-0.9257665375813979,-1.338971910059282,4.163314275005917,2.4867878905899063,0.951925390523906,-2.8214318593196346,-8.592442330467017,-0.8215774274321488,-0.9910356759358507,1,0,1
0.7843671357705463,-1.1659690678937227,0.9060621299796816,-3.805261301812155,-0.033506917080579735,-0.38757766606411936,2.1628606714294696,,0.7128048049548621,1.694963712625546,0,0,1
,-2.1429115445452975,1.583746173130173,0.609426497549675,1.736878010081893,-3.1130468417889134,-2.9409082861976836,0.9284227839417318,,-1.405468883488238,0,1,1
1.4605566355835455,-0.32189119398588306,-0.9947452802231003,1.923322787807639,1.8384870715746526,-0.8653855630103358,-0.3667640936471188,2.832625315882182,,2.13500247524172,1,1,1
-0.4138677249737084,77.59485877142966,-1.3361348794987393,2.258647953741549,-3.05647663626104,-0.3012966144661795,-2.811001941843254,-2.0907547814591663,-0.9049779919008093,-1.4928460871775564,0,0,0
-0.8236431298556439,0.6140801426202425,0.9763450467292738,-0.1379073212314634,2.276770626936253,1.2567503023809956,0.536780253581604,-1.1169500241267176,-0.7149058470495814,-1.5004431977992696,1,0,1
-0.8767522314712319,2.0085279514201932,3.161552341902974,-3.0374311650092856,-0.36226747425755956,0.5731942251593964,0.49492035065507833,3.1568000685823017,0.9188046467023571,0.5529719890660675,1,1,1
-0.1869715128172817,-0.19490790474026043,1.7604162458930834,-3.36025273735917,-0.5633650484202921,-2.3664847820212707,1.6193661661017624,1.6555465737661628,-1.4047652216670008,1.1921141097859018,0,1,0
-0.5139962783283388,-1.0271425950703377,2.5238306628511245,-2.5923886763175137,-2.4224529036028635,122.42707523025125,-1.4576499488579366,0.10717538037883023,-0.27813433828981726,-1.3905828998466847,0,0,0
0.22384668977965672,-2.209241921263508,-1.514469461383308,0.9584375397397649,,-0.9619499446305635,-1.7477660131465511,,1.4259103323213609,-0.7677684015986745,0,1,0
1.389775295320786,0.016229439422231207,-0.16532462747787413,2.38186303079687,2.5803534282456604,0.2201279974601278,,-1.194775367524481,-0.15824637244161582,-1.6553476455688056,1,0,0
-0.3615132271068674,,0.7361582713934918,-1.2967840399582526,1.1582438756873614,-2.495688770630177,-0.038636233914202456,0.5806924737617345,,,0,0,1
0.4427533213091045,-4.024605476642284,-0.6590446151115648,-4.0715817428360745,-1.487504712229758,-0.8221487261261566,0.9455887966226822,-0.25257960410721614,0.04191804023862554,1.189809374293939,0,0,0
0.4053541693291353,-0.2775905453678936,1.979853839017948,-1.5735576454571933,-0.7663784408193977,,,,-1.1385807337343827,0.13280120255457403,0,1,0
-1.6056334030627877,0.5233768029283901,1.1903316784499471,-1.3329684024961823,-0.5467251461377802,-1.2575388064780544,0.5848684248610172,1.7828021389348243,-0.0760489076970426,0.9594693164241536,0,0,1
0.05917346556049609,-0.9676654609064363,0.10107145591728628,1.6253877450165655,-2.013839434484077,,-3.5176595601011313,-2.9816945838994497,1.3742909135733763,-3.3252783027733663,0,0,1
1.15423480489976,0.7022570070622403,2.484681754014673,-2.7643320259426227,-2.028885411733633,-1.7433716584901822,0.3442080719666225,0.7901288329365305,-0.12324193885113374,-0.3020376197471692,0,0,1
,0.8156375150336012,-1.0251384409669604,2.6214216530800476,-1.6594034369247108,-2.649423606630318,-1.497815794101112,1.1863904927295874,-0.6581277255566853,1.0728600733184783,1,0,0
-0.6622380786656235,1.7263532351904267,-168.0720397280529,0.6298762998346774,0.2089903314130087,-1.068285211226349,1.342031698321629,,-0.8033128584071165,0.7877857388626864,1,0,1
-1.3221729566400084,-0.943275166666198,-2.638692828398968,,-2.3562819762322857,0.3568066638141094,-0.7119883148950783,-2.6760779274972917,0.2553543421120036,-0.3200671441636396,0,0,0
-0.5385264535684786,2.6241278851393455,1.1529467786823746,-1.9570240560046062,,-1.8209313560190288,3.441844717401716,2.9551349555824604,1.5151763934435558,2.8821267923015856,0,0,0
1.856415517826335,-1.2227179276181004,-0.46526670367829326,0.4426783769716679,-2.221275108309129,-1.7281462799127474,,-1.3536496902938346,0.7603193157594238,-0.9729573364881897,0,0,0
0.24176688988430992,,-1.5267824283182942,1.5411027095634866,-1.9496387683641965,-0.9814529180992331,-2.1780034439767544,-2.312584598373017,0.2733196445119271,-1.2596529280674253,0,0,1
0.28848984426624635,1.8403042990370582,-1.8568357560466064,12.693866298470901,-0.3171979545521306,-1.6898868178082078,-1.5869714569287416,0.6707866718601354,0.7591391989201097,0.8056212316907093,1,0,1
-0.1346154330632297,-2.1247175557457796,-1.9134804410035087,2.245650887863666,-2.2287431048587827,0.33838587920731,-3.345465058404329,-4.546320717149449,1.2539317971754804,-3.1223038535521166,0,0,1
-0.044686401440189545,0.36658718124084033,-0.9882351335865307,-0.281989087318803,-0.27143846229475865,-0.2472388444203405,1.5165574138737064,1.7898167712383826,,2.4783975258013498,0,1,1
0.7861205475982457,-2.489503443433498,1.393803362829392,-3.3898997142142004,-0.530328373671558,-1.1633138987532978,-0.01241026660270661,0.9697117861028699,1.7975448446859867,0.2292957524900962,0,0,0
0.7984613389778825,-2.498166313147223,,-2.9633994443358813,-2.0381606661683356,-1.74457836766981,-1.5691030261223369,-0.06776989250487242,0.1812711595140552,-1.205744072176048,0,0,1
-0.2245550415906529,2.0614186297482275,,,-0.8039200603781744,-2.096988571519129,2.203152100220902,2.1169100925079443,-1.0584504894210378,1.1456634137179176,0,1,1
-0.9261858764240133,-0.04833786580343846,-1.969387085425546,3.333247009694189,-1.3861557335205217,-0.18868824358359293,-2.1443536270219523,0.5833664791925748,0.6611380133380368,0.6912504784758785,0,0,1
-0.9681867507210938,1.303050469090937,-0.5731873159082752,0.7622516341725686,0.4141858985249631,-1.588215891986616,1.220849982336455,2.139052812204208,1.8384368995283291,2.3113604971368833,1,1,0
-3.2955611799673084,-2.409499680724563,-0.6997380047020075,-0.02335280083427404,-0.5145055558621403,-1.7716332544537052,-1.4132927063430283,-1.3454734991427557,1.1567619824643116,-0.7684377350134816,0,1,0
-0.8277313896965831,2.2171913129571794,-1.046870040427376,2.668628338146772,1.8803865814852272,-0.10563612615586149,0.8522757086912969,-1.8383214391447367,-0.2429142310872777,,1,1,0
2.4551246940911673,-3.0097637972372127,0.6947550511192773,,1.2531567168112097,-1.747321822611556,-3.092360136235309,2.1257719045637886,-0.6425321688062371,1.9534902507649203,0,0,0
-1.0758585618378667,-0.2557553417255001,1.052324601060393,-3.0268726656462084,-1.9362429229248426,-1.221231919546647,1.2023044318704696,0.5560595280214236,-0.41145650976648185,0.7354828997438072,0,0,0
1.4578705679514758,-0.17033549079943588,-0.5068021568336099,1.3159547616074188,0.4950126568532991,-2.3750187293296614,-0.5921917694491448,0.5840627194739659,-0.13397847400879806,0.5598339657201552,1,0,0
1.3824186300071535,-0.34360637069222133,-3.1635615146289275,2.8848769781492143,-3.6352158142422692,-0.08135610634063184,-1.8014076376585944,-2.1124331347509884,0.46371387927544694,0.011435203811243796,0,0,0
0.47918753078696064,-0.21004866203839923,0.021372512601292915,1.294243194495514,0.43944952313473373,-1.2913070967111997,-1.188686974940903,2.1029081330262045,0.7231601126549526,0.9228239022132699,1,0,1
-0.18550352903619077,-0.4673919496948532,-2.431572278169024,1.3128173570139063,-1.0017672260197301,-2.1858355936848817,0.423210246793976,1.9202623296499892,1.0965937891821234,3.1894479590036275,0,1,0
-0.1738135128917204,1.8775819703214904,-1.5078996786285561,-0.6151875566874015,-1.1012563859620126,-0.6036422103092365,0.8426645662508934,-1.8343699738068011,-0.478366716587938,0.2603828269172123,0,0,1
0.5465244160535132,-0.8316878139757753,0.06450037092267369,0.8725016243345928,1.315691040894571,0.05436739753965503,-1.078363583999205,1.1021676731028767,0.09526406437671531,0.08394819351444155,1,1,0
-0.18859185110631663,0.030017934128900192,1.6627247957717946,-1.98885998219198,-1.752857692893436,-2.5846267750945238,-0.03335614091760242,0.8458281333678479,-0.07892667577455567,0.1016191374318233,0,1,0
0.3608284084017966,1.8222063332560154,-0.39283044856653815,3.940053527085391,-0.49316085449837443,-1.6167459329077114,,0.07314076301463168,0.8193469063825453,-0.6979573372266922,1,0,0
-1.3545996610726423,0.4542166156482381,0.316785048788796,-0.5164684461922333,-1.643761780649358,-0.06091831186631769,-0.14683268575030572,-2.1757771637441494,-1.0403801508439108,,0,0,0
1.0387562896145033,-0.2047654227280694,-0.12862025079386297,0.4572814787733971,-0.4422165425799157,-0.7906317018297255,-0.6452226545006786,,,-0.13316510456736347,0,0,0
1.2154705420797873,0.5313308814852147,1.39216335290809,-2.5140230473100984,,,1.9414326675458253,2.116195988590176,-1.223669272060771,1.6128636154407374,1,1,0
1.3658322887898744,0.4508882436870575,-1.2919612593714342,,0.5029695386845545,-2.0043193592493553,-3.1212133722487057,,-0.3083143692098472,-0.7476533248198287,1,0,0
-0.6463676703459691,1.314233281513788,1.6005284318765083,1.0864906160467411,-1.3480304787440502,-1.017587535393168,-2.0854765446512493,-0.19501292641204548,-1.7076573629928724,-1.7981260585861232,1,0,0
0.8680546542277768,3.06586572004166,-3.220399045419979,5.019442844277716,2.139646396403128,1.285642440616582,2.585512993682334,-2.1288907752008708,0.496701612242392,0.29228788367105774,1,1,0
2.2051873001591,1.9418363647838452,3.176954090352364,4.173835014532214,-2.2922854803773203,1.275383114656056,-0.29437472852897495,2.3299047644664665,0.23837740484116443,-0.2743416793589404,1,0,0
,-0.740860705072515,-2.173689818006929,1.7563028942674157,-2.434638430942914,-0.8714031721928878,-1.3350253537870456,-1.653795450851302,-0.5308364057146827,-0.0710501630050205,0,1,1
1.4310197801252555,-0.6104994346252959,,0.9897651062259828,2.328298582160072,-1.454497622865858,-1.3045171203554606,2.345256645817908,-9.597776364255093,0.30194488180248125,0,1,1
1.1787240865856219,-2.4514023429308445,-2.9205107991631936,1.7355296135642053,-2.6481618074780395,-1.9954844556149953,-2.031641534266361,-2.4146006547634826,0.4876176752337977,-0.23901903120281293,0,1,0
-0.974835576528597,0.637739917145548,-1.2031425911724227,1.166627490808169,-4.2438599049716155,0.8051341945677004,-1.4651336240951576,-3.0751583260879265,-0.8082454929880238,-1.6289293722267608,0,0,1
-0.6196237546892899,-2.089252131612605,-1.1961626391766793,-3.08352066965305,-1.7105148983220677,1.165175674789586,1.8018037716537023,-0.0531611432354131,0.7524362008174793,1.7266223406553225,0,1,0
0.01691979916675013,1.0865573331186984,1.5339300323993323,0.15963042166073088,-2.511255134186548,-1.1747731702289097,-1.6743638856823133,1.7457783217877871,-0.7461210125850355,-0.08476072944653563,1,1,0
-0.7328131611036991,-2.1421049671106998,-1.5701963284384277,1.1890078764136827,-1.6397136330402062,-1.8806852532511356,-2.084195135705391,-1.7901666662125326,0.6594585244393549,-0.7558918931912192,0,1,1
0.60666651348988,0.46971729690397623,1.2726040542668242,-3.3710790408147946,-0.5689703982676755,-3.7129172822516163,2.641955666262817,2.4598698234541496,2.4504557341315008,2.5491026426532404,1,0,0
-0.7316332651872413,1.073388252964989,1.3517298361254695,-3.1494790833320634,-1.9821276209754919,-0.9045310263776245,2.108520628817497,0.8167430256313714,0.19392194648153552,1.046852497557122,0,0,1
-0.3806906891024109,-1.5952955014835513,-1.576622108769108,2.1865964068635906,-0.922049313203068,,-2.4686083135679366,-1.719732156157073,0.02570488202790712,-1.1451129356813117,0,1,1
1.529330653691702,0.5493680085318928,,2.595060843142981,0.47649132951746664,-2.81056037955221,-1.644890427129197,-0.7489946613639613,7.177960294481887,-1.00761019378796,1,0,0
-1.626430758916577,0.22581349130427397,-1.2107347342390633,2.921467427947005,-0.3922640817357519,-1.8745573242274711,-1.6308035472864382,,,1.3059706237135669,1,1,1
0.7745633043824588,0.6172439581014231,1.257188654000571,-1.4132039590431602,-0.3285427041317236,-2.100317628575896,0.8124037859763882,0.6360806921748539,0.11795017089254153,0.2999404892054566,1,1,0
-1.5194118908743064,2.010982535000906,1.4558289338549875,-1.3295687603560624,-1.1357772740439132,-0.6575938824999759,1.2925044065678595,2.8189428684586666,-0.8324014767600587,,1,1,0
0.9239743341675953,1.2901855949311676,0.7739712133929415,-0.6815752961547211,-0.8858238142254503,1.1163309496558416,0.541022694309899,-0.7450225211675485,0.5456106633808282,-0.7515540211382908,0,0,0
-0.5941236099655645,1.8951478161585893,0.22280328311646402,3.077962799169057,,-2.911015548456155,-2.462595694960099,-0.5832667771615878,-1.7607193132486463,-1.254075196510792,1,0,0
-0.9543797233026288,-0.7657107101000731,0.5491414511181483,-0.7708263190595906,1.9044249723780649,-3.5709173906895875,0.7381209678034024,,0.4155379938370026,0.2610157199612373,1,0,1
-0.27384163031262815,2.0133332708364264,0.8248197242009451,1.4898276033933602,-1.1584083306691297,-7.559813209825616,-1.0168619479039265,1.1951605567282717,-1.1556415146228087,0.013177540265402127,1,0,1
1.420396431098524,0.5131289950462374,1.6536345627476938,-1.0957841902466188,-0.5497552852511502,-0.6922085662870537,-0.19982707457500648,0.7048814939811432,1.5134449753891508,-0.43168994848655395,1,1,0
-1.2471899921129288,0.0639928293663734,-2.4563568242636187,1.4246379971036829,-3.3229469905685955,1.1400557353201761,-0.6570074303162889,-4.1205294337818845,-0.1682422035305197,-1.3777825040362424,0,0,0
-1.1046249740939926,1.1886342341927851,-0.4115362047671812,-0.362763139234029,0.25991264780871726,-1.1656584911025616,,0.7883757270152996,4.749061026351962,,1,1,0
-0.30737031969723144,-0.6708457175450723,3.17916378225801,-2.4556530669198375,-0.3961278625163466,-2.8834494068802936,-0.9820290729649532,,1.2439419249661245,-0.6424316659023879,0,0,1
,-1.5961573473334325,-0.09969900955947897,-3.398118421989462,-1.7563574681653624,-0.5908199490179332,1.6058269554466116,0.19419826885670144,-0.3837529809130093,1.328355940390298,0,0,0
-1.2372549828746278,-0.19399639807558766,-0.04013855769389374,,,-1.5231131288984994,2.065944895475195,1.98427652929794,-0.15141606798642662,2.458800944546207,0,1,1
0.3898476493774196,0.8905130553614862,1.1269036093246738,-2.2829486263819585,-2.3945906072277094,-2.001320958407552,1.1821154254349233,0.530110757066719,-0.3632491822528304,0.7183211979934874,0,1,1
-0.47740623159781603,-2.8880817364177744,-1.1663326514087164,-2.654909992502321,0.14988128735606243,1.1946900640210836,1.4818013464136572,1.1268135563954988,-1.3743992484741285,2.159702794196631,0,1,0
1.7655611776272604,2.421815431164589,-2.023922638864486,2.0247917223790566,1.0937287582951192,0.6570993263165281,2.2782709047942253,-0.6830440244925602,-0.24718536535441432,1.3333405738298576,1,0,0
1.8082240091491482,1.154853955528145,1.2812245841697991,0.1293090702945884,-1.497868818645531,-0.6473690180155424,-0.9505842269458389,1.8290823554110116,0.17858859883365027,0.25706185925329333,1,0,0
1.402362653450225,0.9987478361882537,6.2362715828682775,-8.185191877472393,-3.939504937319563,2.753231236008043,1.4849247376871557,4.325641395671759,2.9427526460054367,0.3509610263928939,1,0,1
1.5122349106655983,0.15971852467531944,-1.3379583758874305,-1.5696499610853274,-0.6387797098937894,1.036802300447755,2.7478807851719833,1.3489093876491016,-0.03694118646749832,2.8913155113544144,0,0,0
-0.7713772263396093,-1.7049227570088257,-1.3172685516313891,0.33165245258731224,0.5202359297776513,-1.6630699652713745,-0.12924089752303902,-0.16015083503277416,,0.7624506321061914,0,1,1
,-0.7799635081573195,-0.25328601355725566,-2.655930949194022,0.6040267068096155,-2.060353932307911,2.846968429775636,2.226516913185639,1.0826249210022105,3.110740936271329,0,1,0
0.014816009930505383,-4.7921684515896255,1.1310652888094583,-3.7889696554227976,0.9393456392431778,-1.8909068962243474,-0.5617518806783377,1.5432706603145907,0.9354943958784453,0.5389022789923555,0,0,1
-0.05105441276005814,2.388208241449303,-1.1511394009552887,3.9392267124226787,-2.4665530106435343,-1.3519422490998285,-3.0665894043349944,1.3705430705726425,1.8991853208368699,-0.2539411018818948,1,0,1
0.23328758155737933,1.965212643523786,2.6204828728329126,-2.5749265367129577,-2.6834044319557817,-2.2604510339075237,0.8318449380513788,0.7256145755997141,-0.16112748668600121,-0.15024269009690064,0,0,0
,-0.23892094216671012,2.4079812336552266,-2.4435161536145427,-0.4334381590997882,-2.295881287512125,0.052261346900654315,1.797417358200708,6.369133920910747,0.18536660547188008,0,0,1
-0.9104176741697237,,,0.6022649696677366,-0.7005334052682186,-2.2900917545939508,-1.2413128453212692,1.8158046165147685,-1.5499991784960077,0.9132076058212774,0,0,1
0.37681507104077705,0.19911967664892105,1.9172203161609964,-2.449241523548729,-7.586391836327661,0.2682830577584403,0.8832815992639593,4.37588964294433,-0.711058356600492,2.2655748067492727,1,1,0
0.6675360947941315,1.8160064167529961,1.9673664748756212,-0.9339559171830664,-2.1260576927740864,-0.15870927697427006,-0.26754158486945956,1.9033659852608151,-0.27133916522600965,0.23641253551558764,1,1,0
0.29915097295744597,1.7934109357761079,-1.0795179706374394,5.274565169619813,-0.12766487127167236,-1.9089822847344058,-2.8177414676436645,0.463707145171505,0.3181423146963727,-0.33254956784882905,1,0,1
0.3801773876054463,0.8723031420702552,0.6228848671624838,0.18773218062598823,-1.4152354673671108,-0.5341851970199692,-0.5599426925962157,2.5548105771722827,0.0938329453855689,1.2859146165129338,1,1,0
1.6748016779357304,1.978526434187625,-0.2505503861179841,1.7126654274137296,-2.4495436028921054,-0.9335865276885709,-0.780100496017828,2.4727597302740296,1.1442051586579316,1.7063157525981398,1,1,0
0.35952316028032216,-2.070831866383863,-0.5534820668520344,-0.5817943266806195,-1.2439739062642254,-1.772282530055449,-1.0358451695443085,-2.537675405055502,-2.4237473182779774,-1.4008282658648936,0,1,0
0.8253075172403137,-0.6010906717946038,-1.8659339716916983,2.696404438219595,3.4229786420260457,-2.788744488657353,0.22610632412932696,0.9454099266144617,-0.2652238654505343,1.607973169387646,1,0,1
-3.3303770257255683,0.1084244706544637,1.0818714293567164,,-0.3085824723776024,-1.7554277463192807,,1.1799053457419348,0.22010982379366362,0.019229158070305268,0,0,0
0.302990856665729,0.7911018198311154,1.7192448683010464,4.564022476119199,0.14495425046192434,-0.776715813932663,,-0.15125932468815062,1.0075314024885402,-2.0191940095200587,1,0,1
0.2775539701598618,-1.287601661034607,0.44026284133173665,-1.511703438924339,-0.13958203174597184,,0.19537756832499276,-0.7218537669817069,0.32962553117474036,-0.30041079650282415,0,0,1
-0.7237887891138806,0.03924950012650641,-0.2443046194785099,2.711666660233619,0.9920412980909634,,-1.9753593919122459,0.019476011624367406,-0.7405815402049029,-0.7352024238233579,1,0,1
-0.6217656875888323,-2.2921134201381737,2.166651564633878,-2.83319072174833,-0.7818225422636659,-6.95649544518881,-1.0887284746062624,1.0623413456487538,-0.09561302341192035,-0.3994902248595788,0,0,0
0.994893334888379,1.6882222335723562,0.22917128530580044,0.7401596359162348,-1.9279520286050706,,-0.21766933762058793,3.7588329866786174,-0.5979454646241336,2.5189388471120178,1,0,0
1.3778796418184736,2.30861498590881,-1.1138514304513063,0.5747516760445022,0.7674107346394005,-1.9756007985567328,2.9046040698489213,0.016142890748112038,2.0079560958623213,1.8810553976073252,1,0,0
0.08507008538739401,1.5406543439319806,0.800746311716056,1.1737318681537103,-0.4362140714298074,-0.4440449404457705,307.90651208591066,1.24838849001143,0.15797937270525989,0.0018604711253189783,1,0,1
0.35700442529956194,-2.465238107753203,-1.6846265738307906,1.5047371488927836,-0.5109156776625221,-2.0224610348679444,-2.0566850413726834,-2.302573274999079,-1.3635358637280326,-0.2573038567398898,0,0,0
-0.47995676908502455,1.5162015151744999,0.20873373056930045,-0.9567733372564515,,-1.4323395181269039,2.062204577735307,1.5468388587780337,-0.8601587792614019,1.9468131684822343,1,1,0
-1.0949806181122828,,-0.7301032902766464,-1.0990438652909824,-0.45934431791727837,-1.3299693941001896,1.6039059029519733,-7.11244397637336,-0.6535992851816712,1.4117939155209887,0,0,0
-1.1030592641310144,-0.7706474394828302,-0.8102369536190234,-0.15147467485497462,-1.6972424552603216,-0.6279736856679584,-0.41152566959128567,-1.653470833059446,2.451712624997291,-0.5140858685362752,0,1,0
1.1195661169810924,3.380202401590111,2.226366116669961,-5.453761047487831,-2.329553344217097,-1.9236635171664593,2.6819263589571625,1.3197386290353583,-0.47823260785842847,1.1421065944631978,0,0,1
-1.3334321454495686,-3.1254989059237404,0.1678008805616733,,0.14246700972523896,-1.8489772576751047,-1.851686795652701,-3.0470032630721033,-0.948831871623343,-3.8707371896112406,0,0,0
0.17966603887158733,-0.3285793749231052,1.7247787905492937,-4.5407967455805585,-1.756011746537629,0.6988235299189247,1.9766789088268386,0.5381884184752416,0.9528187772234549,0.5168947905205057,0,0,1
1.624191327722064,-1.6415116785893316,1.7277599831528558,-0.7410439622370343,-1.2148269710097448,-0.9426551929121146,-2.81031079628754,-3.2446146019137303,-0.3112652143043535,-4.062591673369131,0,0,1
-0.46834868855944944,-1.107186083649236,1.1297783602949951,-3.82393501804459,-3.658776522667126,0.7884853929334534,0.29745181700597045,-1.1767189834306229,0.8215388173082104,-0.7803245150345829,0,0,0
1.5875809128423666,-2.9332789692536254,-1.3662229007789508,0.01662216955465326,-1.0937601986906784,-2.3704456237887213,-1.4625707984826253,-2.1887739410694227,-0.5755854538452915,-0.8202628393898593,0,1,0
-1.6051704424415325,-1.595438707314778,-3.3835500282186537,0.49915141485496417,-4.950697462604763,-1.7725268560837857,-0.6079591552642475,-3.4756984944546945,-0.9119399468116645,0.1883451296342241,0,1,0
-0.15722671689112,-2.0297693948255864,-0.03035702000576812,-2.9905413819525433,-1.376164728094737,0.10124514357083148,0.8606425609456612,,0.9368143169226666,0.9547859179880833,0,0,0
0.3621843221046941,2.9237743409536696,2.6411959358883728,-1.7216462325758057,-0.9596377253786632,-1.7484302089890176,1.4542905160272726,2.1552989371790297,-0.524892565636485,0.7402774713889254,0,0,0
-1.3068213411611485,-3.4853506573207644,-1.0874000384763796,-4.067874829366855,0.2058517208303654,0.5672026119458253,2.4491540321844782,1.0465119140782222,1.7582721578752782,2.601494408458738,0,1,0
0.047514634761288484,-0.7037660143416526,-1.309140756611057,-2.1640419491369953,0.923488566489062,-0.4289365561152305,3.431964902730797,2.3820869672814533,-0.9604169204092289,,0,1,1
-0.7497758750318108,3.500880095364892,-1.1136310899905064,0.5808642167560574,-1.2226349148651403,-0.08754149620230789,,3.5505661892990434,2.1145434623013015,4.297776287068811,1,1,0
-1.8960018949178892,-0.20524192458228996,2.4325383505382945,-3.2747423306211174,-4.236632136935091,-0.8712967795647576,-0.8966088529067104,-1.1532115959475888,-0.9670858727995406,-1.8706132278705991,0,1,0
0.2952297411054327,-1.2861397998926039,-3.117736590136502,0.6453807996699675,-0.9102730232119239,-0.1915747176610726,0.8789138849022657,-1.5364458261766178,-0.9130491839967317,1.3250746896866619,0,1,1
0.4356248795071857,,-1.2439731277908268,-0.6391384688435715,-2.286757347975434,0.10341646824725803,0.4652842221634881,-2.55573347564604,-0.2541087115983586,-0.48694294164842733,0,0,1
-0.2762103812003258,-2.498914272210955,0.5240995454785138,-4.023353992767281,-0.3371100488011298,-0.934183332428503,1.55106450066097,1.066980357936986,1.4115467054924355,1.4506426379566453,0,1,1
-0.9679628394617962,-0.17090179210180867,-2.154832847271984,0.2746409698409491,-1.7889554020631246,0.9743958398299377,0.7728028375340266,-2.02772954043653,-0.9577833569029672,0.3473641695589795,0,0,1
0.35969210431704673,0.5634841088150038,-0.6195553596543824,3.1083469476600643,1.7951058439119665,-2.5902005849662597,-1.1973756418306836,-0.6556231478662558,0.8486609521722227,-0.694514666718346,1,1,0
0.9831784809990213,-3.2207731324749753,0.8828881178281763,-2.1990010545992544,0.38341084407546044,-2.627426813127951,-0.8360492906255905,1.5678420499980312,0.012390076194007553,0.5949787119796746,0,1,1
0.2643014140759551,-1.131007425932095,-0.6062814468888598,,0.9431208849750132,-3.4114290798717137,,3.785012303757177,2.368393468235372,2.2368537139581006,0,1,0
-1.8234927350495862,-0.8027078409347269,0.758423211756281,1.1522910732504066,1.094573909914708,-2.1349557393321916,-1.9374894146222934,0.9305637950987664,-1.250428545040594,-0.5839686513335676,0,0,1
-0.23191840485901827,1.5350830856842277,1.2203925366854407,1.6015138272188791,-1.3194242840228902,-0.3026317875437481,-2.116550685636412,-0.29844987276441004,0.06990665445882359,-1.756848502083313,1,0,1
-1.14820729197171,2.260661325913953,-0.4157676212847363,-0.4240586731933611,-0.22343735796669162,-1.3842202605673348,2.8198484744178987,2.430822883814027,1.8387545009121138,3.1574750321973903,0,0,0
-1.1436713015390583,-2.97134011026481,1.3586644094922233,-3.9559422188475075,-1.9380417999475679,-0.19600995086988626,-0.5039135284794216,-0.22711488577099304,-0.41800912863341977,-0.647306235426781,0,0,1
,-0.9189250810866605,-0.2444446458291002,,-1.2054445405851728,-1.5988749668440256,-1.5366050029535305,-0.7756955364338363,-0.46491307555602296,-0.7240040658114022,0,0,1
0.5995112411642496,0.24020769811801046,-0.593601245902037,-0.30330787258199665,1.6810878372004834,-2.5421458813308826,2.1060639762905513,3.0950259145012726,1.0605598780918188,3.3662837230970095,1,0,0
0.44024803021039804,-1.612909718239314,2.131327133904858,-3.170935999210127,-421.3644994728126,-0.9593776669650952,-0.7128795845752087,0.43609524984284254,-0.8233495383626361,-0.7973759608223703,0,1,0
-0.6663172165446257,-2.1360493303823214,1.1628215613359292,-3.459385894967094,0.6574368988090467,,1.1388393554171674,1.9542616687966277,1.6592706642191906,,0,1,1
-0.6411124275444524,-0.9047472610265355,2.2002303998946853,-3.5906673385883057,-0.2056730168955483,-0.15591018015130576,0.8169703835427296,2.036942156123432,-1.4946702201942292,-3.898378240962548,1,1,0
-1.108016393980767,-0.43906902489292365,0.8976594224713978,0.9159601414406721,1.0111445603749338,-2.838882321968657,-1.4414956380939647,3.06472538135138,,1.0487728903037326,0,1,1
1.3170586779673645,0.3213495022638382,0.059777336113035706,-1.5888078376197619,1.5377218641426094,-2.963502768960934,2.8549509820161285,3.3514407037943434,-0.18173424485361891,3.575739585563666,0,1,1
-1.148848268166677,1.828859539834059,0.9171536067013107,0.7874108927425795,-3.05962429688785,-0.7131031224087703,-1.3342531378350122,3.3300234744755293,,1.4529583207728958,1,1,1
0.08303819981330346,-1.3800525568837383,0.321117767362359,-2.791414471086663,-0.05309708971903593,,1.50706672213669,1.5380458244682618,0.4221181149044621,1.7096676020939174,0,0,0
-0.3090602585769696,0.2497082872732843,-1.1275955951771468,1.0718480209570724,-0.7331873230112178,-1.6642977968592962,0.09963057538611286,2.886601460317658,0.08189667520079116,2.8346478167840297,0,0,1
-1.375320682059021,1.6405161925350087,-0.7720979150862414,0.9705724389951007,0.9933186488223692,-0.8788536732400556,1.6355263788722931,1.0188080217649764,-2.0017254812342866,1.6958749788357532,1,1,0
-0.26693968713962596,-0.11035368609006602,2.260794446647907,-3.0171696205688696,0.530938387002686,-2.2134983532351065,1.3234094782597248,2.557841558896138,1.6760214587599298,1.2187344892674494,0,0,0
-0.979565314634551,0.2602785832881782,2.73354835011159,-3.952473672108777,-1.5989479858382338,-1.5099302401249182,1.1376105483806227,1.011295546402886,-0.8017891079510504,0.028554784547569535,0,1,0
0.35976570416601955,1.416751125295736,-2.4908972618165994,3.1808302497928698,,-0.9803738680110442,1.8565974764991409,-0.2540847926976204,0.031769712697634976,1.58581148704038,1,0,1
4.907250705200392,0.6941438537063986,0.9316452933180784,0.854165395735914,-0.3813323636647822,,-1.3009466431505183,0.7191951542605053,-1.4756787481901583,-0.5685184179812334,1,0,1
-1.5613429830998886,-2.179190264102941,0.509544985860342,-0.2444893760916655,-0.5079656765594539,-1.9115304955514982,,-1.8268183576669212,-0.28124290633667054,-2.111220155365346,0,0,0
-1.284415026955091,1.1036275872626893,0.31153371692879595,-0.9873298696140282,-1.0538096176607792,-2.042633629308342,1.4665327326757587,3.6177543943107864,0.31251516619556136,3.17957836640717,1,0,0
0.7274902041567654,0.7921350327386454,,,1.1732708450866385,-0.18129581615563695,,0.2601412616191764,-2.2059351799143783,0.5539081540457104,1,1,0
1.5603668175048813,0.27605086810920487,1.6462009909989703,-1.4091537161533552,0.7453155333875103,0.24445014247270258,0.38605177866830975,-0.07819066745039738,0.87713461937785,,0,1,0
-0.453157893685935,1.4266306298135272,3.0574976403987977,-2.432895408230069,-2.2907309590375418,-0.28663170322802733,-0.14989815197196665,2.0994702648090513,0.06306502948812001,-0.11757236603241569,1,0,1
-0.7758643055602588,-0.2035633091157496,-2.9221711182936065,1.3119157381580784,-2.1867948256528598,-1.1550399191811351,0.4776355471890077,-0.056595739680198376,1.0349381631639325,2.204880670540444,0,1,1
0.22622628142460888,-0.851789167220905,-2.311801093825186,0.28546074650354974,-2.0230216272717216,-0.9209395203544984,0.43756188839465837,-0.8424656920348184,-1.6661892380266072,1.3258159879416176,0,1,1
,1.1557957306716893,-1.2070709466577236,4.488295982532814,,0.8589309878949043,-1.827682695928377,-1.4559527779669779,0.07759838974533693,-1.5693809660208506,1,0,1
0.2523659241830736,1.983579267769396,2.1085612306635135,,-1.3564561647333386,-0.8117065633782538,-2.8704593731403674,-0.6257846496178774,-0.4155482714426437,-2.794990413816083,1,0,1
-0.8402517646186641,1.617129023874181,1.4838327188549996,-0.414378997412106,-0.35062212630369405,-1.3873085808677328,0.33638906607579355,1.2639486592733098,-0.5726082756051067,0.24296104344795502,1,0,1
-0.28948326918784945,-2.101135664446203,2.962117038234971,-4.288950222974979,-3.941802024153019,-0.7885595529346954,-1.8289771315736454,-1.4202321517151413,1.7107757776943866,-2.684681703553681,0,0,0
0.5929508094251296,-0.5974878212103412,3.7330322902196444,-4.087131657808286,-1.728349083390945,-1.529022719406416,2.339796707848794,1.0381018689035255,-0.7522345365274425,-0.7896315862711286,0,0,1
0.1791278137789563,-0.12618161117554183,2.113560188319197,-1.6438182627837319,-0.03839237449962085,0.8795783223492777,-0.4687162660966486,2.7245009141858474,-0.6484461354162487,0.37870943881842,1,0,0
-0.3191180896979034,-0.4205127478063506,-1.563120282789535,-3.2207839902505677,-0.7949324838091885,0.6137147566517629,4.160549775960641,1.0711352064455448,1.0153427862709963,3.582597176448095,0,0,1
0.9626849170525694,1.4444776207779304,0.435665644519712,2.943092888191549,-2.044056105226182,-1.3338074803045723,-3.016744926502938,0.702536226386153,1.5405666113413128,-0.8721905054033066,1,0,1
0.14854752771129245,-0.4608204053874202,-0.996902790333388,0.6849085371697521,-1.5514438971530267,-0.06549758072323064,-0.8212922102986518,-1.5030538537544995,-1.2217363696925094,-0.5923257483219959,0,1,1
-0.5099145018382725,-0.5268430365804171,1.115397254491013,,0.3027271521026422,-0.6021243795743694,-1.0202113990647823,-1.0902972503980446,8.816336816679796,-1.765555886716573,0,0,0
0.5503804701530215,-0.05203722769586849,-0.4749882363833591,1.9581510930703223,2.3383409030635245,-1.6928989670895955,-0.47967682500371256,0.06963584495519837,-1.684224797530156,-0.06664339390658662,1,1,0
0.6506108961061356,0.4841808928599376,0.28097055642365043,0.11650148005000069,-1.8197576385863177,-0.7542806075781672,-0.7105488879647174,-0.3263869278585556,0.9839269092062237,-0.425450837086848,0,0,0
-1.3762212204043263,-0.16682687093056914,0.12837827151526304,-0.38120983271784503,-1.1911951016117455,-0.493802112859845,-0.37441250322776753,-1.48190198595771,-0.35210499414442864,,0,0,0
0.528777158908762,1.484700654359575,-0.45228018868333075,2.0398662438998474,-0.6569976348800646,-2.097030080957225,-0.479342835654897,2.3922125809140793,-0.1258793273940902,-3.2372936474262293,1,0,0
0.642400422547114,-2.337213483915834,-0.3001309128423779,0.663959545649452,-0.3768552096068747,-1.8053437900387257,-2.401555577821264,-1.568203426268572,-1.6749163979182211,-1.6152092527191118,0,1,1
-0.1008609230790248,-1.3673240557193918,0.9300498538818505,-5.3838932113700455,-0.899793351696806,-0.9980559295518064,-0.5929555311758812,-2.402149062302722,,-2.0895750521522545,0,1,1
1.3627595622962556,0.7306028096300919,-0.8635182865065509,1.081231028328559,0.7916871348102332,-1.064390506883798,0.7165116676098742,-1.2645524540288626,,-0.10099206333672815,1,0,1
-0.751856743969934,0.9797606755011562,-1.3448811547498272,-5.94061874111015,0.41935416888528154,-3.6264937644890396,-0.7694753347520791,-0.9763470297237047,,-0.06383801619776865,1,1,0
0.786860068735157,-1.2532782559500946,-0.6157831840578172,2.0477462935788653,0.5136690794639545,5.992117047401131,-2.3160531448345196,-0.4363785101766112,0.5904523007847245,-0.9454799649779428,0,0,0
0.3962775398868718,,-0.31178309234142787,0.7570871433310519,-0.5428523651180239,-2.585613202651887,,2.1971701141237725,0.9805632589915355,1.6479470370088367,0,0,1
,3.156617511048001,-2.564033785964382,3.78681312352923,3.181133791551203,0.06170558748998323,2.4888920785527855,-1.889839576808237,-0.591374223391938,0.6433886474702322,1,0,0
1.5328131323234198,-0.06812687131022466,0.5826057078983917,-2.1518739814920185,1.4732929598959719,-2.818413647380109,2.56189465327825,3.181514059831116,0.9880959835766874,3.0611297728459803,0,1,1
-1.18096361784702,-1.009022598137389,-2.1795483198326333,0.5422577177315191,-0.6751594983737299,-1.1561741826053051,0.5189672741822144,-0.2711327275843536,-1.8381075650588399,,0,1,0
-1.0273134230509724,0.6649118357826667,0.3347953644122157,-2.8347526391775277,-2.1459574502811014,-0.3421215649571887,2.3048275914758127,0.4660655991270384,-0.13897273155510673,1.4627682089012544,0,0,0
0.6429313324226437,0.8437441717813452,-0.31682507290604467,0.7080297570216095,1.8934977342634487,-1.7968048585036818,1.2484359667061047,0.6321518136283105,-0.12816917026649377,1.0270147839726014,1,1,0
1.112268293035107,-1.3936158497277704,0.22221475345400954,-3.085882748717495,-4.3076922179941874,1.214774003026129,-0.15303236208015414,-1.7858483933861264,-1.0595185846941766,-0.8285669267048076,0,1,0
-1.8878622372223484,9.946139855665159,1.4697378656995914,-3.188455544615088,-0.689636881013729,-2.325879317666331,1.146677187809185,1.3957310566319188,0.7025030190633578,1.0165183111608027,0,1,1
0.07778434197711431,2.1834072518446774,0.11514830552632926,1.0576982148699232,-3.1879098862924753,-0.2939440570032995,-0.6040305753507267,4.178897956877467,1.10227652658535,2.755503545571811,1,1,0
0.3204616215115825,1.4979673296336724,-0.04898829022601947,-1.8628199233170055,2.779087616106712,-4.255956967120243,11.469667307048983,2.0349567098674033,-1.0735434435238893,3.5327185011711197,1,1,1
5.062598391937464,-1.868239054653519,-0.19740254491820253,0.7793471453250277,-0.42402815497095736,-1.7356634689786532,-2.245408216857238,-4.193260273898623,0.9741184682336981,-1.3752219177666074,0,1,0
0.6505364889776019,0.3742495569866283,,-1.4071925867923665,-1.4614164434368413,-0.8715598460017988,-0.5780063734010494,0.39304997903675265,0.5529941576713682,-0.783849325993565,1,0,0
-0.4293438504947142,1.3975418606315528,-3.8358140969263785,6.041065685446953,4.118051523681608,-0.19819284175586505,0.2622718522124474,-4.551921385414669,-1.073107414098677,-1.4454307041723224,1,1,0
-0.7256676028830206,-2.263472890932765,2.1056062413047836,,-0.7903989101831496,-1.709812732412828,-0.671497687802832,0.918642230197505,-0.037217858663773945,-0.4336426248294234,0,1,0
-1.0067925593266038,-2.072869690721617,-3.4714521774711757,1.6722437103278671,-2.868457876250742,-0.25079675182707917,-1.4008636956269689,-4.161730196512794,0.5992276306643892,-0.9715839249017628,0,0,1
-1.7685856699134812,-1.6373534230456066,-1.3276340403314182,2.684457642131482,0.646190971426168,-1.7556667400257635,-2.4104137850688367,,-1.0257935849257411,,0,1,0
1.5686819188413577,2.789907317153056,-2.889141113818974,1.5490035864114813,,3.183752221150062,0.9419907106902083,-3.2262827114591697,0.6069137102870481,0.07738206379301485,0,1,0
0.6906175221456182,0.45267366783398555,2.883467338623941,-3.613965678451089,-1.8168436451521777,0.7873399332233619,0.5541634025326723,2.364887234623189,,0.3899502531061991,1,0,0
-1.014477491016303,1.3522350306130995,-3.072111627936162,3.8846804944322706,2.138209426253386,0.21441747721255178,0.9872218012748439,0.5046132896042419,1.1806432316604467,2.0881065242961943,1,0,0
0.8930559267110364,-1.0236118478944793,-0.7794166101330846,-0.3385706549011165,0.2865453909661415,-0.5259987679145506,0.4742737619500552,1.8563223385987777,-0.23861702851060518,1.9759759985312761,0,1,0
0.5497512216450848,0.8787568711297679,-0.6459895436899171,2.0739493874092965,0.6277909107787055,1.4848895673855034,-0.6344871607520577,0.566439454418029,0.16261562358226733,6.773222824394366,1,1,0
-0.5468372457604648,-1.604836025353817,-0.6269277353421081,0.17680499204831662,-0.7616716543020392,-1.454162174621653,-1.1423203968777345,-0.9845843889627584,0.08678742627404129,-0.49452886934935425,0,0,1
-1.3119615453661218,0.9950581467811024,-2.5072681644594255,1.4714523710868603,1.3598665544533983,-3.7277989209947755,2.6215298133246145,-0.3333301651505973,0.46646969093630625,2.4581708614453928,1,0,1
0.23146158249877297,1.7391240091640476,3.3576909211731887,-1.6390281964671136,-2.202262007657274,-3.6796828584488797,-0.7151104754773021,1.0850100802444953,0.3097295030870087,-0.9494223630451081,0,1,0
-1.4005223910307123,-0.05804658646964467,-3.6851702809717515,2.0650187257667825,-2.5691121743135037,0.8836760417109917,0.15886281204801134,-2.5111040201111923,,0.6874885447640496,0,1,1
,-1.3397952910953752,-1.4479001155952118,2.101461916290756,-0.6374955963062225,-0.5476484662285561,-2.166630424723353,-1.7637789431588027,-0.24708649670328767,-1.1555836972658668,0,0,0
0.4619980237030926,0.427677708110912,2.5697136024432563,-5.081882414037427,-0.48845296153338835,,-1.8228428001405859,1.193015601929441,0.11665065001560704,-1.5137458024278205,1,0,0
-0.7602623997034793,-1.8611117511732604,0.6553543383264806,-2.8662655033560243,-0.6198354976499248,-1.2834906828131902,0.6608266219582715,1.0440689911048757,0.8697620581762918,0.9756760554035591,0,0,1
-0.28063747931345684,1.3889517343356603,-1.2268566748613297,0.1254843356421242,-1.509547066458341,-0.6333234608010301,-0.5131789398318618,1.2728219135538863,-2.463684123905563,0.21692766489582427,1,1,0
0.11906207824307634,-2.096765415381289,-1.4030268589107306,-0.1035145108662588,-0.9829746286360461,-1.7398370011760136,-0.613552147976449,-2.342311107091869,-0.5540155332467,-0.6421444544673787,0,0,0
-2.741489429477377,-1.4648963369904884,-0.35400127374740675,-3.475809311131519,-0.41058706902747266,1.3806379832862299,2.4781510158526405,1.1429765665466247,0.388214991591073,2.139731302611786,0,0,0
0.2925984457408303,2.2588522953330727,-1.3449067904072252,0.3855412692867032,-0.3427934221595461,-1.8211653124614642,2.8215196536401113,0.785233418039745,-0.07460538911875449,2.6230413364663123,1,0,1
-0.11678452577639813,,-1.624630553703045,0.9340584284206789,-1.5428423863144736,0.13189272439203892,-0.5869873387583808,-2.0045880404167873,0.4342914613157309,-0.4855464778366292,0,1,1
1.172251512984841,0.6297820005206352,3.3618396056286146,-2.8260986636948235,-3.7316100055444883,-0.23146039983519406,-0.5109143020521305,2.983077628290606,0.5697833505344024,0.13804156168471715,1,0,1
-0.2011861701509173,0.7242192363972468,0.11337718968688915,-0.2147802392886928,-1.1172049451034427,-2.1629008339682576,0.42791585002556587,0.20431469483442122,,0.5665725575279383,1,0,0
-1.564915924160071,-0.8985875189160767,-1.742817432296286,0.738343511276355,-1.5336862230181851,-0.3376617359009251,-0.48134297102922996,-1.3576678492726066,1.3723639452651701,0.12703981210477394,0,0,0
1.268780588413842,-0.9767731544739681,2.9773198679989648,-3.8518344591201243,-3.093425994743491,-0.9329749796609029,-0.9621702141005875,-0.5117737085417169,-1.3865600587809983,-1.8630686637387333,0,0,1
-0.6932333367169472,1.9381112878493023,-1.7329332611804027,0.07652235352533618,1.9582752094275682,-2.9672227228018886,,2.2689702460701553,-0.7201610195718389,4.367046561123228,1,1,0
1.6759758710680044,0.7633865538683816,-0.8873729601766942,3.245391693371531,-2.6880500392704803,-1.469070795110107,-1.7653993044164957,0.18089584115528112,-0.12950371362733745,-0.11936323786832669,1,0,0
1.021658728197938,0.5151728845198168,-1.512829647509116,2.4144698600551426,-1.0629430360642496,1.2807117600226507,-1.132871892513414,1.1508354569754042,0.059654565007084104,1.0705433383002723,1,0,0
-0.9733574194340967,,-0.596447387543799,,,-1.5999256138251456,-1.1812269128109238,2.6463376076589635,1.0689184152380338,1.8136719569323767,1,0,0
0.8468697346842523,0.7820668424697914,2.212795649033467,-1.2400163733714171,-2.0645408697095355,0.44273272842115263,-0.23984096678227074,1.683957785697454,0.287994312427,-0.4115366385107637,1,1,0
-0.26721202369464575,-0.13153692642769654,-0.4078774921786962,1.4454062575567168,0.3306362903127087,-2.964197884725504,-0.744904102126742,2.978668528255346,-0.6999809002033711,2.113033839273555,0,0,1
-0.745763744110666,0.26555441043928685,-1.0985681744220521,3.7286411711356346,-0.2086459690335104,-4.085501267148875,-2.4375467146573992,-0.4938496484020447,0.2343139886115539,-0.5700455836237184,1,0,0
-0.7361970843826743,2.8305517547879075,-2.7401661828608868,3.298983978334572,-0.6505587872124594,-0.13275990540860982,1.3697793232852584,1.222324606827862,0.9910470469274518,2.8611321648087937,1,1,0
1.7244183606099057,-0.5149346119008773,,-0.5814038271602116,-2.3756331736829637,0.7082100942013141,0.31856071176579137,-3.4001159577007103,0.19977622183509458,-1.1040553877360713,0,1,1
0.3935720111545927,0.8187837090428789,,4.346076191750533,0.6722665504008869,-3.6459001382379754,-1.0772049790782963,2.1503173444372505,-0.09515935148561522,8.319077773403558,1,0,0
-0.13729106791036658,-0.7768970502675995,0.13342236925659445,-2.287058274425239,-0.5318899438043542,-1.0781101264383517,,1.3209636135147493,-0.18010260135135786,1.729363966260425,0,0,0
-0.7336079460866397,0.7752696791075295,,5.222279497599066,4.1952471901784065,-0.15347072546023333,0.4623046044176671,-1.4258337146629736,-0.7255183044419155,0.6323918988980951,1,1,0
1.3740565511599814,2.3190540334943925,2.5083857891380124,1.054519038935224,-1.6095078482197804,0.32036531569129667,-2.300651130866155,0.5200914003021169,-1.0075108556332457,-2.0770574093326033,1,0,1
-1.4056768077040018,-1.6203233233755405,-0.9261668041909823,-3.4362323153225676,-0.2902615411668925,-0.21853273110902183,3.051388360067988,1.2355873408947442,-1.5364597035461218,2.9228659713504124,0,1,0
-0.7780089123665535,-0.8379706863348453,-1.247943817168808,1.2532263309361829,-0.5273780292627787,-0.9772201869384343,-0.930409830413607,-0.040752971035371344,-1.1393116720675505,0.44952892728510263,0,1,0
1.0869156177890007,-2.6153550439091955,1.8444820672136026,-3.696718764293586,-1.5416929307273948,-0.48164023195654126,,0.17084359033511876,-0.9311578501566012,-0.8123910994150028,0,0,0
0.40239116902820543,1.5289591325161571,-0.85226916015156,-2.28282651257548,-0.783613396487265,0.6236785314798743,4.139687681335985,1.6453031761957408,-0.12051837437919372,3.425121624744485,0,0,0
0.8636299105789041,0.839259322339942,1.6552921283566853,-2.135995893326121,-0.6712181079575965,-0.8463974535317164,1.1558198720997086,2.23596872563276,-1.3235943920134368,1.22749924776414,1,0,1
-1.0308152774500663,-6.547479698373756,-1.509989495316922,1.2115197938714437,-3.472770333089778,-0.41171601309516037,-1.7610966510149058,-3.298655862587443,-0.3387430117714108,-1.655601658484953,0,1,1
-0.16306127972697482,2.190638690223807,-2.641593725161413,1.93207049590308,0.886601510618638,-2.287750692804635,2.9948509714430145,1.2736431476080188,0.7561151761751815,3.6291704120343615,1,0,1
-0.08900053660847063,0.5141402721574082,1.1496537337241408,1.1438661376189763,-0.4908578884466216,-1.0569202368236073,-2.002511888003628,,-0.5578922599036563,,1,0,0
,-0.7619527451159371,2.8985433014395494,-2.1520580116571866,1.39243773595579,0.9143834836667266,-0.6607329724188458,1.6269105104805734,0.14163812813565044,-1.027334460706413,1,1,0
-0.5002158635937571,-2.096512072610118,-1.8848706217919537,1.7086322477945568,-1.8649279406008406,-1.8050138148957955,-2.3497487558417016,-0.6374854954398683,-1.2729933322312716,0.08759844425391285,0,1,1
-0.39571611087514297,-0.056866848514891766,1.9382473145048356,-1.3328171174205687,0.9808001244116313,-0.19849770815007095,-0.11351314866158124,0.1037174441367601,0.40475085899636126,-1.1601231631780777,1,1,0
-2.3669689575063617,0.35767069475472524,-0.7135381102013675,-0.2970516298310473,1.9699976031196549,-2.634218197253607,2.4064163819344824,1.7151712472652785,0.07619242144872226,2.607624674861117,1,1,0
-0.0024678493121753704,-0.13912868433926373,0.626797196087783,-1.4009324449333271,-2.6677357244366866,-1.5456915346348972,-0.318932389578494,-1.5595464479879366,-1.5062148709065084,-1.0326772515233142,0,0,0
-2.7751884611081024,2.0306047399148777,-1.7065560304503327,2.915864942387181,-0.5166447310188862,2.0996963237516235,-0.0332252893695979,1.28447240496568,1.7924508231385923,1.5201789245342598,1,1,0
-1.1814412615773098,-1.317929451900644,1.7069144825863432,-2.278499116350023,-0.8815806417962947,-2.9601793768086773,-0.4879801577653604,1.2206397844058208,-0.06602198594602875,0.13234707129811735,0,0,1
1.4589798168318389,-2.184540113138234,,-3.5117507739230884,-1.4117385769734998,,2.5584922729255495,0.11454496378663603,0.2694234520549011,2.298357388167372,0,1,1
,0.31366353478727604,0.16154647032950264,232.79413862251087,-0.9248417749838853,-1.4508491036508107,-1.7001213214509705,0.7962369101412072,0.9452143122503819,-0.10786609407113891,0,0,1
0.47439106515605706,0.1950116230236294,-2.9266558275682417,2.2827642944611695,-1.8076471019622828,-0.27687940616799167,0.746885680970628,1.0115387643658496,-0.5061974766426176,2.5084917739478136,0,0,0
-1.8206594931993039,-1.8057669164869319,0.9243705656177383,-2.499780402454816,2.0759992464545935,,1.3162808852047099,3.1165902286747813,-0.22909010338315364,2.2102402799975143,0,1,1
-0.4292742228731781,,-0.873381772335692,3.5723561673611592,-2.01415779932519,-2.4466745408844064,-2.215454632334942,0.7286134048179658,0.9083110412118409,0.3284060437956149,1,0,1
1.2994312150704548,,-0.4929619282662475,-0.6802711027131533,0.7395862258358334,-2.439137215204731,-0.5915652587245681,-0.9867992938516817,1.411105009112135,-0.34646622467647903,0,1,0
-1.8640648250557121,-1.1647419741288974,-1.318058963938571,0.056889786046190285,-1.4299136389115363,-0.6688495348697483,-0.3665960734996686,,1.3125093439544353,-0.7298537408164227,0,1,0
-0.4070318269460593,-2.3914241425086527,1.8791852594936649,-2.3189031018311543,,-3.755931801425825,-1.1315180822729922,1.4879286199303263,0.6072550177549216,-0.02746693336260725,0,0,1
1.5552814967797692,-1.1204879067688855,-1.329422586031634,-2.336780900790553,0.6512968706571556,-0.4597263285827222,3.161496447902747,2.0599531189071376,-0.8708988204679343,3.6098823323123534,0,1,0
2.3583945073710306,1.199877812455731,0.28787577518215013,2.220444919510628,-2.115663482395583,-0.3207705864240471,-2.362328098285685,-0.3366908228675758,-0.45855266013119844,1.3264614758770026,1,1,0
-0.8408128015597823,0.541078694870245,1.582839377808789,-0.09217809958402656,-0.7939765831313896,-1.7525763883550578,-1.2061730878501413,,,-1.6886161465873066,1,0,0
-2.1023053913449403,-1.7293474005029705,-1.5893517471437812,1.2291875177422615,0.44166729885702427,-1.7106616016081775,-0.8328560305012069,0.349704759811319,0.1395631528213373,0.9456841758143961,0,1,1
-0.5471746041437677,-2.767686402512786,0.10558633687039243,-0.3027592595737247,1.1309760961048445,-3.8339623420938542,-1.4724164726094218,-0.8741221890160813,-0.1376568784726773,-1.0943111596195978,0,1,0
-0.32810928836024106,-2.0647636118456294,1.6053743647886376,-5.023365465470703,-3.551974043786643,-0.04305138058163538,0.39473674280073967,-1.246629435482451,8.469755338150005,-0.9149612003850419,0,1,0
1.2882104710660833,-0.7826192080614255,1.4394100020719278,-2.1241011296559997,0.293977025431837,-3.714739129577443,0.648409416996606,2.2006319975025144,0.8381468968971604,1.336205743066893,0,1,1
-1.5136541744623178,-1.0379703760816346,-0.14119893954147644,0.7203351314292319,0.4232238469047147,0.14122001688389751,-1.346026779082012,-1.3233350778033326,0.2524485549536634,-1.4269687249116605,0,1,0
0.1332955505143741,-3.960458808363458,-0.13262503487485378,-0.08392331058778875,0.7436000657518358,-2.7215986901680744,-1.5210067777650775,-0.6501046845244138,1.5414683957782052,-0.7243191483208239,0,1,0
-0.5351642671676378,-1.0110403008862496,3.4538583506543126,-3.703733987264673,-2.9967339350110214,-1.024600697666337,-1.554936220071097,-0.32510502103100625,1.6904526695858395,-2.276698284847628,0,0,1
-0.8282057056592972,1.515115124744523,1.8516471138159785,-2.296698889937358,-0.8936715299974566,-2.8926285794489535,1.7624699343132821,1.920917832475159,,1.356341417348371,0,0,0
-0.076993664138338,-1.4589832389657145,-0.18510626584854406,-3.356834468814536,-0.714698386734,-0.6752103033252401,2.2334654428177014,1.0263073914278316,1.264915894972302,2.0826209970185285,0,1,0
-1.172411607833743,2.612574012693403,1.7556694495744782,-0.26322304680199765,-1.9829303676123908,-0.8280710886135413,-0.02286743025151361,0.27200197705257145,-0.14513458302134166,,1,0,0
-0.15694480527717874,-1.3272363473531534,2.1696622399692904,-1.6429886848739677,0.9683542660420038,-2.453677183811937,-0.8414616058559337,1.99278247038395,0.1417765607994892,-0.06029919448503666,1,0,0
-0.2542156502880655,-0.11962334781675898,-0.6373492670988126,1.0434380301963977,,-1.6028283992395318,0.7409135487324583,2.833637355108798,-0.6499442953076904,-10.858214447726333,1,0,1
-0.36888104296604934,1.2951365573960085,0.5231097013333735,0.9371603116531102,-1.1445046257695026,-1.8811408436263304,-0.7194590486920627,0.4865835944872303,0.16239990651958913,-0.06289631043891376,1,0,0
0.9062811201760208,1.331103708191999,,,-1.2459110454265536,-2.1173289156448867,1.7926246953155436,1.5079638521678382,-0.3118270528745533,1.166318939370455,0,0,0
-0.9271429855355432,-1.0009678004422295,0.6222803156865249,1.403012993317428,0.43452386793103126,-1.639017941483977,1.0219738283337607,1.9610639062732051,-1.3301003827998792,1.6248666447589353,1,1,0
0.38365502386678896,-1.595560379563973,2.8613538049089398,-3.1490685112581986,-0.11291013266390548,-3.895536328255782,-7.046704639372309,1.7980618330469254,-0.8781363180854069,-0.12858345250093298,0,0,1
,-1.8711156582026185,-1.0684097828426098,0.7253970011105673,0.21323814657271978,-2.0883094094174424,-0.9942864048790258,0.5726573477375421,1.1665772055734005,0.8082169723689647,0,0,1
0.38497098131969715,0.8659391134329525,-0.9106904806603708,5.28891299169315,-0.7184403405503891,-2.0731667855600175,-4.035068019897711,-0.49549556220655044,-1.007030864852526,-1.4718260534074368,1,0,1
0.5380847863116393,0.9634327451766063,,5.137275962158596,-1.5675133221985642,-2.665196140044195,-1.3142508855731416,,-1.5586998053939083,5.233953980661664,1,1,0
-0.42023907486497714,0.9092245271634543,0.467115866704803,0.9883726340078481,0.1979789659178386,0.974779508549118,-0.6636792689285971,2.049384058300992,1.1859082554298621,0.6300857156405995,1,0,0
-1.1074250456007102,0.4320365422428587,3.5331341838768378,-2.2395688499530784,-2.1242281716628106,0.26639212387011924,-1.6671144563685307,0.3791879830042003,0.10400542314856936,-2.2362961277899553,1,0,0
0.48398016196619054,1.2239225376033858,-0.8618899568540209,1.454431855209055,-0.2889129774566157,-0.765016281047495,0.36917175398533075,2.857778211733309,0.12415860384721537,2.5831303373650325,0,0,0
0.03355159681824261,0.4184420197014098,0.32427598713522987,-2.439052753693054,-0.6988051750408439,0.22089559024527694,2.296010172683183,6.1112209939043876,-5.084519537671694,1.9530140810020118,0,0,1
-1.4573047689855358,-2.2055193312311454,-1.1172013880111602,-2.4790972479890288,2.620826877443336,0.2972479023233998,1.5125135526485665,0.6985441651308082,0.4234583318303899,2.009153471503686,0,0,0
-1.3387992115794456,1.247725973438765,2.1140889298307957,-2.494428986836461,-2.066763641651507,6.325327921780457,0.8717329360890433,2.792203156474805,-0.6278187459533185,1.402614443186734,1,1,0
1.1316785370012177,-1.212100084478597,-1.2006121495703326,0.165434312487446,-0.41025917149943425,-1.5748182305800662,-0.08397945802344575,-0.9599602749144468,-1.4903498074607975,0.26368509959930314,0,1,0
1.3271912228017868,,-3.169473621645793,3.734194947157774,1.3223148744170818,1.460637249541311,1.921124801696415,-0.30654368984851077,-0.32653660337632845,1.926317156775699,1,0,1
0.01877772338794696,-3.7606861847678914,-0.07746820661559717,-2.8193703958892513,0.7645732036229385,-1.7532043407713833,0.3831261559095035,1.5728339199563548,0.2727933862859796,1.5992198159811726,0,0,1
-1.1712682101586152,0.21153315951394303,2.0190646781753285,-1.3406031077587146,-2.593084682738496,-1.5164808459829557,-1.3436829051150996,1.0310942125671956,0.25372450310419264,-0.5744513840374295,1,0,1
0.4406625568120475,3.222302711931251,-6.0619586622057335,6.0324907769987375,1.1858125327436366,0.6484667553725876,2.7556029155806456,-0.5865437753335778,1.5006608494600309,3.7767689379822516,0,0,0
0.1051599818512121,-3.446961224959901,1.3926944702517485,-2.63569596707709,0.3557796768761836,-1.7743686064987205,-1.1541168884797228,1.4229945389364083,,0.011831737942071693,0,1,0
0.04868388490154364,-1.0886498739738322,2.1173083187818484,-4.096178115039968,-4.361008874783382,-0.20398133316414302,-0.5925719705773735,-1.5635793443746815,0.4634603556662172,-1.8129146096672972,0,1,1
0.6503111974963428,-1.56974158205094,1.126023420744696,-2.2060951897325727,-1.4535827314504364,-2.8200536905353997,-0.47968847827332994,0.5975831928330426,0.8584588426390306,0.12002383507781465,0,1,1
0.5017163242341968,1.1283053740962026,0.08607064326785585,-6.9200372840507,-0.26608094058455045,-0.8895731955240864,-0.2222347292173844,1.5912629141770531,-1.0103297875965338,0.9530697129302129,1,0,0
1.359137683302019,0.9841212552958465,,1.5004939783887432,0.8735237907657825,-1.6875428301072843,0.17604364914764203,0.9123851406182469,-1.094545975119,0.8743359187715491,1,1,0
-0.6614541099507707,-0.9917291284772024,-1.0843744499423258,1.8179276827119895,-2.6864299138931855,-1.3199504440533607,-2.7584584205975293,-2.3502942047835003,0.9872372384192569,-1.7042680304441393,0,0,1
-0.35870624076616664,-1.517678176599569,0.5571792036679191,1.0140947571775958,-1.473193657041551,-2.302693854644647,-3.323839411323135,-0.9399100824354384,-0.5001690973739038,-1.9597597485749343,0,0,0
4.659164626554533,-0.5719360036367027,0.8007450780140228,-0.03017962982223948,3.6897103186652136,-1.0113022513768353,0.4361005859512447,0.3406742011438064,-0.5660097285200234,-0.3702455959507177,1,1,0
0.7135661515790268,0.3004049767217434,-2.598506236521878,1.3748266704535352,-2.141631261485877,,0.27201644110485157,-2.2442008281392636,0.4233233815151238,,0,0,0
-0.3806974256166236,0.09296505064242067,-0.5277488045969503,-0.24532783564019486,-2.414723896684679,0.2750650761842144,-0.2870659672512066,-3.0340096076521728,-0.07240514731789721,-1.5859568898868213,0,1,0
-1.428856613893435,,0.18989835708442593,1.4516707678175385,-0.12860874414707968,-0.699430898026369,-3.988124797009628,-3.579131787274115,0.15769421996281013,-4.079556759384578,0,0,0
-0.28329295941771204,-1.2273107291963643,1.2706296269382196,-3.4266697856187665,-1.7460002804436718,-0.25568053537970903,0.5891563008483529,0.34000213118030376,1.2913307290649598,0.14262077887041347,0,0,1
0.5552941900136158,-0.9875986955097893,1.2804315325110702,-2.1147228980979786,0.4056017376045469,-2.8885041559645126,0.601132536749061,2.199210555523406,1.3253089972677385,1.3255032137619993,0,0,1
1.7297873874562433,1.0435506046007832,,1.9123435001145654,-0.5882908662334889,0.9056989953927859,-1.167475890166767,-2.095280725246403,-0.8244232886633468,-1.833818083091429,1,0,1
0.7055485647959867,-1.5983073710388034,1.5822819053537964,-2.812297060185578,0.31415428160689585,-1.8690222699581978,0.39163035863704176,1.9332731065996847,0.15552503758365635,0.846650397943518,0,0,0
-0.5412944891384287,-1.0031344935976843,-0.85013475309171,-0.9649698191915617,-0.15505131116372295,-0.1842876177779934,-1.8249626978244649,1.5459005455007429,-0.22810468445151663,2.069851121277712,0,0,0
-2.4857949122861833,1.5008663717319775,-0.5200737059054992,-1.4299270304540426,1.0496807102881993,-1.288515659146606,3.8846499478319707,3.091340379820146,-0.5855215618957392,4.0256097497043735,0,0,1
0.11122091548342763,-2.347897260174986,-5.421429370539925,1.3988285754455763,-1.470788553556908,-2.758633645588393,-1.4004492544310232,-1.4544043427620046,1.229781526972715,0.37773726268264385,0,0,1
-0.767729142768612,-0.09794424236862898,0.17424485506162402,-3.198168058780903,-0.9278505892440583,0.8008373295953646,2.64336386785388,1.1218360464228514,1.445635046658087,1.9352681722219796,0,1,0
-1.2127150757988507,0.9941398404514341,3.212822572214334,-3.4672965093507293,-9.192600959467514,1.0184410082181623,0.07832190303582065,2.769879194272238,0.9008644405489943,0.34037425396795684,1,0,1
0.45858677994858266,0.8446520866790579,-1.7490526083053828,1.7450605071258694,-1.5487972055046075,,,1.2722962181326456,-1.405746275890388,2.119308949317922,0,0,1
1.1508346496843629,-3.0647465277431447,2.594294359583753,-4.990552731347746,-1.0894794856644223,-1.2290668296236174,-0.2435981893365533,0.47757888328950415,-0.0863849843514986,-0.7481155551235995,0,1,1
0.008781547145461293,0.8372347293445475,0.5383906341044229,1.5934389648918195,-0.01622095278444935,-1.284061231497929,-1.3858789760808221,,-1.7582216298695785,-4.874736464130873,1,0,1
-0.36146432916346183,-2.0728752005532805,-0.8999308908287471,-2.9653946181823723,-0.005492304169693485,0.30602483746166786,2.2368029723174505,1.2576219285471273,-0.3794792560117442,2.49316577365353,0,1,1
-0.7859155628095085,0.8741502874239648,0.08697918402535576,0.08352225827618207,0.05485912917628899,-0.17763797475818988,0.6221135526171269,0.9411819393097345,-1.1399312719358956,0.8173740152755377,0,0,1
0.6952675002522368,-2.8795691348382846,-1.115099689454504,-2.132996885391537,1.836870986191895,-0.8537664730495207,1.822712646863207,2.5201822703241596,1.1272811234320694,3.184495991978585,0,1,1
-0.11908584242731844,3.055718414543502,,,-1.1247224729932221,-0.5363484626846599,0.07200304332425289,-0.48827729823985755,-2.2106995273905556,0.7371295238479922,0,1,1
-1.4002452287511766,-0.050152788955210914,-1.090873526710581,2.017820508232587,-3.954484517673082,-1.045155057902843,-2.747277157149256,-2.750736748263704,-0.9596073122118406,,0,0,0
1.901384665586316,-0.7742946991060957,-0.2802945941158913,1.8752297119352774,3.3682604320623253,-0.5090281327802941,-0.8272979268588323,0.759030386435857,-0.011837146240324198,-0.06611266829432368,1,1,0
-1.0892244918732625,0.7101631876994676,0.6853165856241663,-2.1386853704949957,-0.7916339041818321,-2.5870506376042073,2.172379161328763,5.219917221492819,-0.0087895221227777,4.416495372174105,1,0,0
-0.7988988980931305,-2.768840124737302,-3.2733046070700498,-2.1742169103815567,2.2637242871458407,0.03695007994850319,4.173331455316468,2.7365131131170917,1.0284790091901104,5.459979410820206,0,1,1
0.8452710294458669,-1.548904210051999,-0.04899417117532845,-0.062037171785700194,0.16543633000923585,-1.672211175626452,-0.981145195625618,-0.3761376865466389,-0.0027083268483496454,-0.4383411355095161,0,0,0
1.5669788473699928,1.2359504535454906,2.2952693211309843,-0.3002177306791839,-1.0779375305903394,-0.721128947926893,,0.1142498806317439,3.136686048322273,-1.6623411737819316,1,0,0
0.31988796785441165,-0.7125580353687864,-0.830995981275531,-3.4835775907412794,-0.9798533355378973,-0.014761767783230795,1.7488164083924889,0.9217029729676064,0.9427637251523103,2.066797674352003,0,0,0
-1.9097976696589267,-0.1653455115737572,-1.2783419505247224,1.4173876476900198,-0.3165031500313651,-2.651507047156879,-0.21403336794303895,2.3753856921198726,-0.801937475063715,2.4939415248509493,0,1,1
,1.1395258755292423,-1.4868514106071,-1.517091257757702,-1.527991472557991,0.526037291668584,3.3081654663252036,0.9118375226517947,0.29378668827472265,3.034654971303285,0,1,0
-0.4550087457211382,1.763916029618553,-0.6985149556382502,-0.3412159994158828,-2.340588896432939,2.5953520882672887,1.2147352049427105,-7.618467860638675,1.0868180300688906,-1.060766899062964,0,1,0
-0.0939523656322844,0.8308439447173805,4.131653950567021,-3.739843991631685,-3.2193412218235555,-2.6269802326656406,-0.591451663181755,0.05597209097948508,0.3995845532077593,-1.9048755147985421,0,1,1
0.6055129202358394,0.3177259966910213,0.733887568144587,1.0211115988112933,0.7674096983274232,-0.7156522760838282,-3.3653212368851975,0.4699383168626574,-0.15841623466821794,-0.6632152496812269,1,0,0
-0.9416177655837017,-0.5958210426001915,0.3177277473216913,-0.08679224533812553,2.652418248880142,-3.8157356716415785,0.7039397917809433,,0.5059343058207516,-0.40382104293371957,1,1,0
-2.220256314839614,-1.2809007822045797,0.4991602840063205,1.6454986033802235,,0.6063903089971432,-3.334744049361176,,-0.031403016924503806,,1,1,1
-0.10885388073270116,-0.6126385840822585,2.3023755367435736,-3.133234491904255,-0.3869597817941086,-2.1493212567948667,0.565531219155009,1.7144842811602738,0.16802560175953143,0.43219060419230915,0,0,0
0.343370349795475,-0.063768920879413,-0.319791893636851,1.6662601543136697,2.7782163438912666,-1.4115547113666258,-0.23498224827793202,-2.133081401445016,0.7555049064655893,-1.5993724665077116,1,1,0
-0.6153873097625132,-1.8334413607790272,-0.83952114840862,-1.5686930330029107,1.237661406057751,-0.025179129595979344,1.5111842099067552,2.314162364732036,-1.9102541812810507,2.6805029543808803,0,0,0
-0.6568732822933941,-0.14400836192859867,-0.24290379290307518,0.7339976583219073,-0.9139019490299275,-1.8211986693156645,-0.8579778406896754,0.91537689669998,1.3943390520546883,0.6489722101411894,0,0,1
1.9164543210163532,-0.06715515136034733,1.0745058347095275,-1.2920468882603418,0.5576432168879022,-1.0825978652446735,0.5713664735502042,0.13476932029927702,0.9138266561455501,-0.20894997264655613,0,1,1
-0.05801509439393041,-1.7490133545033522,0.30683261984646326,-3.1003301715944396,-3.019820285657672,0.1864195832516482,0.14205777894465865,-0.849282236012608,-0.4533646542708436,-0.16353650001079412,0,0,1
0.4745838196939445,-0.3916801658805219,0.04539058781046901,1.3368764569534806,-2.4065820235104476,-0.5818944671938564,-2.778834729769732,-1.5691369764270733,1.2329093740618797,-1.9599595831520569,0,0,1
0.24970716122253878,,-0.46109744641085815,0.2908882031422731,0.6226583984267526,-4.790618399442641,-2.054104268813999,1.173412303737205,-3.2129536105150227,0.6916313572637197,0,0,0
0.8654032700022395,2.349311835407321,2.039219828669844,-0.0019543375227065096,-2.2853778953424753,-0.4569848820100125,-0.9546324728260698,0.09522137430559807,-1.3621645719212216,-1.3225366849461937,1,0,0
0.2385575315418043,-3.009891690037936,0.9638399999548167,-2.6415641965101964,,-3.317779672120808,-0.3955725696251744,1.4041240645731017,-0.4334316376401446,0.7255466350825704,0,1,1
4.440679621406499,1.3967162766296264,0.2260301874211036,-0.5254419930297052,1.8492482731012827,-0.8484252142548274,2.393467714927947,1.633902299881485,0.7546937503085799,1.8087568144438386,1,0,1
3.106157272769157,1.4785779992627264,0.8340383971417082,1.2539264762740567,-0.3113572229532584,-1.2024085860433984,-0.9011308097057734,87.8596566232428,-0.3475876229448206,-0.5097301043196577,1,1,1
-1.2344056577617455,0.21264492814784586,3.0007588825457847,-2.3433887789950245,-2.4260757465976193,-1.430333941879303,,0.3555922327755894,-1.573434838990514,-1.5377129993301852,1,0,0
0.8454605329743672,-0.13419666351187542,2.3044560542973542,-1.3341853540380841,0.18985777494248168,-0.20502703214932028,-0.829972976754149,1.5023438396708042,-1.8046029093892233,-0.6439706020733265,1,0,1
0.3889585360402897,0.3110150252040178,-3.1336269638230676,1.7475098341808728,-1.684260279412635,-0.7437493349237094,0.8640042754866994,,0.6619395840707996,,0,1,0
0.9305107655361015,0.8287041611161825,1.563967815288089,,0.48955524263115846,-1.606975016208649,,2.504701205378026,,1.7463672227208529,1,1,0
1.4416461833422005,1.416787488125245,-4.471926927376585,1.936644773518665,-3.758225437204143,0.4240647282586554,0.42639145006049683,-2.5070024041408194,,1.4619529807053981,0,0,0
1.236848707354141,0.5461348736023683,1.961711230327767,-3.126354775073898,3.614874596711198,0.24316945127748935,1.3853538467599504,,1.5500788239610925,0.749859474963167,1,1,1
0.7189138372033486,1.5462937341936875,0.5499310377272975,0.2907298047105011,-0.8970278824610263,-0.0012305313105730464,0.1378399452285075,2.394804954143525,-1.1800239140985067,1.3759106392750011,1,0,0
-0.3040410991533166,-0.09341928444779946,0.5867061840471157,0.6770150022710941,-0.1201491323980719,-1.1685349094927038,-1.3033298480619895,0.13146984738726797,-0.9293245882416272,-0.708599804821602,0,0,1
2.552083608192599,-1.5387907743432798,-1.5729827750204297,1.3683357693950766,-0.19839019031323013,-1.6448381102695122,-1.1377233778830125,-0.5752650223370752,0.1495882855706858,0.24131824084775957,0,0,1
0.7888642158521251,1.057930628236542,-2.608593876197485,3.5585949236527106,2.3578184308666534,-0.11048187964121847,0.7542447645112034,0.6730844953460491,1.1087766603072329,1.8590664810251547,1,0,1
,-1.6481557512901532,1.5084314440255495,-1.0905534320199473,0.8676147211973022,-2.645715218882154,-1.0985925105134695,0.8329393250273311,-0.20861723663787313,-0.5384927396513779,0,1,1
0.2984278994828184,1.3150551290552634,-0.6204850752291341,0.8676638328427067,1.182871844021904,-1.4343533451608153,1.4320006994358088,0.3698683294106683,0.508368676721951,1.1315847392994667,1,0,1
1.5826190437340513,1.3695504871237931,-1.8521924774385703,4.519812401702643,3.439047976534501,1.7245556564266002,-0.5060444468603285,-2.603307037835193,0.08479763391309508,-1.670403352027052,1,1,0
-0.6846297971775508,0.9239995624091204,-1.244046469203995,1.2944379072893133,1.8613550495761468,-1.209105847527318,,0.25664906494979667,-0.2620352218414382,1.3643962936341407,1,1,0
-0.21752938383354903,2.3776686165325014,-4.655768829831586,4.235773764274822,-0.0064422102298988815,,2.350713509473784,-2.0632833125354972,,4.6668896222063,1,0,1
-0.3165457032097422,-0.035466882432185765,0.5532597067304255,0.6428385976179681,2.7112475665328803,-1.27005842200456,0.01401681413221767,-0.2621253984736429,-0.20906398167250848,-0.71722694850302,1,1,1
,-1.8618690640840514,-0.9556158765190979,1.1007394836879107,-1.4796626941137023,-1.5655347438740406,-2.330917606008208,-2.347112309235163,-0.06517676692225227,-1.6521094614171783,0,1,0
0.48663595614481137,-0.09339621922387242,-5.11596069329509,3.0753762882474223,-4.275740636664108,2.0739409964858635,-0.39666478629643864,-4.124514476554454,-1.1616473856371412,0.25931075498995165,0,0,0
0.26682617108038714,1.083276849430514,3.524649182445318,-2.8225083480144737,,-4.2464800599774275,0.30495768974073334,1.721534564140101,-0.6792903196276054,-0.18133736275346105,0,1,1
-1.664665985025513,0.03051910745626296,,-3.73539441051465,-1.6026662547464277,0.4825920534530994,2.9638401324463146,0.6355660139419756,0.29625193188996507,1.8267140758133642,0,0,1
0.7635226679048231,0.12353407689805973,2.0407164651404175,0.450398115162981,0.11399874231731766,-0.6413527703430366,-2.2761347343238745,-0.9052829595439262,0.9598754612848892,-2.749585405720837,1,1,0
-0.7936164996533775,1.0609827905179476,0.8895977076445342,0.7046600895596887,-2.129978795306746,-0.13473931038606168,-1.5659153206904721,1.5042085462572268,0.31725858127898193,0.014975246004982599,1,1,0
-0.48870197023212386,0.5503174410980182,-1.3838049378474229,2.7997804642704827,3.059856867076518,-0.02944498033207832,0.20032402478206135,0.02987020666448159,-0.2815065614207691,0.4316766038911326,1,0,1
0.8693971750787908,0.54259694038526,-0.8211338287450624,-1.6812299203218752,-1.8868756879346744,1.0218473333671318,2.0496098497582245,-2.282713912823196,-1.743783646745394,,0,1,1
-0.17182504467671872,-2.2539415367244953,-7.607399787716202,1.9887159763591864,-0.007159012068585935,-2.3783756776543683,-1.7886363491886415,0.6098127601515146,-0.45902325049431536,1.0623348416983507,0,1,0
0.6984327820629752,-2.2236851456962823,0.5166399038846031,-2.024785480178712,2.233238768817722,-1.6366413691625827,0.9191152646528988,3.1426139239728053,-1.6540355002607023,2.2564749784390354,0,0,0
0.20193990333548184,-1.8820670719669574,-0.8554682566073581,0.2871761632893465,-1.8628839644181547,-0.05716452863299892,-1.9176213075563155,-3.4116190021601795,-1.4474622570271596,-2.3149541004429213,0,0,1
0.8978052814453255,2.107515484982909,-0.5370195462595868,5.750436672776365,-1.7397447500741854,-2.3861085084108877,-1.3659233540404856,0.34609952645044684,-0.6046197205172072,0.1962598228340301,1,0,0
-0.4944926018821485,0.5449647817242321,-1.9091753085951852,1.9491766270704072,0.7514784625112849,-2.761932283457665,,0.46325881803106694,0.0376450650971495,1.8688793042941814,1,1,0
-0.7198135509932705,0.2667141724144988,0.5238049015796311,2.0595751310905865,301.4062187949835,,-2.243517965533864,-0.18900390571216974,0.4017256377261605,-1.2665291006565633,1,0,1
0.6001164552445062,-4.421821403527472,0.6887037203136064,-2.9303713561677953,-0.4437130037031676,-1.1190918887553503,-1.3952537624445913,0.5097035464917945,-0.021418294952336624,-0.2077532187544134,0,0,0
0.27607900554815457,0.5406843708058534,2.5066933631923174,-1.9704263042789814,-1.0952358389625483,-0.1871212813350337,-0.4035217164265591,-0.4142591198830057,1.1893913786129298,-1.7218403589674633,1,0,0
-0.8712089790330124,-0.7509727230555842,-1.5137211175336236,,-1.3853273374949349,-1.5319045511853027,-1.561067934523664,-4.459631418716814,-0.6015115147698592,3.688041866029378,0,0,1
0.5875252900639945,-0.06157242355162773,0.8545244178972454,-0.10471310346954531,,-0.5485839242892611,-0.9639404155895772,1.7607153319102458,0.8705507172005115,0.40714866787963516,1,0,0
0.6063215333663162,-1.1139996693171472,-0.8907606312169047,-0.04186455950429346,0.1596844977358789,-1.499049222091339,0.1713527332408371,-0.10347668085060602,,0.6953158639498327,0,0,1
1.7550836057615369,-2.288759351534513,-0.41361812282288657,0.573349529754875,,-1.1924820918705503,-1.9002660986776716,,-0.5028247189356159,-1.6836360710098723,0,1,0
0.21087235851051478,-10.879761961660757,-0.32969953676485253,-2.5691561801385805,-0.4701027505247447,-0.34430474400238453,,1.2345670130168958,1.0458029156995154,2.040356125177372,0,1,0
1.1871272524080254,3.079582757111441,-2.8807040808846347,1.1996047373738874,-1.7352996743379685,0.12420776217625451,3.5123695324414586,4.74229216911536,-1.113844377401017,,1,1,0
0.7803955945851848,-3.1689596762951244,,0.06413879301911768,0.4220099904669299,-2.231690259927876,-0.3988291717668496,-0.7895169092969305,-1.0254698443982604,0.7729646492047395,0,0,1
0.4454791746875265,-2.5391521053075277,-0.27853103077840036,0.7234676275110854,-1.0655493434175087,-2.719961550226441,-2.867487895195113,-1.4941990650648347,-0.04981833090600245,-1.6034637590431322,0,0,0
0.44521087891406186,1.7233197183637508,0.4322045809317173,,-1.1569581397214432,-0.47491428753003584,-3.2846799692967195,0.5231816419212099,0.6611809905927187,-1.3305262264116795,1,1,0
0.8616488623231527,-3.5408768092954364,-1.0647778582251024,-2.589805242266353,0.40956506191252107,-0.9612567045115741,1.065725596773896,1.3213363959886493,0.6935176642254062,2.2499698954102225,0,1,1
-0.8781350730726438,-1.2524192852755887,1.5121279446687688,-2.520086621429619,-2.482781523098714,-0.6270675380183144,-0.9060063194827273,-0.1751755094716343,1.820580268264966,-0.8931790327502835,0,1,0
-1.3055124375829716,-0.37032335085650003,-0.513903702902925,-1.6166351685919438,1.3913876756496766,-3.273262622915692,,3.0369369293159534,-1.0627002755278991,3.7620155995004056,0,0,1
0.7376067644769629,1.5817666276358648,,2.5083423888574856,-0.6040426774771828,-0.8310034846450689,-1.922708714388701,-0.10542729281137708,1.9801963416895896,-1.1670494560634521,1,0,0
-1.521442092065485,,-1.033337813044056,-2.071526326336755,0.056377207401595575,-0.25514467267376795,-0.3400863831453569,0.8300090764313914,1.7634040459185218,1.2885210420225872,0,1,0
0.7442291195615972,-0.5838235666262704,0.9449093747230662,-1.9009273218232217,-0.5128098362457059,-3.187180363297849,0.6602544309636926,1.5949296509696294,,1.2535117027611091,0,0,0
1.335701394954714,-0.19113865320535428,1.1981297778209052,-0.4362414814762049,-0.9627479127804979,-1.4402798564857142,-1.1500153584154083,0.4412053769583445,-0.35148776520369784,-0.6232927323886711,1,0,1
0.2651070945122431,-4.122595575403567,-0.7686221160145372,,,0.6490570128994482,-0.25464224916159783,0.42775301985859093,-0.46052342116131384,0.8831935855379461,0,0,0
1.07270874076744,0.3113000801128636,1.9483500544082433,-1.1933644137753683,-0.2837507327281785,-0.720466600232539,-0.43681352990971056,0.7627953889544661,0.3793253640306142,-0.6833980805270249,1,1,0
-0.04217610649664051,2.659339142808753,-1.467918468930208,6.603122144907936,0.10604752505052817,-2.4679867485236824,-2.9738281892082394,-0.31419104516654284,0.7391186527732009,-0.7537999281837476,1,1,0
0.5304234639752379,0.6160911782533416,0.6000019178620044,-3.0581244340889966,-0.3193528142292199,-1.3564326862568077,3.1411592259917818,1.989978600174644,-0.3983386226887527,2.57735343328488,0,0,0
0.1559185860511121,0.944930291054755,-0.8614643061084922,0.9977658697098479,2.691556009158881,-1.2163008841153546,1.787373560707112,-1.726042164482307,-0.11597125276146397,-0.17107617757175866,1,0,0
-1.5730085426495004,-0.44841936854005493,2.293809254614398,-4.020362069491271,-4.71608569119724,-0.2706789476816134,-0.456584722490857,-1.6391824409135047,,-1.890179485207173,0,0,0
-0.22202015038002296,-0.988313039749418,0.9154285078726281,-2.380635963837235,-1.243829504063368,-0.44144476829470436,0.36258438369225243,3.448135553356696,-0.49039925256242106,2.250752497732721,1,0,0
,-2.428482479063618,2.6543025076095663,-2.7721707071138884,-0.7274767473921202,-3.5724340257712175,-1.7119313127388733,1.068342428145244,-1.1978537453259108,-0.9436542949800698,0,1,1
-0.34687439189009384,-0.4747626642247982,1.1043638865972574,-3.042767212118703,-2.127125643323162,-0.029032698863700745,0.7954928500241167,0.21156941670430274,-1.67963549770663,0.220214882034833,0,1,0
1.6076173868244463,-1.3838554491094315,1.9583201127866352,0.5659970067788723,2.0318989374078043,0.22274216619999687,-2.840064019978392,-1.2489462944252536,0.4163962587438965,-3.4222618431432723,1,0,1
-1.2389659448048371,0.9174760111482633,-1.113314147916924,1.7142472324645532,0.5911846617310919,-0.760011559592934,0.3928348343814869,0.3761874614993467,,,1,1,0
-0.37920952992655815,0.5157581616435232,-0.9213115001922026,1.7018617437988635,-1.3952913109754517,-0.4213244374284313,-0.9884584374660549,1.385445267711746,-0.16783543238043075,0.5027286197902462,0,0,1
-0.8561076526564303,0.857601902718389,0.34163531738144026,-2.9751760161448355,-0.9485942578131099,-0.41984947756844104,3.1482933498949284,1.4721284708510567,0.09008347754010702,2.3572568630638187,0,0,0
2.350339120154303,-1.879443416076711,,,0.5529020488248471,-1.9564750896996852,1.7393483773581124,-0.46671946181361856,1.2708122296569129,1.2633971053688824,0,0,1
0.2195713561410768,-1.7319193012023804,-2.625849637726213,-0.8971742155492353,-2.506315418624073,0.1533721357663418,0.8653706624917412,-3.654600311841105,0.13172528806515155,-0.15975920331213941,0,1,1
0.843184219245011,0.07989440028156658,1.5149086689547961,-0.9282780424504863,-1.2491448946562065,-0.5581610259407571,-0.908559110228025,0.7104967438939928,0.7079133390535047,-0.5672593720227468,1,0,1
-2.0556997739562166,-0.793646643165991,0.5316447839137401,-1.6019963867479456,1.021634152946715,-0.22410976020968543,1.0267895034752295,3.182728759573315,,2.2560248766508675,1,1,0
-0.9703483494136004,0.23139293512182613,2.65689479892105,-0.8408144827052265,-0.29018300671044417,-2.9572876898891116,1.1908523741470547,0.5930900559497485,-1.4904659940538516,1.230754772366096,1,1,0
-0.5341216416128957,0.12935777532100445,0.963335613184954,-3.0782994456135078,-0.9581185121552104,0.2272982756656583,1.979111695148061,1.2800490609193746,1.126457757129158,1.3394139088968393,0,0,1
-1.129975870784416,0.47638943627530783,,-1.0230423467642764,-0.5104982544405361,0.5941460915382049,-0.6662720890400253,1.3946486403876115,0.3796728556844046,-0.46817112565152613,1,1,0
0.32450432237081295,-2.1348147196363456,1.9943652932446136,-4.292073213249377,-2.8529974691923963,-1.1617496802655698,-0.39708857074674175,-0.6892140807707521,-1.167396980067612,-1.1078691482018381,0,1,1
1.0771925042677897,0.8649870458900368,-0.9521426255436981,1.7814132661291298,3.881828803496946,,1.3984182787660542,-1.1916533562084117,1.4170770333431444,-0.22314396955853133,1,1,0
0.11233206838720484,1.569467151016795,1.3227436076754975,-1.0358012449657592,-0.39020962425595185,-0.12907520425219476,0.97510600646714,1.160714064666477,1.5111411600126732,0.4518029189138217,0,1,0
0.12625587271393265,-1.5292996758898108,14.192323823677366,,-0.562834024351411,-3.863699358671591,-2.600334488909049,1.5215912850567412,-0.6128579946744069,-1.3320607002474243,0,1,1
2.5036366422883325,-0.9016923751259812,0.1258720911869773,-0.9768392556305466,-0.5846771083122924,-3.0115760365343904,0.16977213512241152,0.9760106813803933,-2.2071865179343146,1.0796206769462653,0,0,1
1.2431035778482933,0.9921396859961633,1.8524011258999922,-1.6728329609532402,-1.7342034356889653,-0.9165987984263578,0.14058790645855446,1.3958248177739119,-0.949279506705735,0.22345949126823636,1,0,0
-1.1550756209601392,-2.441073425146614,-2.3003610167690662,1.469828492734807,-1.3164515431863621,-1.208259822509852,-1.8346126759514858,-1.8499369318015857,-0.03753880137224185,-0.3610951277532826,0,0,0
-0.1830028796239041,-1.693689548293193,-0.16721344869720878,0.37207504957529086,-0.5836800507829099,-1.9552938282597339,-1.7340706503680305,170.0206807756945,-0.6932761239231569,-0.6133070583748178,0,1,0
-0.2517790741426178,2.2991469510773643,-2.8751706819435556,1.0282351171785125,-0.24132617807471868,-3.2130367563084192,3.909493708272772,3.409152255276854,0.47781184626938444,5.83923244876783,1,1,0
0.3446389394715425,0.12573407336097908,2.1729176671075487,-3.073282144806159,-2.774168980267893,0.7364260614300262,,2.586315730717333,-0.20699687048461748,0.8363370899356262,1,1,0
1.1415376602351135,0.8809927467807039,1.3365923245904396,-1.271108138411625,-2.1037897865905624,-0.7110660765687075,0.001248929419184197,2.932712755544462,1.3567996854914792,1.5123104177264286,1,0,0
-0.8079951691148726,-2.04497451095009,-1.300584652869864,0.5331187801058533,0.38122530640834906,-2.219370669904607,-0.6241715429132132,0.8190686128534246,1.0128905740373726,1.2743961497828777,0,1,0
-0.7349101506329294,1.8853319264606236,0.2582599746595754,-0.1044367117015912,-2.1416999292176344,-1.1005363818710547,0.7119467943309596,3.61258113933109,0.5495266744296438,2.8603405261047676,1,0,0
-0.040244274692185604,-1.6981628427077244,-0.19144280409804149,,-0.6026738570606862,-1.0409456721808608,-0.5021163961422898,-2.344002889002934,0.0839815774947546,,0,0,1
0.585168744209188,0.30096004420140254,0.3913302818727412,2.2831464647784667,-0.17973805436964896,-1.7081376951666094,-2.423319113193101,0.5156110837736778,-0.13722517655853597,-0.8318290015381999,1,0,0
-0.4192313788989148,2.2492944526772103,-0.5202221823007794,-0.2313437010173288,-0.4008080229155664,0.03005490747267303,2.495041615353863,1.580845296618262,1.388088236640302,2.390703700065029,1,0,0
-0.11915926995123403,1.361885668251858,-1.859595457821722,2.7297858468264398,1.8841340681095287,,,2.1047028397181213,-0.0588264091680503,2.426229811985807,1,0,0
1.1537685390885666,-2.128575808485846,7.6219627282493185,0.2914198422022748,-0.8939128831084938,-3.6945685410920084,-2.27864383600555,0.13577743487718874,0.06865145707428366,-0.4294623661948619,0,1,1
2.93032028549251,-0.21826924260950187,1.3451061535506972,-2.14570537724825,-0.38045865187611116,-1.6368233859807158,0.7616778418442012,1.7566552516905585,1.8458013203719315,1.0033761021601462,0,0,1
-0.5484036812635643,1.5306936364905541,-3.143818492852657,2.6683494752069956,2.45905378576367,-1.4735862663003951,10.750118686034554,-5.4786739106985305,0.625120456339924,3.647809846376593,1,0,1
1.311602029723922,-0.32903482767625003,1.962973764599071,-3.193105851811324,-2.38292693823323,-0.9571833245000152,0.20563504326861126,0.21289370214528647,-0.8459336401029685,-0.4166545272553708,0,1,0
-0.13891713697492322,-0.2712310674286058,,1.4420570298866764,0.8062704899510826,-3.1060715480751546,-0.647613060120158,0.36422306615046396,-0.3484058295044152,0.4037446347190661,1,1,0
0.6385846660585501,-3.468391027571603,,1.6631827099531817,0.0890276956277094,-2.8214656128699787,-1.96931545293409,,,0.978911960695784,0,0,0
0.35804883885657074,-0.8322594002783683,-0.5142025396932244,0.2333122735367432,0.20594587394827446,-2.3697556970262945,-0.12345898989677917,1.0033811559252062,-1.341722243356314,1.1466991008873064,0,0,1
0.3910815094167172,1.3776485301238515,3.992335361739775,-3.4574380667520237,-2.263829434308501,0.9013692563267623,-0.16457081536048135,0.63039976897819,-0.20995278364111966,-1.733070261555157,1,0,0
1.1803183169861102,-1.736332375442679,-1.789999199332996,1.5139127480416528,0.16118805375806833,-2.4854364165676657,-0.9731866004360358,1.0964006297171527,0.37431308954649783,1.6005169152678742,0,0,1
0.3233938550656872,,-0.09889752219434345,0.33141427765916975,-1.0632902175835934,-0.4168297351516196,0.23047389298705978,1.8057634542056413,0.050090148570797105,1.4793575003532011,0,1,0
0.2970012942647289,0.9671048879164381,1.0621133643122938,0.6118379676785066,-1.4177100450719173,-0.5820754557154875,-1.3580355912104163,2.1432742417038995,1.0803558012736438,0.39694547046088713,1,0,1
-0.8186850432111983,0.4349676654621847,-0.5352999664968765,3.261787444672316,0.09247674582501109,-0.7326762823661079,-2.3576864264569455,1.7397552365938629,-1.7698913358905783,0.3955688098729009,1,0,0
-0.8181342216376747,1.16947008886316,-2.3045558380226643,1.4047059324137323,1.4904958421073338,-3.2267222141210317,2.7220960274362707,2.154585836594746,-2.033299111040127,3.985542538059941,1,0,1
1.3283318063843528,1.2243830443918404,0.15004347632294313,2.6183345859194667,-1.4416963683300383,-2.049542244529829,-2.259767124770407,1.0352138210925983,0.34741047769510236,-0.1412400196278929,1,0,1
1.6736906973213392,2.4262145125868013,-1.4722446059891787,0.5697911339905556,0.11744610416524492,-0.8673516793472364,3.083618749096321,3.4328486441756,-0.22511256068511618,4.429487596521965,1,0,1
0.34614694395240136,3.3698471521975595,-2.94845430368295,3.300471151205949,-0.16071801055054413,1.8427801961947643,2.077606496187217,,-0.7765432895301789,3.3260972006689205,1,0,1
-0.5688054171653081,0.22854609456752883,0.7089869900671271,1.1092321723907508,,-1.0113506021560577,-0.7963031941349751,2.55029842544385,0.12984783046686063,0.8070688154009821,0,1,0
-0.47083037650378173,-2.504318939323247,0.5329842435889084,-2.907417935757934,,-1.035492568834266,0.42299825738732355,1.1292108842401616,0.5413793726352385,0.9648041391283585,0,0,1
-0.007564659674649148,-2.1735566789123864,3.147095814917889,-4.503552984756872,-1.9763915532158345,-1.8596366811550773,-0.8793939466663794,0.11083266339281594,0.9435168181527083,-1.4803694464485178,0,0,1
0.943768784799322,-0.7022862427162785,0.48175118143338724,-3.1973344401609616,-1.1295853596870478,0.0886145992283296,1.805537107982583,0.8797586124574571,0.9245778658628506,1.3508727184362148,0,1,0
0.6258386575357097,2.7892095889648933,,4.20829057388622,-1.1990841514694812,-2.123465293958187,-2.24220839897323,0.6933130171116483,0.4566415273079452,-0.34906036291672726,1,1,0
-0.9019681383783537,0.41099975742628636,1.9272218015701867,-2.275779240504798,-2.092600876117677,0.054843617972678116,-0.012125728215858778,,-0.18416253954219608,0.3871556872864837,1,0,0
0.9530880549924937,4.865606395992325,-4.47231491295152,2.9862854756005075,-1.0310856744710373,-0.2392376703950867,4.898308249709004,0.19194984079094357,-1.2178033053225852,4.671857476695654,1,1,0
1.259045004063905,0.6641788405290856,2.7850426658783123,-4.0278636751210986,-0.0907468384764819,-1.5931640543516064,2.1859965335307736,2.2767198785901908,-0.8871625883628546,1.1111221255248447,0,0,1
-0.1553729882179987,0.45212656351485525,-2.378508636494889,0.14007151629306877,-2.9495530078482677,-0.36464263308388045,1.2890675536145624,-1.2894112846969987,-1.6018552938847763,1.436576684283396,0,0,0
-0.14165919770220706,-2.06203240737105,0.2996426881084777,2.381439840157677,4.292498136838457,-0.833801455829499,-2.632619896856411,-1.384227821723734,0.23763640301074465,-2.6592386004151756,1,0,1
-0.442225526008153,0.00876135062370198,3.492991421955369,-4.591035593804611,-4.80076982966543,-0.44958021257878356,-0.023176150941535245,3.2232028930149643,0.45014976005973206,0.7435533201772712,1,1,0
1.873576393897136,0.7390033158529312,0.008043470470814107,-0.014080688478859724,1.5466705393957896,-0.9161632449912215,1.4578255730499097,3.62153090416627,-0.8934190858392855,2.9223867499084175,1,1,0
-0.701063530979187,-0.9850707456494319,2.0329170710164495,-9.58264023837111,-1.5405633081940988,-1.8586973776536033,-0.48761294857239146,0.7237859370682502,0.48688595030057186,-0.41654801160509647,0,1,0
0.11416908348812836,,3.064627389190178,-4.025715332584809,-3.6715788187171396,-1.6836068943560516,0.6256080101011321,-0.3666011141392256,-1.2233070477865036,-5.608965360218482,0,0,0
0.5195028141934261,-1.3336331544876194,-0.4167795465238098,1.4688695029470344,-0.38101626272892475,-2.263067955862745,-2.2021175934128356,0.18750253900897906,-1.662027378010535,-0.31059773407554625,0,1,1
,-3.1277288883498398,-0.5285270042536665,-3.181953739781281,1.3135857602256593,-0.8460993310286149,1.2778031271714831,1.0656056279619524,-1.646241349106251,1.9065639759733715,0,1,1
-0.8042679214494173,-0.5822763248971121,0.864507639040929,-2.690008064070459,0.284298889689091,-3.490460833332386,1.942670455405287,2.2604337019054555,0.16504063653773915,2.2580428299443343,0,1,1
-0.5399419147193418,1.4992688149106015,-0.8221118800290604,1.6755759065107183,-0.8761276098077875,-0.16888246204746005,,1.4686379613724871,0.02726450763447467,1.4600679532085934,0,1,0
0.41069531377752816,1.8833942068023417,1.5988447710063638,-0.14734007768681626,-1.3472313760667123,-0.490040416371457,-0.4573543038342045,1.2040200151835843,-1.1872204097428893,-0.19534352098554247,1,1,0
-0.03590129760010782,-4.393815054212624,2.9135805143268456,-5.008320008690326,-2.404464931913827,-1.2464519658645012,-2.240868041394452,-0.9015174983084893,,-2.5007142435803926,0,0,0
-0.940332187509568,-0.2313555722088979,-2.4147953366708963,,-2.288354874499887,0.45093251050464644,0.9739993162037006,-1.8729483794267865,0.4408798982374823,2.2993419926127276,0,0,1
-1.7680812423866143,0.7617720093241467,1.8309066393745597,-2.51196235874907,-3.0318692093540047,0.5068149136243572,0.2427336028899587,3.9494479071607005,-1.0551375469323623,2.0542066888224912,1,1,0
-1.6880218445968753,-2.7076782679895754,-1.1393204832954,0.06559477198198478,-0.3491428768004359,-0.2776557802517976,-1.4284988559360223,-3.0721584331039895,0.2404627448017032,-1.8276992523321665,0,1,0
-0.9766776953073547,0.3738519841751202,4.086485304196746,-2.5536873253382373,-3.064621884770088,-2.273123214505473,-2.8972529275431977,-0.0029816243511815443,-1.7998395353884376,-2.6495538230796223,0,1,1
1.509994324431931,-0.7380294599617709,0.9138802500661389,-1.2655642042699116,0.20059947776542075,-1.2522282263584703,0.04020827898672641,1.474676650058657,0.26298612410471556,0.6431654314559386,1,0,0
1.3616234583088176,1.6197955914940856,-2.490637715580172,4.204393125832929,1.1872344018965382,0.10433324364036145,,0.0632511088855151,-0.19377632021569816,1.0888730009875647,1,0,1
,1.5642841338120927,-3.191443874418093,4.849869254286489,-1.0450611846279374,1.684833088499166,-1.1945428155216895,0.6381593476430785,0.20252088273393662,1.5101596807503208,1,1,0
-1.7072411352053674,-0.136976462928462,-2.387227554395553,2.7207111884194144,-0.04823678843058188,-0.9039980112018532,-0.5276997710167076,1.2563425964863968,2.7427966043700196,2.013210794890753,0,0,1
9.049192521132706,0.6029542691590339,-1.0421867753355274,-2.2224131095459714,0.5279519019704779,0.3705717770175452,1.5917361981177232,2.3881593591338692,-1.133006565781397,,0,0,1
-0.07365202625775688,0.9944063630527304,-0.4829119129008055,0.1012264282846176,-0.22604598422495803,0.49272882748752433,1.0704109871024117,0.4552918204183505,-0.7081820628990119,0.9808114411697179,0,0,0
,2.3301861593025768,,1.0329470626025712,-2.3278375448619646,-1.3081990007835391,1.7986922340342315,2.423063003152948,-1.3047937736208417,3.705293663499402,1,1,0
-0.28515853015527837,-1.2213491952353825,0.6250481139365862,-0.7854419450743562,-0.20933818455732178,-1.9417584538671604,-0.7476246232034972,-0.3188198665022055,-1.0643724104341996,-0.6124409663587621,0,1,0
2.4570044432505136,-2.229378543995973,-2.833423230845078,0.6458251334066345,-1.755035935523483,-0.599373771796635,-0.5580298803489092,,,-0.42200550041562007,0,1,1
,1.535036434905609,1.8770403660200663,-0.7979286184324802,-1.8917077069916883,-1.2699337654495906,-0.4358097624502778,-0.699701923991954,-0.19365828029379034,-1.4468932027369574,1,1,0
-1.770774422591056,-1.634894170756438,-0.6180467941028054,0.54057579693542,-0.04376245440617543,-1.594948650596421,-1.20266365193307,0.2613560200566283,1.008752071684044,0.2274027201928662,0,0,0
1.0054953203063783,1.2791779747188166,-1.5998104082581692,0.6832897239381326,-3.1747603000411746,0.7553012785566662,0.4480718075585435,-1.972600358378181,0.8340275687263308,0.029775791250724267,0,1,1
0.6394280421925499,2.018716531553686,,-2.696322795729158,-2.1225612325326932,-1.433678417939829,2.305504056535068,0.9955008655427243,0.8928405543192964,1.1952235376793638,0,1,1
0.13074385901824978,-0.30295134815310076,0.6157441416655489,-1.8247774082465738,-1.2442239415329486,-1.75327260761787,0.6898657888872548,1.0202704342833413,0.5410509840616632,1.010269481918424,0,1,1
-0.4337129066910224,,0.4501181510848301,2.728231779095989,,-0.24182659434274478,-2.5236826568236985,,-0.352655486864075,-1.1292420263913618,1,1,0
-0.6511762938917753,0.2221349881716419,1.649428209173633,-4.047364502021741,-2.031117965995784,-0.517972909428575,1.9803475264892207,0.51664197453253,0.24224423248964974,0.6540378840338147,0,0,0
-0.7322824104302025,-0.3412091265137891,2.486019836624569,-2.8574449668788966,-0.14373521931878197,-3.6617383609341205,0.5648037390758561,2.0427577859932944,-0.5532676586867606,0.6367687196611447,1,0,1
-1.362600279749463,1.3710271575635171,1.8305038418481363,-0.06518220471422204,-2.1202822868349416,-0.1105527464695576,,1.8071256935424298,-0.9376077796473099,-0.25548979796575116,1,0,1
0.9174621535937203,0.47148951760831237,-1.5801490530823608,2.598964667291234,2.225201263545089,1.1548522783903792,0.08763501823303954,0.2590626731278104,-1.264187595991705,0.650427739199493,1,0,1
-1.684651400126498,0.9448062502339927,-2.176762200249212,1.8749143776968684,1.203367893307151,-1.8577708480278572,1.7061610802898888,2.89850869379371,-0.6541843257603286,3.873885643529945,1,1,0
-0.6329970322962923,0.3784816865029922,0.3149084668680313,2.309025331867562,-0.16576720398145273,-3.1082211221704945,-2.217279877799313,-0.5118173438089468,0.9436000527945995,-1.2631954270921826,1,0,1
0.7463165225591263,-2.7064104706862233,0.8045555159133422,-3.2407041669796133,-0.6442096860256159,-1.67292209839324,0.21526778514732825,0.819917464484945,0.7665037670055789,0.6359569348464994,0,1,0
-0.772517475684394,0.9484598577577037,-0.3275159290856875,1.7129548391157565,-0.2820402979796013,-1.7133651068354574,-0.5815283007631686,2.373376936448337,1.9743731550892953,1.6293784964541351,1,0,0
-0.2628490661603728,0.11542966752702677,0.3977310599924918,-1.7199390575004718,-1.9970582881921768,-1.5372165381529097,,-2.962153656843524,1.473737578076169,0.9140112615554364,0,1,0
1.633584832409058,-1.236750008022815,-0.6660116178159786,-0.9893900561606149,-0.939220393562642,-0.36493491079425067,0.21539366070231902,-2.1932651164780914,-1.0413790885215242,-0.7576170378582416,0,1,0
0.898346125075529,0.9914493160746207,2.7037197950682805,-2.5275735881147625,-1.1723367333181227,-2.0535858161036282,0.5370936308681844,1.5510921239878868,1.3049402040080331,0.07017412840553493,0,0,0
-0.3050755391022553,0.5727110387187437,1.787332844948162,-2.4424509794282794,-0.692595718362258,0.2675045262919402,1.0401531968460391,2.901780790703331,1.2168597091290014,1.4679819923670843,1,1,0
0.8782055654366451,0.3651317504204159,1.7315212646504223,-3.5942482324143166,-3.6620338100659433,0.37182284696091905,0.7478225329339991,-0.6917592981287601,0.8392478453905953,-0.6450002249281265,0,1,0
0.9750440547228668,1.9157598751039027,0.5890488982506719,,-1.0079880887625166,-1.0929549466747104,-3.532041767862374,-0.4224848693043415,-0.4019206234823531,-2.142584687446618,1,0,0
-0.037741796208600506,-4.522678096322277,0.6701649978794018,,0.3208416961209777,0.22798227963195394,1.1158648368501616,0.986092478353024,0.38595673625863275,1.0650002522643534,0,0,0
1.485400523570422,0.9717800186222436,2.660585166496223,-2.2348722598889412,-1.992555794600172,1.099224405131031,-0.312498627298576,2.9883811940916427,-0.035031899152849294,0.4884986398179238,1,0,1
1.1312990502497464,-2.5769680264088053,1.144381302063645,-3.9471577628382692,-0.4292744215443016,-1.172952001971418,0.7821618178952883,1.0266300423347745,-1.3925125671384784,0.765810582252908,0,1,1
0.802949926519495,1.187170059851734,0.631471824402839,-2.0044562312848866,,-2.791215554117266,3.4353168213440948,0.8757725933300495,0.44809821335102445,,1,0,1
-0.25881367049292153,1.929919554973725,1.1208728680100444,1.0944932465829365,-1.6602806370093561,-1.4170972555641306,-1.193199217007299,0.4942700253106488,-0.07405653664407366,-0.6249119590168982,1,0,1
-0.1447323989185361,-1.8492303515582496,-1.9203309333635756,-0.39992460749629066,-2.3048364449722767,-1.1150435380619321,-0.20774054797576402,-2.302172084073436,0.3540485085875462,-0.040897873118100524,0,0,0
,0.6330387105838192,-0.15932140250232374,1.525123815957487,0.18133329256073183,-0.9367666381566795,-0.7256978294670111,0.7658959517522694,-1.166713272731042,0.282199144578773,1,0,0
0.23457001993653365,-1.1537053441112717,-1.9497199222269406,-0.4508869064906618,-3.055579793383824,0.7132063392231298,-0.08333648873640165,-4.683582503252207,0.6010827381077641,-1.6797884390469822,0,0,1
0.5094948616555286,0.642957222608441,-0.3454758230131274,0.5956417242438911,2.5898705743998685,,1.4278733644691508,-1.2146167030600794,1.3422567828601808,-0.23728550405784019,1,0,0
0.5256399227270944,-2.644003411849636,-1.8391622080377001,1.1091465456218632,-0.4359403851605538,-0.19150116810346185,-1.8177379562717015,-2.8979686932251947,1.3187796851467892,-1.5057246205604775,0,1,1
0.03522530634781082,1.009378211894145,-2.6902203268238596,4.021740784021754,0.09578558739945275,-1.345907635311698,-0.5735506061444966,-0.28674226502951106,0.9163788273633305,1.0641409272508986,1,0,1
0.9988621603282145,-0.7266242062278425,,-3.996180086514136,-1.6555065640882676,-0.7610492412735642,1.6541765687982006,0.5525454763043113,-2.911549919320649,0.7580758100322607,0,1,1
-0.35621245012762687,1.0284062439990649,,1.7327404292257729,-0.8886796415222478,-2.240699976796793,-1.518091978375975,-0.05134334989476974,-1.3227829747262372,-0.7029771670003782,1,0,1
-0.10465606477910164,-0.845930427269891,-1.8388335741453554,1.5666282499916857,-1.1391658801008877,0.6307142921184736,-1.158429610808322,-2.8168099288731634,-0.6824687690171107,-1.2557167587711842,0,1,1
0.7582447761547977,-0.32666513388172347,1.8070964007708659,-2.8643394774174915,-1.3427272298506612,-1.8126980331609732,0.5527032712513655,0.9935817384913044,-1.7548708515422513,0.29232459829531615,0,1,1
-0.12111939812264694,0.826958718057071,-2.1570406730656555,5.37476746564126,4.026650166441645,-1.4716741405137501,-1.0585194199746208,-3.4519142289105273,-0.7376183625734388,-2.075241094542518,1,1,0
0.6834172312388914,-2.2805615624522417,-2.898012134231924,1.5269670533221202,-0.6158600677608059,-1.61628350844998,-0.8351120856673353,,-0.029478115021937257,0.6314393944386874,0,0,1
-0.38676278873165104,1.1867094143213617,0.7894001312313216,2.2596634020129445,-2.969517874140639,-1.8839702350409748,-3.230331297393527,0.09703471059067093,0.33406936216138733,-1.3802428952157209,1,1,0
-1.0499135453695274,-1.6576681700624496,-1.4119392010093192,-2.9634615173647525,0.17545792635271473,1.733139187974421,,1.5548049558150827,0.269235132886258,3.3356792823067387,0,1,1
0.806774035712389,0.40817618716635673,3.489754900573185,-2.8263722544376737,-2.6762664686101787,0.09323143274878598,-2.7587765150959145,-0.0562021056321893,0.7460195947358699,-2.9178022387166984,1,1,1
-4.554004054422386,-0.27951520384818074,-1.8813412605708915,2.426958275173946,3.6958759911399612,-0.6117050261282572,-1.6168555150122368,-0.9717091403590918,-0.7732760851111978,-0.06115048389882623,0,0,1
1.4221418115480882,0.3885032949077951,-2.40898082737527,1.68303109174996,-3.0500095252609274,3.453747357450133,-0.43831604995648654,-1.5123126518621532,-0.385715369038408,0.4675664518301899,0,1,1
1.4478577661513639,-1.1090305754639116,1.165224749627774,-3.5325396802593945,-0.5763107808800483,-1.687513879457907,1.5438816005088292,1.311221170314717,-0.27910585635994656,1.2593451541229985,0,1,0
0.029432700419992814,-2.2981134801138676,-0.2815470519961777,0.18512203206068437,0.6626412702104598,-2.9609577830813034,-1.3081192017265295,-0.016960125649403968,1.8875513502558465,,0,1,1
-0.3226764649999652,-1.9686559569444482,0.9236225081496576,,-1.16950302186602,0.22924202946874384,-0.2043979313814852,,0.14853101564150475,0.03534077981262142,0,0,1
1.9825130636978765,,1.8126433491765073,-2.8819925027264848,2.663336536137958,-2.2780269142482394,2.9411825320652927,3.0906176713135465,2.392298383669758,2.258905923241014,1,0,1
0.1404258674448342,-0.6405691666177529,1.4579373251243573,-2.1753112852138194,-3.587553763481673,-1.884305135777928,-1.082123997795542,-0.7518580463731606,0.4354156527309408,-1.113154172878191,0,0,0
-0.4984640825408434,,0.3643837001417858,0.15439364278369394,1.5719497254673496,-2.467350109979914,0.03498418133316261,1.5719774482225262,0.1968519264748205,0.9157994142807973,1,0,0
-0.3235910712810316,0.9563516401529364,0.29838558454898034,-3.2518624118793125,0.2145692158121284,-0.6772296173310337,4.101721136560062,2.388210869013692,0.501894389860622,3.2974384162636614,0,1,0
-1.1806260452951107,-1.6030125861006026,1.1157259609699328,-3.8802825636187275,-1.8003295366563914,-0.02208870901037452,0.8515470123272983,0.1954298755485665,3.104507614394705,0.26499980376454385,0,0,1
-0.014970418030954094,-407.8551671559578,2.406007644830386,-2.2598018717769186,-1.163826992515467,-2.811455141738832,-0.6665463582695752,,-1.1704617092886238,-0.40378124345481514,0,1,1
0.22459063324999182,1.565221869850842,-1.2481799649577128,2.4577457706563015,0.1608215086744127,0.07204732582860762,0.028471708796660833,-0.02403007005790303,-0.17252437332674642,0.5461239855995607,1,1,0
1.0213976838403982,-0.9899198105036356,0.22470577338989073,0.5173178972794386,0.4852707440623827,-1.3956910629393933,-1.2528969204263292,0.26164732782363687,1.0119055837497712,-0.394694325310293,0,1,1
1.023680849162606,2.2812163595756827,0.5511515650251697,2.605115217730425,-2.3768066064783193,-1.8928570913769662,-1.8562309442704077,-1.5956447054372367,-1.1238827721322047,-2.02445125812732,1,0,0
-0.4416901044284806,-0.08184504906650703,1.6021429071995348,-3.359660916988334,-1.764481163367189,-1.3740193597305823,1.247219741709236,0.6879127725917998,,0.5201784341484954,0,1,0
0.47830039225468934,0.2640335224786168,2.7660243268841738,-1.1682716889104166,,-3.7571465301256257,-0.3184177735717355,3.3085826337150768,0.03360170735355592,0.7014755594031972,0,0,0
-0.2140577706320174,-1.434689001985271,-0.8559159300291058,-1.0677432694547089,-0.0015023228860339133,0.2892242196823722,0.6600591174294466,,-1.0962955896862512,-0.6350546795186304,0,1,1
0.28945107285065863,-0.325481136630282,2.188426834970625,-3.043603988905938,-1.551562936255046,-1.908167186764861,0.28567237051871874,0.9166256903861987,-1.4233367948813866,-0.056507348753951546,0,1,1
-0.8566126435500113,1.5696825143239561,0.43702213792615874,-0.4113030576886325,-2.303319952822621,1.4096289315546011,0.16791221532477452,-1.7028702176605117,0.8852366136499785,-1.2381830045665372,0,0,1
-0.7522888217614683,,2.843621619617754,-2.981815945605488,-2.043656004465944,-2.0848230845515143,-1.8140928203749982,0.1799552399533375,0.21554563500995175,-1.6997855225700902,0,0,0
50.626385588337605,-2.7556855378733363,0.7058930416573035,0.1637296507624699,0.05978434995059967,-4.0472317891915175,-2.7969342079484303,-0.0775201506989881,-1.968682138083387,-1.177414640603986,0,0,0
0.38818229272415156,-0.5838391329281605,-880.978885631835,1.6459284490692796,0.3023761609636726,-2.2477382906217107,-0.9401452428748397,1.5911445178648362,-2.5883591635514485,1.3466686365630685,1,0,1
-0.5188000423713724,-2.606053999757095,0.3144766284277305,-0.5934495712019868,2.2300526358734194,-2.4239221557444335,-0.6952604206254678,0.6823088185407071,0.7322676199282319,0.07159229492886107,0,1,0
-0.5225023418828179,-0.04971261748470979,-1.6185689403769188,1.5874946385667212,0.21728536285802869,-2.225632214039754,0.20099498018917483,1.3901712055488624,-0.21240742381820554,2.0946814613036193,1,0,0
1.1754406449558652,1.6862875209190857,0.1083890971369813,2.2037566832810844,-1.6323022745129991,-1.2257119897251942,-1.5372857989614257,1.5781806443163255,-1.4247459093461803,0.4972095137223379,1,1,0
-1.1546185675377267,-1.1080178831246532,-0.04019463045078764,3.716489030246687,1.9449978730182356,2.1067913545573655,-4.148845107397441,-1.850641566044652,-1.159282399230843,-3.5081892183393206,1,0,1
-0.14101571848969216,,0.6987496107098443,-3.0186712530410964,-0.14439382006342383,-0.9885164225740741,1.30521475766062,1.5216091070767825,0.4762650172565557,1.450818440984426,0,0,1
-0.8302621507200517,-3.9164853028368114,0.35230279269155385,-2.5129936900787158,-0.4575416939178384,-2.1894244933142324,-0.9919976724903543,,-1.8575714451669172,0.3399569503022294,0,0,1
-0.16921365816554673,1.3397148357352222,3.4081572769127084,-3.7089623857142366,-3.4813659783149187,-0.5507203294713757,0.2165914360304576,-0.12292362634532528,-0.04052238352693171,,0,0,0
0.2908711906440859,-5.128720826929816,0.18980605322872524,-4.7978879999249795,-1.1415280226039193,1.0228614529773048,-0.05719875502646987,-0.3725017264355053,-0.6505419960415696,0.04225076157722399,1,1,0
0.21960168181354867,2.2720310883150487,-1.477642588950855,2.7894223219133623,-1.0824518057478345,3.393009633810136,-0.24396425125286392,-1.9399703684522693,0.02123306577582116,1.897668441022563,1,0,0
-0.1847259119794835,-1.3154313669906634,-2.245476871895031,2.13226080767647,-0.04215452206937975,-1.9848481205070057,-0.9219538253616915,2.0763967168548865,0.5388387035370963,2.4839949595925144,0,1,0
0.9183631149338709,,-0.65037004715898,0.9779466015927478,0.7946683030626585,-1.2724681464582095,0.5059830538955923,1.2267126503366166,0.557738828932371,1.3899477089183194,1,0,0
0.5228712669142984,0.6599395848072096,-0.7749631504872498,1.770580572972096,-2.2988712092358803,0.01578410035661104,-1.5599766881765482,-1.6689522855430297,-0.7621051933876727,-1.1547467621567191,0,1,1
0.11233794873237668,-1.2472288150070567,,,-1.8414135497097697,,0.10506127225795225,0.20576779117877708,2.391873389457284,0.15373623281800744,0,0,0
0.6560435672029604,,2.710199039381199,-0.8571381783216697,,0.38542381036346063,-1.4127634776158442,-0.41273654873334564,-1.2301921166964744,-2.4268855957691797,1,0,1
-0.026899852489384587,-0.10092941091144181,-0.19305779509218435,-2.1482081445992516,-0.1340715226492829,-1.5134467658826547,2.4575477547457183,1.856087254031795,0.168692744809392,2.6494769824817106,0,0,1
0.4409188278083594,-0.22812972805315668,1.7727302681104493,-0.5607165525295249,-1.4979039399009246,,-1.9330851498450525,1.825155574314096,-0.2547187899858918,-0.4457981637694615,1,1,0
-0.578163623061863,0.8354517419278602,0.9586747346372059,1.9392409313351655,-1.2330072743711582,-1.7659969338748827,-2.6432688310571506,-0.4889513585127383,-0.09222115812741334,-1.812236823483884,1,1,0
-1.2318685541566103,-2.134616612971974,-0.4746398248803738,-1.519911347484631,-0.18696622150809672,-2.1501237538294737,0.31972169316753307,-1.471021524495664,-1.2776048240560596,-0.2045176572105357,0,1,1
,-0.07707825588829709,1.1330710468380591,-2.759909870350463,0.3923911224728247,-0.4058058136479694,4.108060807565319,2.2446314131912635,-0.7244397601032758,1.7780764133784712,0,0,1
-0.4615131352549084,-1.1898235678472886,3.0972806912884576,-2.676002091550473,-3.6261546083215808,-2.563236549004941,-2.578025434016802,-0.8057820444142889,0.3847505337668032,-2.6385238283680086,0,1,0
-2.3480683971008265,-0.05330251000252906,2.2559619970327764,-3.0694521187599766,0.5229517013297817,-1.8158784643864314,1.3926236048113143,2.5232581139275916,-0.005722840904920714,1.1909975457776198,0,0,1
0.871705131061377,-1.574518447288872,-0.04786476744516266,-3.108381771076464,1.1204124828124677,0.16773508190149333,2.490897831118713,2.3174409432730916,0.19028290992242175,2.678620511429287,0,0,0
0.6711713590516084,-1.250622811394164,1.7461630810987958,-0.3603609686667268,2.4577637983465936,-2.172978874387376,-1.0855283371554325,2.1066199993212935,,-0.09262764392983074,0,1,1
-0.11382032618358325,-0.45570424359061024,0.2859210345765044,1.1074338713221128,-1.510375645381349,-2.774373398879977,-2.1904300507278247,1.0976265148045887,0.07153318204094465,0.05220018172654813,0,1,0
0.7262639375953454,-0.8309904961225476,,-1.0427506815822802,0.31028859768942607,-1.2016192835631596,-0.014825025689467863,1.6761064628078484,-0.20066314311180655,0.8568605291449246,1,0,0
-0.7607338467770106,0.2515783608059242,0.17902050300236527,1.8294082126568443,3.6856898159318585,-0.25025036458388583,-0.3759572222365859,-1.8717467330346804,0.2523982066520493,-2.062606642048313,1,1,0
,-1.0705022416622736,-3.5518605326876806,2.198035655128414,-1.4483219647171306,-0.8371391625255263,-0.2777256485685118,-0.4736401588719541,0.38485056468220186,1.8576405653744223,0,1,1
0.10004862777774516,-3.0798491865654833,0.018220614278556813,-3.640160890723929,-1.665943549548273,-0.440810600275389,0.5213209366173539,-0.13927338551253898,-0.20272002943667036,0.6182288282725535,0,0,1
0.08688513987781159,-0.8889974433774489,-1.3025035007565116,-0.4088471824190269,-1.0559024766034684,0.0532097941798777,0.43553933413927526,-2.2674347841615434,1.1258321790117507,-0.4019026780466181,0,1,1
-0.6104923262720335,-0.6631134309455495,1.2584933169312356,-1.5206597397110375,-0.8239180361995109,-0.4092120441978382,,1.5205251504747785,-1.3733242797608214,0.30150915336029815,1,0,0
1.0958734549768259,0.5142468154338238,1.7813265496203279,-2.30312748207998,-0.8410654033925894,-2.5530531668359497,0.9889605216863877,1.6440387281691904,0.3345576345378801,0.8851537341830786,0,1,0
-1.8788569137431494,-0.492824844389259,,1.175064805832806,-2.7210294209247103,-0.13343076270929777,-2.256695174334902,-3.3178698090563645,0.17695924973983332,-2.5104428835162187,0,1,1
1.4072110214783964,-1.172972038975157,-1.3907373918451436,2.469873946810368,1.770132784104018,-3.2884211104976413,-1.161526442315215,0.14758437129025548,0.5823128855244826,0.47601985675387004,1,0,0
-0.9679183200240504,-1.22644926337614,-0.4790050549493373,1.4762408386114576,0.44769427760231895,-1.729932950018258,-1.7235258689768136,1.2060535015502682,-1.6123576309253735,0.46126157852885624,0,0,1
-1.6840937293474054,0.7076545229950479,-1.7851289563634163,2.3614849050242097,,-1.4339574447064363,1.14759951677809,-0.7976163688197426,0.589228284886637,0.6916105064860231,1,0,0
0.50981790844696,-1.0430996528212801,-2.0758648096238614,1.2294153681757336,0.09909893641639678,-1.3100772892317871,0.03462725135654643,0.357692724135833,2.3906481343358488,,0,1,0
0.001734935873873215,2.189967954730025,0.7543538639541777,-8.15472778221884,-1.138682792204856,-0.7443510276001023,0.023929457121936393,2.8083345121672085,0.5096672754635975,1.5419690011146618,1,1,0
0.6121619263953538,-2.302552200931943,-2.7161905809722864,2.8706013080122514,-0.30791574022977786,-1.688447465485161,-2.252065074792445,-0.07264386356410768,1.2031973581423765,0.766468953775839,0,1,0
-1.0783641637948653,-3.4115216527224774,-1.0939945951765386,-3.358817390258731,0.38300524162846106,0.7933649567923351,1.839201363911557,1.1408410851976678,0.48266502604130657,2.3370627017310204,0,1,0
-0.11191668519920464,-1.1903228639179646,-0.18579446062111615,-4.387410053848819,-1.646458498445274,1.3861975747651325,2.9404053254435896,0.24877227841061478,0.951056862481465,1.805659722623395,0,1,1
-0.5536233141256425,0.4131366497112229,-2.086619246146194,3.085404354022074,-0.6156269580210301,-0.2820128697287412,-1.0235992435017507,1.6122398631969803,-0.3663728472664642,1.836766759886208,1,1,0
1.1564177714974384,2.779414846801658,-0.26899715627051535,2.9055162493474627,-1.109762170976535,-1.1142895287819463,-0.754593955921061,2.287229262921655,-0.7500936574883064,1.38502758263326,1,0,0
,0.15272434060585838,0.2714102388674924,-2.079731944462477,-0.796809497154182,-0.5287975707913982,1.86859499055883,4.96572126308754,-0.5439397669715936,,1,0,1
1.6528341863390272,-8.803963513423188,1.462484656601542,-0.5713128252181308,1.4242432753198238,0.29196304762578706,0.22220219394228247,-1.3497527537559129,1.113521353458339,-1.156225225383594,1,0,0
1.22638994392192,-1.035676593966375,1.6954465829847871,-2.327756582772753,-0.18288972330130238,-3.0027860955889856,0.12511005197314273,1.7491302648700362,0.2076273980159083,0.6671214800867524,0,1,1
-2.0053123968160627,-0.251682618303241,,-3.8869998913054133,-2.13952084810792,-0.692483447865485,0.927222718834871,2.9386452110840073,0.3139350723101654,1.556903287914672,1,0,0
0.5034122121999125,-1.139276859342837,-2.889238590134333,2.7843504501964453,-1.8080058960576026,-1.8240963870927902,-1.6623136834015533,-0.5306802850032899,-0.30091771324534927,0.9568545952118094,0,1,0
0.12991890441127968,-2.8699748170242625,1.5916728768231505,-3.7207362653128353,,-1.519408271477939,-0.5889303262091066,0.13954877120436993,0.1793980391804458,-0.5127872459767766,0,1,0
-0.23654657964093476,-1.4498232788671996,-2.322466663180985,1.94246416748407,-2.8221228643869054,-1.0854195475410304,-2.1528074319638115,-2.7586820741727567,0.15571731953044088,-0.9862970759808289,0,0,0
-0.857134710434541,0.9134087266129649,-0.5965648514924209,0.5026595386446389,1.5955346964297776,-0.9329327391929576,1.595543520341434,0.6880270994218757,-9.717513408377567,1.3351890983743084,1,1,0
0.7944266892508483,3.4874591853910464,2.165798874173931,2.928791477109915,-0.07505580997856653,-0.5455230903125937,-3.628896480168304,-3.809340635849437,-1.9629919076527214,-5.503264927650187,1,0,0
1.596106515312923,-0.29415795844867754,-0.5325365829015336,1.7343094317259613,-1.701658693983355,-2.210840748553685,-1.9994016225898457,2.495306726595549,0.24543762257878912,1.4915453686456517,1,0,1
,0.8581425484741471,2.3521711841430144,0.468170713701352,-1.4323161320088995,0.3324392415532629,-2.695231637473109,0.10206607506376397,-1.830497712831453,-2.374501288394413,1,0,0
-0.7415926390940565,-1.107709866250235,0.30075127644960076,0.25689756107860123,0.3171568461105516,-1.8066833367531143,-1.1630338093954042,1.2942784220283823,-0.3741045275639198,0.36544288994911817,0,1,0
-0.35160742828186803,-1.6394291132044192,-10.051549994940348,,2.2930094921902104,-0.07090533565092172,2.5671181981504763,3.1599656925553297,0.24225815662028627,4.148814291349414,0,0,0
-0.016073886162074582,1.2523124722392383,0.19941762662263152,-0.9154920266140795,,2.2614031734048203,,-2.858104140002845,-0.07206421050051394,,0,1,0
-1.507313581481862,-2.137181457306896,-2.442192281603955,0.4120742023223224,,-1.6125929505900045,-0.35100002695945265,-3.245579070620981,-1.251522794304531,2.5880118275913957,0,0,1
0.020708683685403476,0.8224430373281346,0.9333422484573004,-0.9963798454758617,-1.4362208919753388,-1.2144572310234465,-1.156165333574273,-0.0029068737185597993,-1.0687269542063265,,1,0,0
-2.002142724832433,-0.4104942472540568,0.22283597431471613,1.293268026735659,-0.8836432356219918,-0.974953564230083,-2.217863783796858,-0.7007138507352594,-0.45933512405256655,-1.3819950152655385,0,0,1
-0.3776049530579387,-2.852747085210169,-1.8703051248528704,2.678589091884979,-0.6589824073083677,-1.7058816101522498,-3.528787001831777,-1.711405650603141,1.0611627323738506,-1.3012763444621918,0,1,1
0.4765841469833932,-2.88989535750589,-3.2115565226497553,1.9693341550551318,0.9374973377713993,-4.500736878143108,-0.47242509779136266,3.052164137073957,0.9073429460610174,4.089100665972585,0,0,1
-0.31916448321816865,-1.783323616211045,0.11123112138414815,0.2965935377580881,1.6666030974354977,-2.749612372752944,-0.91389860685212,1.9231840801884883,-0.659954013146598,0.9608690325619857,0,1,1
1.4314530207878553,1.2414714107839824,-0.33429292550256223,3.565212235024917,-1.002486720030788,-6.092231566104138,-2.5402005300769703,0.538012119317114,0.9256669479078613,-0.3581749083733753,0,0,1
-0.16252796467625671,-2.0797198751858694,0.7134678172138511,-4.063985958794676,-2.3045715031596394,0.02139160765238901,0.8044402960362926,-0.3141411868352586,0.33521834621737173,0.22041927266870998,0,0,0
1.1058073034127964,1.8092467915504826,1.834096413615572,,-0.7099289261752139,-0.5129609452937932,-0.20379713218321127,-0.006169494826065103,-0.2811437260145332,-1.0968035882957947,1,0,0
0.5170276448247577,-0.0076092913031270415,-0.5367387924949438,0.19736122424438893,-2.72348070784299,-0.6175447797223417,-0.8354210940208805,-1.4557724069825277,0.8585514701033784,,0,1,1
,0.8623007768877335,-0.05230987574202017,0.7043678919451093,2.263062291143993,-2.1895170355220888,1.159621248812541,-0.812361663891894,0.26303518181790386,-0.14315723538323025,1,0,1
,1.469915112939204,-0.5342992492262164,1.7594258743094562,2.6016674696173423,0.266547011716606,0.9633689848838741,-1.367933271303424,-0.21855833833841642,-0.6525198793358835,1,1,0
1.3227428318797865,-3.615767528706978,1.4670260440120995,-4.2600438368593245,-3.145223027787456,,-1.4576404181072182,-1.367645004109871,0.1311121961784342,,0,0,0
0.6708721945019316,,2.554780329411539,-3.427749464699615,-1.594726250063062,-1.29094373912154,-1.2133773117357807,0.3934095532370031,-1.930833600724083,-1.2284969289739822,0,1,0
-0.36139164056791484,-1.799137024200183,-0.5264897192520812,0.8119668392196929,-1.2732036025754745,-1.6041823570368687,,-1.6089651109463774,,0.11750003554514277,0,0,0
-2.35115821311217,-0.49474476210959173,1.9954287330568738,0.6837971328254696,-0.6985768375881427,-1.038472575720448,-1.741631309416444,-1.217951806996343,-0.9390632499396991,-1.6102209044597324,0,1,0
1.6716594366486115,1.2547754144783703,-0.0784168686842549,0.6320408383868518,0.2455020619471383,-1.6246372826996196,0.7221866078730339,0.5882121000325649,1.070882292171469,0.7975207851598403,1,0,1
0.579976576957259,-0.1401686905070294,0.09971081723642361,2.0485485157091787,0.8615849322333744,-1.8126592392608414,-1.8362347486563668,-0.34778277871773344,1.4840605532206974,-1.0764512509545474,1,1,0
-1.9309082005201545,1.7447609660289927,-1.4243613431189326,4.2265705678657195,0.5793414378767403,-2.104253023155711,-1.1231178048612354,,,0.4039531951524158,1,1,0
-1.0082860679643277,-1.6015726340493512,-3.030357997788057,1.3598664609649598,-2.5364949851697176,-0.3513088484745205,-0.9010602690558597,-1.9343712941165965,-1.3544896173623504,0.4410454670747026,0,0,0
-0.46343291398079656,2.2071894472270284,2.5639975751508475,0.455576695438771,-2.6795436823751535,1.0271384376920931,-2.3084446999941566,1.6223527896323457,-1.3222714785911764,-1.2861973942982354,1,0,0
0.1437374378208569,-0.6165524340216667,-0.03259785912079316,-2.1895836267017676,-0.3558235319055919,-0.05074660939996822,1.6885564310299592,1.513099103230203,-0.4178235188093812,1.9086007271836676,0,1,1
-0.7585232609792003,1.90892701620463,-0.5386072104195654,5.3577349650992785,0.43492356100931895,-2.471890955399954,-3.1219574601201443,-2.167204600606903,1.0584029080951756,82.5766064591111,1,1,0
0.5047813609150709,-0.35368054371309543,-2.875122567259265,0.24775475168033573,-3.328205729491725,1.0907476593451597,0.6238400511614943,-4.2567677616967305,-0.6758783643523114,-0.61145756245316,0,1,0
-0.42842843475557674,-1.8538935012624511,,-3.9495383833432363,-1.533988773010963,-1.2775996255238287,0.3125259975243623,0.4215070589322244,,-0.09001550438477775,0,1,0
0.4749198737938048,0.6788538861373057,-2.471377892480659,3.503001519057681,-0.1824676627702474,-4.781036203536805,,0.552520469897297,1.5813759691714335,1.9910469068735999,1,1,0
-1.1390566661397103,-3.0989694730739514,1.2588266349571322,-3.1030194382588183,-0.9404495134095219,-1.2627713015640056,,0.5537517582086233,-0.1952945797961987,-0.2623555286342042,0,1,1
1.3422535263036104,,-0.09413258885062858,-1.5824889433293678,3.008110629808083,,4.412926346441059,-0.11281725329036996,-0.3301680625068308,2.1479843792258952,1,0,0
-0.0013300780263234102,-0.013890767566540063,-1.4596393576602593,1.5155147088800192,-2.8370944414602426,0.48376102035082535,-1.4856700249320711,-2.667158992182706,0.6273726701874223,-1.3352543704283086,0,1,1
-0.4961139797833766,0.02814951297835877,1.3571610070121651,1.4878930636203385,0.6692233772448513,2.127104966436822,-2.7452466751401152,-0.2743423777990741,0.08402176093309313,0.31768150521400695,1,0,1
1.7216926121351421,3.058161702802358,-6.191543956802809,7.3716099824082,1.633913930524844,0.5461609780196799,1.5647064495841716,-0.12274110959526507,-0.2740459888857355,3.5701287639248576,1,1,0
1.0342266740047628,-1.677975211125373,-2.238152639045162,0.6756749341927295,-2.0111029887046805,-0.09003002015513561,-0.8906590189717022,-4.342492160253416,-0.19227831281144533,-1.6938745036652916,0,1,1
0.1613870496345091,-0.7051627254521564,0.08858022932278486,0.5050090154002703,-1.6834039769997422,-0.8666387081937897,-1.8787092586636205,-1.2836842141450902,-0.2541258231901035,-1.4245271753012585,0,0,0
0.07811569248346499,-2.0767786386582356,3.034533854197942,-4.246600106196445,-3.3074809958668325,-1.562961785599935,-1.5733788168313692,-0.8528628937437162,-0.4267864709234251,-2.241766337736532,0,0,0
-0.654984488608719,-0.07842537081097256,1.7649784251963556,-2.7425783592349298,-1.3286952780224488,-0.3487407691504013,0.5592414360787055,1.0228886475779282,-8.589823532349993,0.185393884253168,0,1,0
-0.13170025385990994,-0.5489872497508586,0.04240665162372448,1.3027040587825578,1.4143100052071542,-1.3786773987533214,0.7130146624179072,0.17210110359389774,-0.5914882570709169,-0.4553658123418858,1,0,0
-0.3249785941686678,1.2669203346396014,-3.5373825267072037,3.6677074445384,1.8498015236774994,-1.61855751374762,1.6323366007950533,0.7793304464144502,1.1951854024030977,3.0383675092712537,0,0,0
1.1995378386479092,0.7713273389506655,3.417009507024273,-2.1174974137973184,-1.2314622060226847,1.0444868211123022,-1.0677933725560385,0.9295290946729777,0.8458438446846879,-1.7401714184532506,1,0,1
0.8729856413425691,-0.1121369143241604,0.1652694853217097,1.8253484149928108,0.7994876722491799,-0.8285771170403657,0.2726830105343816,1.948529922498151,-0.43818111919734926,0.41171151248876015,1,0,1
-0.18331684202330392,,0.9200989255023622,-3.419626770465813,-1.6856175536731934,-0.7947484446422104,-0.8936643618083626,-0.1544067760116521,-1.0937684002255086,-0.4803285819467561,0,0,0
-0.8099168567891817,1.190283306167101,-0.04382468673321538,-0.3020035703810134,-1.8046784853148057,-0.4109674934037544,0.6283211360227705,0.4098978709143801,0.8488738302850475,0.782609733174192,0,1,0
0.8305051886334915,,0.5672945115963249,1.6907855970111758,0.5552906828035109,-2.626627551318517,-1.2930642025111818,-2.267882011247648,-0.9535247258366385,-2.318906794052948,1,1,1
-0.45666758990472633,-3.017353478648197,-1.7007845019343477,,-2.8057393365165657,-3.223266628110896,-2.6183051051539126,-2.9886438019831347,0.07205085018665584,-1.3945448052853355,0,0,0
-0.5245367390000981,-1.333993632690953,2.861269505388437,-4.120073178006091,-0.7263196214837666,-1.961627075044733,0.2746067517668749,1.3305260897732862,0.44162506781421695,,0,1,1
-0.7068534015143436,-0.04554260124693987,3.2436847407569513,,-1.8874435996834407,-1.6063167569179453,-0.7127574138602835,0.7223557336845816,-0.1699791862109306,-1.2326441015711103,0,0,0
1.2791757773481913,,-0.26516548226243797,1.7056552778931875,-1.0005434015603791,-2.3378606310471435,-2.4223341727629433,1.386303733329005,0.7348969425383328,0.3633087241834386,0,0,1
0.2310591210829541,1.8927904081432558,1.4136111616646543,-0.31995355109198886,-2.5193137317779906,-0.7452697985527036,-0.4150892495149473,2.106011019416607,0.2812105299558777,0.7097614225167082,1,0,0
0.8232949943553307,1.2428615121041724,1.3469960852159606,-2.762583012717389,-1.1988659394564638,,2.1852435598553748,1.395033487617006,1.2609516854809275,1.3386660867767624,0,0,0
0.14796888063276262,2.23778443508404,0.6074848375146376,-0.4106448438452465,-0.7197466616077703,1.127063811964705,1.3337637201287726,1.1189118215137674,-0.8790168861647499,0.8659247584916803,1,0,0
-0.16854591590355783,2.363100156409548,-1.7797652860776316,1.0757363299480123,-0.27528502437203106,-2.098791247804998,2.6842845386141247,1.4287674676949509,0.39188662894211224,3.239752786501491,1,1,0
1.1392418183632884,,2.0401373674159617,,2.190250190384492,-0.8560197959523392,-0.5250465813634559,1.5946941540804005,-0.3064518000111888,-0.4152584827446087,1,0,0
-0.8840363742048806,0.6692538549727427,-0.11026573434472242,-1.3666368492892753,2.59622223834245,-2.8821743830593514,3.547307748697248,4.224036023110351,0.6939832403270371,4.401423476384079,0,1,0
1.5909413585541052,-1.7554952303302969,1.4551109009964585,-3.400500147264295,-0.5674219787267458,,0.5118743371982112,1.1540067227033954,-0.6603312628001164,,0,1,0
,-3.5959781562089344,-0.05063631590267115,-0.43208361896808384,1.247677527405254,-3.599240550970475,-1.6508713833397062,0.761340131389894,0.7069289851361691,0.19244887629071675,0,1,0
0.9675229949091757,3.0458912469857005,1.196092416862724,-3.6866174891842496,-0.7205934582439006,-0.6769991510193138,5.020549056097922,2.2198095457778373,-0.30266104367554975,3.0903178942413314,0,1,0
-0.25880086360891674,2.0498165153524894,-5.110404734403444,,2.50054844898714,0.7278996247658869,1.862623201646472,0.3866911415151765,0.3612522833635362,3.392892391432044,1,0,0
0.9506278731265124,1.2183422876428933,-3.126669847818022,3.58919865533637,1.6592862235301034,-1.2594223849349913,1.1946034653359072,-1.43924580513638,-0.9260621643490131,,1,0,1
0.04290732616769143,-1.3583191945868067,2.604165911754169,-3.658574814379918,-3.0972283901369955,,-1.1169032947046795,-0.5521521848425981,-0.002685725863242228,-1.7241374818198187,0,0,0
,0.48879090250390056,0.7904048503368224,-3.072764255077097,-1.6187735657727407,-2.8346394958567123,2.5273179064957265,5.2901316672997245,0.06839386063666252,4.7180883377813485,1,0,0
,-2.548703859290898,3.5020051032950263,-4.700944232300947,-0.07559030442865244,-2.207622944839577,-0.45849907095719034,1.4594150812961142,,-0.7721773737050072,0,0,1
-2.4861665677213565,-1.0195311123702822,-4.5714380947540185,-3.0052457717959093,-0.0963293867443904,0.15739094545959165,2.711601221610568,1.5565613372688305,1.120056637899783,2.6217995190642425,0,0,0
-0.3053737360936483,-0.05774988862715069,-0.25179974644077585,1.7241973665843628,0.7341551257544208,-2.2693039637539147,-0.9785057848876985,4.162961650920004,-2.2176465207197604,2.590792735968248,0,0,0
0.8331303283983444,1.1562490503228746,0.9358783453046347,-0.3011636635334005,0.15267675913038303,-0.04604967884798916,0.45330442742850763,0.6581599352722229,-0.33779626305732835,0.03649844709284718,0,1,1
0.5229715738969453,1.0153264912812803,1.773725045325759,-3.922682094361135,0.1526007847053904,-0.8362970868205264,3.4209679098579135,3.20592989805655,-0.07151400927298215,2.7361905705221647,1,1,0
-0.4685199292600519,-1.1700725230185296,-0.7311124918202225,1.6817602764742519,-817.2060648879601,-1.9172052024914417,-2.056586155452439,0.5617111420705116,-0.7937045795022385,0.15575031026520997,0,0,1
-0.9988152681895256,-1.2226783706203348,-0.9575310406610666,1.2354462168920892,-1.5613612002441495,-2.185765004082322,-1.8553184876460413,,-1.2421533507916103,0.1214829349329081,0,0,1
-0.38396020203484016,0.8075582418514676,1.7502578278129577,,-0.8515228083660082,-1.7868903324794827,-0.43098494855165315,-0.9644659818089383,0.1283390272029383,-1.5920687819626185,1,1,0
0.4159226590575908,0.04662209647972171,1.0676583256464718,-2.1554925096721287,-0.6202104411677571,-2.0797537186853856,1.1949401920463405,1.6450074785844364,-1.0907537158222465,1.3351794064155027,0,0,0
-1.688592200627407,-0.7135042964454961,0.22399708767150717,3.640333367655423,3.192479844967573,2.8044191224628467,5.611336202992782,-1.7177593689048751,0.7845362375298336,-3.532760278444171,1,0,1
-0.5249019628689985,1.8316071315159048,-1.3992086680970384,1.2188797883451459,0.40629494468257266,-2.9100015644966506,,0.37199764393871937,0.5716087108071156,,1,0,1
0.8362309764108673,-2.677368742055881,-2.66202363005739,1.8351211250471338,-1.842757615981146,0.25019245297801107,-0.3022633424459422,-1.0190218652037155,0.4767725530026038,0.8806802763695932,0,1,1
-0.3798912086875837,-2.153575184805195,-0.5336244375963444,-1.0161073101801168,1.2701819470332993,-1.1057445251637323,0.4756268839525055,2.320460658831356,,2.1543112571709826,0,1,0
1.552480373785073,1.3856254890420323,-0.8205773902398092,-5.2966917591548395,1.2968752733639142,,2.8743976756757115,1.9408365694288103,0.2457850173811903,-0.1373896113158577,1,0,0
-1.230476058177251,-4.755173324741927,-1.8373493283462254,3.250501209962346,-1.4534031368100035,-1.8848212653794525,-2.5934398462167576,1.9160442142884972,0.41426689979139125,1.5152019022131544,1,0,1
,-2.2928601500051107,0.9236174588352664,-4.135516015630248,-1.954135433944276,-0.8935502153195162,0.7270989398199823,-0.10775883603421188,-0.9170280287407904,0.2589713692493237,0,0,1
,0.4308161058061545,0.7121793326145793,-1.4426790443461106,,-3.315871635918999,1.278260222710895,3.7168671695651856,,3.0450553903988404,1,0,1
-2.078519748890523,3.723883147558965,-3.350778127354042,1.7194776222004455,-0.8416607350358487,-2.332212067948743,4.502276762608616,2.971721432512545,-0.3098522246904981,5.980684938079986,1,0,1
-1.367871776945431,,3.2910025645909204,-4.019772420894945,-1.1455975374815601,1.000685039875946,0.808749337816751,3.3022626057581186,-0.6221409545721348,0.808001772860678,1,0,0
-1.339270315485301,1.1275421789218225,-0.3857423591140716,1.848508066024451,1.9660511305836308,-0.10022241058807979,0.2564546750467256,0.6315536078866572,-1.5168584165083185,0.42185624341149935,1,0,0
0.2130803959715548,-0.6741201557326022,0.8964372521700434,-0.5205839750066132,-2.2259507432067647,-1.83622023038016,-1.6801226818432826,0.2721886643010315,-0.08762354625423106,-0.5766544463671844,1,1,0
,0.8111624705797597,,1.136605314508652,-0.5146348007220662,-1.4457458029562567,-0.9163993522350318,1.86741409051483,0.1209954343635004,0.7644001951873868,1,0,0
-1.1080533268294424,-1.1071488301718715,-0.47930065311341874,0.8690578122229962,-0.4633070282470796,-0.5638519562788116,-1.5591271740951589,-1.7528351360734786,1.7758468947911954,-1.4398022888678854,0,1,1
0.5746929937075994,-0.730367805356742,1.711390716358253,-3.5334045044800226,-0.40138482314679413,-1.9510299874013501,1.4321938649702923,1.5682626069753518,-0.6709143776847711,1.0527411454125735,0,0,1
-0.4621159637998562,-1.322014272583613,0.31504341747811426,-2.209874142790107,-1.578076294399927,-0.9630474607516494,0.30998729415725546,0.47558925558017706,0.054335659465392594,0.6801818359969612,0,0,0
0.4098087996495947,2.5409165789327437,1.069355693260825,1.0660641258585954,,-1.807610426481045,,-0.9227867329646575,-0.1714457434567751,-1.3497325096511263,1,0,0
-1.5974542183291225,-3.681869460411993,-0.7977919921501362,-3.4309906399296315,,0.6280834130020441,1.001220767246118,0.4020506047215562,-0.07393236525691027,1.4482726424605197,0,1,1
,-1.5438698454149775,-5.849892958727585,-2.2313214767854994,-1.46291956060979,1.2836831478632322,1.000887633609891,0.3473955954625685,-0.652398460462478,1.2727494883776027,0,1,1
-0.896775244507152,,-0.12122153329699437,-2.9274897852414217,-0.6783179493695265,-1.0621549008693658,0.3167747661810445,-0.46208096548452127,-0.7286591410337823,0.07883190708907599,0,0,0
2.09924951925509,-2.505807050446756,-0.4209321068940237,-3.3019127431150954,0.11421582650016848,-0.47608238094883637,1.8774692577946475,1.352764057080488,-0.7062233540680766,2.212819993042408,0,0,1
-2.0358164678810766,-1.0526771623962308,-7.906845237346085,2.4080901284802465,-2.0188264591017893,-0.2792062587559808,-2.6612504288005905,-1.9758158877670333,-1.4932529310315983,-1.2740329601063312,0,1,1
-0.7651346671096204,1.1748849268393262,1.1536292557086232,-1.2847035418889345,-1.168070119321401,-1.0179107136405394,0.8214720964178538,1.4762148731486624,,0.8981513539144712,0,1,1
0.1311527053774716,-0.3427322813706948,-0.12610336525667587,1.777767622957823,-0.05619493713540524,-2.522582986440321,-1.8305058144785757,-0.19250031707707138,-0.45066715282462405,-0.6439110051534586,1,0,1
2.2461880135582653,-0.6344948978104403,2.412374735752529,,-2.559858802488259,2.0396643206448077,2.110500942293691,-0.19871807238257722,0.5567959468277808,309.4457691512295,0,1,0
1.4204009231298556,,-3.959430033876204,5.0435565605903845,1.6640819782781633,-0.12503353612515478,,-7.425097186978872,1.012635254401941,1.5962997265388226,1,0,0
0.20565466592971773,0.9204561735338845,0.9922793939505052,1.1676153884188687,0.096361242436525,-0.49905689236996753,-1.3449644880176035,-0.5463631400532782,0.538229311830416,-1.5677389287502022,1,0,0
-1.3272840378781467,2.049884793227223,1.2608894683195686,1.7146944079598554,-0.6267321113143438,-0.011171571074216846,-1.5412691979702953,0.8757779338096147,-1.1770203880226942,-0.8813881299969453,1,0,0
0.08259051687541312,1.3219328452334773,,-0.782250477059604,-0.27180798697815745,-2.3957569713057425,1.0679769413887823,2.274460904799515,-0.12983632584940336,1.615591866719136,0,1,0
2.5874412287774575,1.6449197926441332,1.4613033306970582,-0.05611008422844681,-1.148337215680696,-0.6521007983160454,-3.8467455595334092,3.1983033225430564,-1.1758597705872447,1.2783105609138037,1,0,0
-0.8418100799320679,-1.8590870815104552,1.0820559466154047,-2.38429956974543,-1.691905552633857,-0.018035743825962847,-0.8373197918848732,0.2439289923545901,-0.5378283698650225,-0.46102296727757525,0,0,1
-0.5392295367895669,1.2104484464126126,-0.5774303799422953,1.8797239673564563,1.132933684952404,-2.7115077551864646,0.3507005401798864,0.905877240871699,0.5062784714875873,1.0979155087767878,1,0,0
1.3686234226985106,0.05533192568515788,1.0676991549931003,-3.3348493523497797,-2.0413882136718886,-1.1136626354790933,1.711747257111881,0.4969106687203101,-0.6945031613848099,0.9048933041133961,0,1,1
-0.18847681889449142,0.8989440806708486,1.64067601996549,-3.6584919947464303,-2.4231326398302766,-1.049686238770646,2.025105914869591,0.45013152556473335,-1.4288661504496623,0.6875252054824363,0,1,1
3.6028321358108735,,-4.486539898353794,,1.134263940945977,-0.8418621026033116,2.489168866206737,-0.7716453356010482,0.041589067558433994,2.8286210181373486,1,1,0
0.35566987283862367,0.776519287256983,1.9869046170942593,0.3230831874323628,-0.20659524366351245,-1.13759148284628,-1.6407837530075728,-0.8786408670037142,0.8306556912954083,-2.3669157711244755,1,0,1
-1.275870999901924,1.0266486621365547,2.0598079209300737,-1.8510047961844776,0.5603855461118163,-2.1760279216203875,1.272442237411778,2.8259326720368723,-0.03347481032690589,1.397669300893286,0,1,1
-1.7772637986896467,-1.7555707020480458,-1.0262240612035511,-2.7007013707605783,1.8190453094940997,0.41007029040171616,3.1562678155424675,2.6963099548523637,0.4760108000656256,3.677313413679157,0,1,0
1.8511540620191151,0.32298395622452514,0.9851904297120281,-0.7406219778555462,-1.2536100039990519,-0.1454079259848603,-0.37577541013456717,2.338849796666678,0.5243372855760459,1.0085398350439105,1,0,1
-0.05087965164398104,-0.3674097911162143,0.9516331575639267,-0.48571653723608516,0.1986479395907368,-1.2694442044680732,-0.5494185748630289,11.385056715161506,-0.9198106131509073,-0.9273343693478282,0,1,1
-1.408663267758591,1.3777556412788834,2.455965520048575,-1.8915547765076195,-2.5490324306630816,0.5840924861738066,,3.4274383290061388,-0.7168266079081144,0.9877608432754872,1,0,1
-0.7965255751603473,-1.6837325968006547,-1.0236039060433346,-0.6364835432947331,0.5343689199203134,-2.3149630247054,0.7056706540968434,0.030532311761349407,-0.46169871558758396,1.9240071915442971,0,1,1
-1.5301309287433318,-1.4026443578485153,,-3.016718881410023,-1.9289726104772527,-1.4982499575487505,-0.8470765158978844,0.29104585798207083,-1.7353107035927715,-0.9066760015760789,0,1,0
0.8428026912605329,-1.5925469152390805,1.8846237394642955,-0.5060372327881062,-0.36720257116313326,-2.817375748933541,-2.5617984884133023,-0.06655639843731387,0.2585749007371417,-1.8490584805312236,0,1,0
1.2633640849509191,1.372933640089522,2.398065206313806,-1.2826390808280113,-1.3670411998055143,-1.4798319409755627,-0.34707085548792327,-1.1617690064860606,0.8074191823824282,-2.0422155940750777,1,0,0
0.21503581213723,-1.2523135727054486,-1.1416279978706023,-2.139015212112542,-0.5448596238080408,0.574342614239209,,-3.386469418593592,-1.4239803338209671,,0,1,1
-0.03861713354871464,0.3720686123799952,1.9976910600570155,-1.8493987270953358,-0.321873332797907,0.026002216360472064,0.24640057780399727,3.5255460522603745,-0.6846808925126543,1.3902651759121345,1,1,0
1.0617953384536465,2.192663778683719,1.1510930575373204,2.2629781929004658,-1.9939257878314431,-0.7907492033264327,-2.4062084517205387,0.7020586282943247,0.10780832831123513,-1.09409520599525,1,0,0
-0.7834881283458742,-3.9706981355515216,-1.3793665637128742,-4.428047403457048,0.23828423587829817,-0.09828325870205457,2.7694043901555214,0.9484217703970805,-0.8825972861435134,2.9354629803586056,0,1,1
0.23492305049721063,-0.3937880228367059,-4.20101009484628,0.9702987672894197,-4.9412748802119975,1.8975505986313341,0.35545044163457984,-5.064851491177458,0.3130500488187198,-0.40202843329968424,0,0,0
-0.4861364668488323,-1.2371486351288168,-2.737346626524374,-2.5044238974576984,0.6405884549355259,1.342910289265145,4.449482673208195,1.855424969724941,0.4280587476511656,4.6898014536741055,0,1,1
-0.2682299353397865,2.244193124958003,0.557582002028213,2.1664307055573535,-0.2562830592993435,-0.6630784682487638,-0.9580712738694392,0.658993531903003,2.9987341055024648,-0.37320251736345955,1,1,0
-0.357492847271728,0.8311022368559681,1.431484231306725,-0.8316185736823944,-2.2699178611673094,-1.4859067931666305,-0.638213344906981,1.4091839067065977,0.790529563425356,0.23922112948867846,1,0,0
-1.4220753274258267,0.7483599344711942,1.725925600038033,-3.154038073152757,-2.2866985055565863,-0.7358679379444351,1.3260459470670116,0.5264407236702513,0.5858172974674507,,0,0,0
-0.3846301320712339,2.2506790369023877,-0.26291754273453005,-0.2692249406511556,-0.19034871945878495,1.910825050031764,2.3324300399836253,-0.9835333533535664,-1.3491721041435163,0.45840335389194037,1,0,1
-0.7037369567249628,-2.7463282623586824,1.4930193545585215,-3.5915572848595425,-0.7321668880091574,-0.9494033599639594,-0.22225248756749671,0.791309316656236,0.013835723222394625,-0.01636025724433885,0,0,0
-1.0607316239555338,0.895447061742396,0.028783352563833464,-0.509534775858573,1.3108315649912279,-1.3218704039916458,1.9780392863742815,2.2327094666401823,1.4744603266068357,2.277438398396336,1,0,0
-2.1127903447324137,2.1741265089952506,-1.0814628471638927,,-0.13936835792889202,0.06307334091452343,,2.3244025781684274,1.0027214151773136,3.0725141950226007,1,0,0
0.16463853144973825,-1.4881801341855077,0.7935608643095013,-2.1308878997885836,1.0914969437700566,-1.6112153105991902,0.79018587723375,-0.29808061648310236,0.47404195656165815,-0.16517963716159278,0,1,0
-1.0206250405038206,0.94119878256918,0.20718796888132118,-2.808403190437745,-0.13031926669452099,-4.593873589323238,3.9289300989974287,3.5628271298375074,-0.8160641884917624,4.459129914394721,1,0,1
0.41015156771359396,-4.347128893965889,-0.6350132831678614,-4.478082964819455,0.7867501784170927,-0.31204994423073174,,1.3268565107155978,-1.0380485814246605,2.416601407606444,0,0,0
0.9302917092896185,-1.0475117402419185,-0.4496645410869696,0.5846471067807654,,-1.3059542935661217,-2.346196650889854,-3.2317145120924926,-0.11362693451922978,-2.395805178510309,0,1,0
-0.5230839966946594,-0.6582660201800015,-1.8663417833493505,2.75697106258909,1.832436849700952,0.021573058834382097,-81.8721073500023,-0.024031338589326046,-0.7295610781475912,1.3290514621448044,1,1,0
0.904149594851582,0.20466550518935223,,-2.987317562197948,-1.3625097416188345,-0.3777751259893535,1.6638618745199751,1.0081736618324988,1.569685680977757,1.027646634533734,0,0,1
0.508267321463349,-2.0096438674462656,-0.3201696584651579,-3.3486820799889303,-0.9970115966288446,0.8906987240196353,1.6335214852824795,0.5489732174888714,1.6627060160034965,1.4938891446996099,0,1,1
0.6056862111291927,1.5764309454708074,0.22442235045192283,1.156649401927851,-3.495602020977416,-1.3057658583631613,-1.4128590947684985,2.5081811937354086,-0.049604511158779736,1.377526589447284,1,1,0
-0.42464332891591067,-1.6282417335763553,-1.1006822282701465,0.15534811273542903,0.06798346045921266,-0.5580047365391856,-0.4196814558285191,-1.6892358346982959,0.41222069356544727,-0.5622587774588524,0,0,1
0.10070321403397768,-1.5544144170160918,,-1.3497530935179738,-0.4370365938373316,,0.7475828800561122,-1.3027897318034396,-2.3038449694880216,0.18362138979463113,0,1,1
-1.318409450558049,-0.008445580313272139,-0.6187826388168333,0.27459193336310683,1.434359208630948,-3.3709802456300513,1.2368778906917013,1.3132462830154523,0.8656341848196735,1.909853036475734,1,0,0
-1.731324578876315,-1.2327891548017933,0.7290639851863177,-2.597431722120013,0.24657532775461766,-1.1217065343555492,1.2096844280933898,1.8012701751437383,-0.4989787430558854,1.5216188889982316,0,0,1
1.9251131239369192,2.3748955505171256,-3.9836573913508,4.659913794156953,3.1639175084329536,,2.4615877633123437,-1.4165072751880987,0.7888946307844868,1.9462698449660123,1,1,0
-0.45039444081544955,0.314056240021113,0.3248553917582635,-0.2229839066096086,-0.023941226678093175,-1.28744067449961,0.3364579316501718,2.2297605984964317,-0.47904997353716,,1,0,0
-0.7203688548966539,-1.97997735780218,2.1794580691715595,-2.974322418141021,-0.7137100629042743,-3.3343378409233098,-0.6764448031475703,1.161906117040999,,-0.19594202787978124,0,0,0
-0.7862974053748583,-2.091941884210561,-1.4016247667681732,1.3411125721647144,0.27675752371514295,-2.1832131587074985,-1.396584298629786,1.0912184373291138,0.025245629081632897,1.2222428381458785,0,0,0
-1.3669391585821093,-0.17609953040890192,-1.8912939858043902,1.3528339452216926,-0.788691514922924,-0.5572716410981259,-0.003800755639133069,-0.13723395728900933,0.0057212810991223995,1.1173365240496793,0,0,0
1.2922937468847076,2.1810148181332236,-3.2080194261973114,3.030799754752281,1.3135022022436558,-0.11752605956070106,2.3901287575565844,1.018725401292619,,3.2372828486216467,1,1,0
-0.8314786729014906,-1.6021081617726187,1.019425828799089,-1.4692374067557905,-0.24032162575127747,-1.6089091252261183,-0.7292495572140316,1.4850568340925463,0.4290068480163878,0.38890776204544825,0,0,1
-0.25212315877207636,1.1367593198088772,1.076614872435865,,-3.1365510963030965,0.6729542844357264,1.9290599383982232,-0.10515599136672882,0.02197329596321629,,0,0,0
-0.9037487179106557,-3.067095502319991,-2.76026032997902,0.8303630750545622,0.18696997894457645,-3.0410040314780105,-0.41813054491618984,-0.605268945234225,0.27490211308222157,1.392742397670528,0,1,0
0.17020282461353894,1.1131822019837845,1.3752006765873919,-0.13145089024600692,0.6064249446582464,-1.0075116460107918,0.14100052076451264,2.6366604290210933,-0.5133774875146491,1.0066671242249603,0,1,1
-1.6006831090159857,-0.6556888681552973,-1.9076899875865425,1.189255430774346,-3.0133356508640152,-2.7316948377520474,-0.9689074069815875,0.3520033687235371,0.05797469661566357,1.5367634809507245,0,0,1
,-1.298110539121811,-0.9730870031305977,1.8119963331112543,,-2.068983281911238,-2.2300024645123724,0.16383887693219745,-1.1855960077744592,0.01795896478032802,0,1,1
-0.514864662403782,-0.1340875494390752,,-1.2798636024624404,-1.2471365108650376,-2.346508410606444,-1.2107048136526979,1.2156357127472845,1.9786512875485034,,0,0,1
-0.08412958314923621,,0.22156636108563332,-1.042298695620973,-1.9996281545440264,-0.5062522206067999,2.1077585655989584,4.115739463358762,-1.572750405691489,3.7592746178854113,1,0,0
-0.18977829956798103,0.06418408380722274,0.6054495141974741,-2.36688121291331,-2.594214293986208,-0.16151820199975242,,0.018636231270983794,0.5063634710620628,0.4204961710578173,0,0,0
0.24688690153226664,,-2.3459995731417926,3.2927414685479737,-1.6350353489838714,-1.4683792292132818,-2.137375691293918,0.9434702990195185,-0.499290590805561,1.3283846101283174,0,0,0
-1.7961646591685814,3.327656474337813,2.2176433828027875,1.2604015872447292,-4.352117399803532,-0.319156455601326,-2.4556149057444996,2.2009269434142413,0.5303061822496024,,1,1,1
-0.5806352797527063,-0.4702955786711591,5.98543747531761,1.4994000402269827,2.8895483463384135,-0.6904320981909666,,-1.2169181410072354,0.9013767164289195,-1.5704936369881952,1,0,1
0.14091087838694719,-0.8525555144360348,-1.29620614466855,0.47672615716619565,4.694921035810562,0.18247107843914967,-1.4112621055385584,-4.003317785291507,-0.4206193424560216,-2.157737675474558,0,0,1
1.3690612998424652,2.527375384403495,-1.92070403734773,0.5920474989518206,1.5163495822930628,-2.5113391973678385,4.261908559262638,1.596761643527632,5.174414852325173,3.9464616383074107,1,0,1
-2.8463743163268136,,0.8156002047626345,0.00873201829285079,-0.9388676631227924,-1.7667800650180645,-1.4707547956155251,0.48495521511962225,-1.0678762269316586,-0.4817922178433082,1,0,0
0.6960423134078911,2.058770698260221,1.6019961354446126,1.1363819040010792,-2.6714311922440843,-2.265763409674485,-1.9888219203515143,-0.6491147593649229,1.5447973463842604,-1.8216759117015553,1,1,0
0.8601841202180764,1.0161775649100617,0.009100085872856045,-0.19223804493372532,1.7213367067104768,-3.0238383075189317,-221.05731869242993,,0.618061060322439,0.45622056459063465,1,0,1
1.1984823523838992,-4.080993090221123,-0.7636936732834678,1.2854108233883301,2.2128698750984466,-1.1354875622582592,0.5558489747025988,0.21412938631391654,-0.29289083020299683,0.6210899057127248,1,0,0
1.4556748574583571,1.2050560376773136,0.6135765061377281,0.1573917494898738,0.6936668728936575,-0.47776230795048724,0.6256978275539846,1.684549915957212,-0.7013281001381633,0.9458447102611247,0,0,0
1.0264193771346004,0.6029422950882215,2.007041809582523,-3.4633224549272743,-3.2899478390906793,-0.6417362085326389,0.7968465458783891,-0.2399948462567414,2.3181022604638017,-0.4454979187970155,0,1,1
1.1425228195041448,-0.7494610296466184,1.5400425421119297,0.22578657746057076,-0.4660833317283889,0.48319314736185737,-2.560661423469118,1.3516826017870796,0.5335199931423965,-1.054942178993866,1,0,1
-0.2665722849289853,-2.562349254876319,3.10882708562414,-3.281218003338323,-0.7757173764832282,-2.4413493152613563,-1.8542515857658421,0.9794094646464527,,-1.4067446073853722,0,1,1
-0.7321389019707383,1.4695674659762141,0.7456225967364598,1.6271345532353538,-1.7294582258277744,-1.514555720694795,-1.7993190328503523,0.04432490105063491,1.6630313782118475,-0.9490131786304115,1,0,1
-0.10060167515618698,0.08002506343340521,-2.1295462638447917,-0.14143313585818948,-2.97353048974453,0.11586079985428688,0.9541492862874639,-2.166696974082294,-0.1965690342166925,0.5421884188117654,0,0,0
-0.13894435086533452,2.4582634406615713,-2.56449900353966,3.4419205049108377,-0.7848538623305077,1.619588241865734,0.5588548985496062,2.0218663100725083,1.7649718541264443,2.810323975535088,1,0,1
1.2854869497089854,-1.5558657211588802,-0.6788251146671969,-3.1241854508504963,-0.32801891286305773,-0.5174205602384132,2.549000976278843,1.2461717994989725,-1.204814340937455,2.5890873887329877,0,1,0
0.644451157913382,1.296988428166067,-0.5659627855487213,2.015922361309956,,-2.2200433336744547,-0.4516773029125577,2.8014858986237092,1.1727211798231125,2.1707553806009163,1,0,1
-1.412583182544061,-1.1899287757615993,-0.711359725319998,-0.41632717144219267,-1.2685148388975032,-0.4382859701838817,-0.4352660279977698,-2.348815481247581,0.3030162924749628,-1.0903855014779809,0,1,0
-0.5851858525992847,0.355529118951627,-1.2277453566910281,-0.5916085554046826,-2.778575980205858,-0.045665864004934886,0.8650083413655196,-2.343979994286455,0.3922725266505483,-0.1459168789835606,0,1,0
,1.945344232385262,0.6377156077037339,3.291175474270825,-0.37289021439401804,-0.4608489382982687,-2.2948896232922347,1.3709251083570249,-0.5305383182926822,-0.5395063892045331,1,0,1
-0.7465207393525012,1.6703035493378868,-0.19817419983147389,,-0.21695003120596268,-1.9349319709300656,-2.0108218673313782,-0.5766350646379537,-2.2537564153607175,-1.120120127706689,1,0,0
-0.7399237285155085,-2.0646218106848853,-4.092980224874788,-0.8825941597775058,-0.9023996159319404,-0.024817654000297562,0.3556685983019543,-3.3807497401042332,,-0.9068957788732162,0,1,1
-0.22252208025806164,0.569414009411888,-0.7479092782270762,0.4678262729412201,0.49395428255030494,0.6363109872435246,0.8981107960614159,0.8578926877179875,-0.10619937177418337,1.238444497795133,0,1,1
-2.5258316858046084,1.0661312803560592,0.16432476225817105,-2.680364066649943,-2.3824470576505945,-0.44401080039064267,2.5520978185748353,,0.4917798896006909,1.6592607351194903,0,0,0
,0.6121000710356373,-0.6008502601333179,0.2787150437226551,,-3.7414659428013923,1.904390491316252,2.281530564080104,1.2124909440819793,2.8116927023558063,1,0,0
-0.31627654319091747,-1.7360893484510087,1.7488335315117163,-1.2097838752077483,-0.27674406872660884,-0.7651852997900769,-2.0349555189732706,-3.1156592018499087,-0.2903032687351907,-3.7638152218873695,0,1,0
-0.9100264465438659,-1.4661961952226201,-2.276883203296453,1.6353741325920699,-1.9242368165460495,0.5509982865871952,-1.6699008381624334,-3.610599226694499,0.3949712816904657,-1.626905897614597,0,0,1
1.9639992359884344,1.7135063500921779,1.5200773659520466,-0.4763868788307782,-1.5774481451590852,0.38354200637900915,-0.16772682218556978,3.242431717522733,1.1118533687966246,1.311801938718857,1,1,0
0.06183167201811978,-0.6631055972803772,3.619788013365052,-3.1128594583475424,-0.8562909788260213,0.05788000843265517,-1.1430462782116257,2.4677736551890277,-0.08490732353535393,-0.7136479767494199,1,0,1
-0.9130597380603075,0.24002775014068034,0.8097148362515499,,-1.006216160728001,-1.3334067946966335,-0.9388851506283359,1.0973277968916646,-0.9135998256030627,0.09378890977222513,1,0,0
-0.3125670580213269,0.8547106996666335,,-1.7548226008261687,0.9021594768396007,-1.8976959265609203,1.9894460930409452,2.149541678312947,-0.5223599258541148,1.7021083727274977,1,1,0
0.5506793226250375,0.4747916935991512,1.277028321611745,-3.944707447992063,-3.4737929271620183,1.5299492939050157,1.632581778404103,-0.5967460149130563,0.8681754795558938,-0.06015713829424982,0,1,1
0.48174103258762574,-2.0200430965141916,0.0590900680158879,-1.0953210754587306,0.015049383380414616,-1.287509414128844,-0.5495168518431668,-2.106984450804994,0.07590102288436813,-1.4405042920498932,0,1,0
-1.053930847855222,,-1.056246459726576,1.814344647093396,1.711338651666554,-0.4057591883549364,0.4271055981693811,0.013441918941011544,0.33814032535793165,0.5533049283762239,1,0,1
1.5960892921942411,-0.9165381212012679,-0.8147611942784938,0.17766031407315597,-1.0175155626453984,-0.015573875127745551,-0.6516595286444611,-2.322107143251264,-0.5445281169346958,-1.2068091843640842,0,1,0
-0.5291126672745058,-1.9641362600536132,-1.2956585274738792,-0.3886362025246972,-0.5350676902442173,-1.8075172193898998,-0.0742185406721998,-0.8748537401296711,-0.21771304121749013,0.4688841409049625,0,1,0
2.17009499187626,-1.509275458897613,-3.054342722464718,1.290509988214317,-2.636636990940519,-0.43345044518966347,-0.7802021950877536,-2.504726633050202,0.6176893882633404,0.14197725766844788,0,1,0
0.3058602707520377,0.8640821669311676,-0.9083094520590941,1.8396866354529269,-1.922654413155319,0.9513797671651767,-1.219979502168727,-0.6066495642810696,-1.9920650648213725,-0.36166257298535404,0,0,1
,-1.5617109263317492,-0.9462741707961797,-3.595227311164709,,1.4234879795869877,2.481477485874084,0.31291772402848794,0.4782239401626234,2.047948970093835,0,0,0
-1.435954978028016,2.088865590758492,-1.6490829644401104,1.7546958448124903,,-1.2773277091672448,2.490431543732642,-0.47000926701587575,-0.21506203606086322,1.4397064633660208,1,1,0
1.1465790613153706,0.4881053567766933,-0.5890304732420201,0.8015474205000495,-2.1930799005705426,-1.3658691094400814,-0.6640815183213589,0.2384437621417077,-1.098695815068532,0.559562772666695,0,0,1
1.0258195333018967,1.7809169889756862,-0.6167555425755773,3.756457303050204,-2.273360127185745,-1.7936077258186671,-2.5690335817332235,2.3787156611081817,1.23779650381161,1.0873456703783553,1,0,1
0.671850307175194,0.928621901750124,3.887413774951846,-4.537959772750062,-3.759511708735089,1.9402771855437897,0.06351677948463008,4.202602285474362,-0.0956041465655053,0.9617282821510733,1,0,1
-0.5944136985779728,-0.5136268604479688,0.7838741376916168,-2.9620074443522992,-1.4935769774076366,-0.8522565555324322,1.3434540757981774,0.72943136802948,-1.14506791648254,0.9907239093014016,0,0,1
1.8262204784611338,-0.4838188012300615,2.557242223315738,-1.736584040741816,-0.45459691142392544,1.4837642871919137,-1.3142745835282024,3.2887852144768956,-0.9076577082414645,0.1474572671158558,1,1,0
1.7832298917445188,0.6327773005684338,-0.5900166543136796,-0.06550468722502795,-3.363540469544736,0.5624885396768331,-0.39106906359216087,-3.067534007139712,-0.5628043312978913,-1.5603099286201452,0,0,1
-0.21432806614491376,0.180816144924538,,-0.00011999850155480696,-1.9100612504838885,-1.4847837349507407,-2.1386782009936596,1.352713381125115,0.3936348765745664,-0.6324971187232961,1,0,1
-0.7809752928442871,-0.5716716022998918,-2.348372419865576,0.4606349644137765,-1.1619595005351238,-0.002924086548560023,0.7881370949248405,-1.7852215364307593,-0.8752092007787461,0.6577215078238761,0,1,1
-0.46379726964987933,0.5721107147686137,1.0681058570155009,-2.8563822871806153,-2.819429036234345,-1.0446572307379696,1.2963647099760638,0.05290441147008007,0.405029604444193,0.4756502983946817,0,1,0
0.81788196670747,1.8130372025081232,-2.129487045042457,1.6366492801524237,-2.6953931807149853,1.1657245921649313,0.6049552173926469,-1.3619119004920468,0.5741642083638515,,0,0,1
-1.6686294265007857,-2.1633563743131194,-1.2876614999111409,-3.329637007669651,-0.2905432918430293,0.45447630953699547,2.7780182661974036,1.0397844007212045,-0.4451405126313417,2.8418778023953957,0,1,0
-0.5910457207268417,-1.0959374074652992,0.8309636592548806,-2.5757912607936455,-1.7020186827123174,0.7049733423958509,0.18257414590926746,0.38747818092609243,-1.051163606350194,0.12630029172328855,0,0,0
0.47763439100988486,-1.4071768155165234,-0.33953934878933256,0.0561717368024566,-0.06964182987210421,-2.062042860359502,-0.7633629243862652,-0.12822301514869439,-1.319728656149004,0.045468928047169226,0,0,1
-0.6392161407867218,-3.010503185681832,0.6383604475097392,-2.3773732397377993,-1.1396409112515442,,-1.0846006318564383,0.3534554970537619,-2.318242980352499,-0.1935342437397622,0,0,1
-1.4477067680783553,1.0239486493204788,,1.5135562599034331,1.1058390953631898,-0.5264418791420773,0.44397357127404435,,-1.409679294659649,-12.639614681460575,1,0,1
1.3328017304760988,0.9785455776830052,0.7538245236033476,-0.04975005023730073,-1.2325735991245876,-1.4510296204836846,-0.22782039784831376,1.485327321303107,,0.7017689455114691,0,0,1
-1.8722450622452576,0.7239952695600547,1.248148594821729,-0.7746159036263239,-0.4118915266697809,-1.137063988816007,0.1331712804559999,0.718377457468355,0.09546046755882846,-0.03799944988693848,1,0,0
-1.3679353860913424,16.55077942541894,-5.807794201241313,0.7466943423687242,0.8382957860829752,-2.3570145785049172,-1.8738601325296202,-0.9650828900551022,0.5893018059441726,-0.6114772276490743,0,1,0
0.9811495194007849,0.7734996316285412,-1.6794537619833516,1.1816778504317669,-1.0896639137527602,0.33136206716831684,0.5817247867683795,0.7065196274341325,0.5038878713794005,1.7285578988802512,0,0,1
-0.11545731718918943,-0.1589675160541799,,2.02755767532534,2.349852518412438,-2.531733712034172,0.784113815162554,0.12428458281444776,-0.5534312459752201,1.4001325719524538,1,0,0
-0.623914201844913,-2.855594090165888,0.43934490860102726,-0.08028897858496377,-0.13715015949899134,-2.494700348419453,-2.649859643846664,-2.5901202375012637,-0.822002520114908,-2.755184531472082,0,1,0
1.4357400609348814,0.2606171042570359,0.4980855167874938,-0.3752375562663381,1.2681381240619358,-0.9467549909574581,,1.1591982595962518,-1.1830306653178504,0.7583670367108788,1,1,0
-1.5055713410196836,-1.6539139991190925,1.5935198229771466,-4.071242686930859,-3.3898293816127367,1.748367963061089,-0.3160452452055542,-1.07535242989823,-0.26216392012514006,-1.3359847725721532,0,0,0
-1.086410953355618,0.8803814824231773,3.4565599138292957,,-1.441509023374333,-2.9871341899436574,-0.701761984641853,1.4188210769378338,0.4915579194025869,-0.8773635700667729,0,0,0
1.2689650254316331,-2.8804506897972897,1.5506469304377797,-3.5584968238510912,-1.6868277506631633,-0.9967777245175771,-0.8480006469248407,0.01773584046417853,1.7032709260173449,-0.7149912731025136,0,0,1
0.6290826192412396,1.3914668796192748,-0.26528122787486375,2.105424001648535,,-0.549617299146207,-0.3455645380869493,1.5453846641917313,0.5515735388198252,0.8689969309286403,1,1,0
1.1165642691137982,-1.4649714639480285,-0.5561016287228205,0.12338287488723253,-0.22921573659016092,-2.1303415385167375,-0.7190865364865264,0.3593765676016887,,,0,1,1
-0.5148196623973748,0.09585512998750567,-0.1642724968210082,-0.6060725106480822,1.17092804198361,-1.4888974052652892,1.6031446073106665,4.007863791320375,1.3383799037639572,3.491455964068339,1,0,1
0.05966189369697816,-2.728175729272839,-0.8343628554683797,0.2541698978097859,0.27042463843808395,-1.577189907150041,-1.5210790027226628,-1.4159797284395268,1.8909306844997515,-0.8909104088301214,0,1,1
1.8121405873077656,-2.8808674818886306,-0.8348396360776456,1.0469350159049862,1.1598684240514134,-2.1982471020982994,-2.0322165344304306,-1.0502980241241615,-1.4633936285052291,-0.9327340994711532,0,1,0
0.9824388307289077,2.2548578059964512,-2.450856031107855,3.8831156388186256,0.8783474332200506,1.7091691799922648,0.4809257040367405,0.6447868494588418,-0.5090946505735073,1.573130940232878,1,0,0
-5.905442642343497,0.22957612371541236,-1.9904205205086392,1.4395462993302828,-1.8007539200752196,-0.5175346571053541,-0.09305477065107048,-0.1618472533147155,0.7802224746014357,1.2166034934762748,0,0,0
,-0.13985838444086007,0.5568759323545935,0.782093781416417,0.10122921600526102,-0.606406482849172,-1.3264745574685315,1.8719734776666712,0.10428632223219882,0.38673478519891463,1,1,0
0.031214589669564773,0.22982129322602407,0.6625576515114073,1.3142574990425993,0.4561749704161425,-0.7857092387861936,-1.5695262263578358,-0.32418556865121606,2.1173728164203425,-1.3135218561008462,1,1,0
-0.2504079935680075,-0.5001702349047037,1.7191291858823394,-2.836685798943026,0.2535929405979296,-1.694193363404206,1.1648754099961192,2.1211762612881255,-0.4983229729424129,1.1686824585244373,0,0,0
1.717580205044318,0.6632808520168856,0.3761331896728377,-1.6659268107185825,-0.7350581214542339,-0.4309778275808829,1.686265857544881,1.5801897161157528,0.63936284348663,1.721411091278866,0,1,1
-0.8816651280823552,-0.23205327744378557,-0.850398468071889,3.1408440956835153,0.3827420930237837,,-2.304868457585253,-0.5638914032532794,-0.37517372483555633,,1,0,1
0.4820397972196492,-2.4620343557564697,2.327939542256638,-4.376586584499121,-2.8653543968147304,-0.8733904151323073,-0.9390667172310998,-0.7852561891596022,0.7240942025060932,-1.6080309774464088,0,0,1
-1.5722757797245785,,1.1494585704043385,-2.1778968632841536,0.14352310638601695,-0.8614319776845872,-0.22499369916731404,1.6554559396803512,0.09888721585518365,0.5632935751419471,0,0,1
0.16061130215516814,-0.18720258659332367,0.4240074197264335,-2.6690287687366174,3.089203042002027,-1.7553303436959578,3.784757959238633,4.324039677205274,-0.018166881405454506,4.176163033206466,0,0,0
1.606347039530311,-0.9872367770476633,0.3141658173078147,,,-0.7057426371439414,0.1517317696644278,2.8365067589541253,-0.22548667060211924,1.8860294912722015,1,1,1
1.6834148447426684,-2.5813327321338155,-2.0503900411718137,-2.7889656239065395,0.05828618208124592,0.704057396722684,2.7394797102269024,1.1066610531030179,-0.9959971069613903,3.2499486338200563,0,0,0
-2.3214853420775783,-0.018185714273138642,1.9438492464079982,-2.7967409990018814,0.7654982320620858,-2.0597554480478872,1.5720013312380607,2.745729929712784,-0.02576935587725707,1.5825597011374481,0,0,0
-0.488137724058426,0.7895203558381896,0.8503699213964638,0.7384713744409448,-1.2125432048746179,0.8208003722898332,-1.424142343830512,3.4718913679446968,0.8194212072052708,1.2314712751269064,1,1,0
2.465927331461365,-150.93009621002938,1.3281333485911007,-2.3866336196376676,-155.12081887873424,-0.6158086889236292,-0.6139633746359074,0.24954299614245545,0.2532424223641424,-0.4466752464942067,0,0,0
-0.29688598269229904,-4.228112864835643,-2.029733565006099,-0.4926182144837646,-1.0905323056419414,-3.2318164227031523,-1.301135908009545,-2.4355489903403944,2.3453045634718284,-0.37530367667688463,0,1,1
-0.35927903495371544,,-1.8549744746374617,4.815101972931216,-1.7326471689163325,-3.040725413882528,-1.6104586702484593,1.400423933327969,-1.7222285607131944,,1,0,0
-0.13987868060571226,-2.011618524390285,-0.9684961484386,-1.3444210545723343,-1.9886185963573646,-2.05979010036711,-0.08805552440222075,-2.754162077700367,0.4886615372604771,,0,1,1
0.39638172250933723,-2.2364760669081742,-1.2007787928280436,0.6771620338128022,-1.4276426230252395,-2.316430394861225,-1.8543734127938512,-1.4345159188821777,-0.3819338631313979,,0,0,0
1.2769830590630524,-4.643881163361064,-3.707182344884963,0.1126990167533985,0.24562000375649862,-1.9498303248959723,-0.20767927140991305,-3.349053012730874,-0.44567673990140944,0.17725495411473816,0,0,0
-0.73238274559508,,0.3157368304794822,-3.625967553817607,,0.6995690644518944,3.062252959009333,0.9457057157445188,-0.9074963807359919,1.9632559070184399,0,1,1
-0.15634517349918595,-0.5247662139150028,1.009367542390946,-0.15681783415349174,,-2.140763368265299,-1.4575974316552498,0.4322487277522531,0.0385732419762537,-0.5859425843182993,0,1,1
-0.5144167616565275,-3.678137084438326,-1.6421800378925027,-2.097840199986098,0.7421432333909168,0.9072685803655651,0.9891196485783202,1.3596014357060233,,2.353868727006735,0,0,1
-0.17522496663054554,-1.5959722243111494,-3.557800632531662,-0.08987209468133034,,0.4598124890302222,1.8244422054779235,-2.5937262705127315,-0.35245270353785757,1.2287809431613772,0,1,1
-0.6306923256775757,1.4178743507814913,,1.6633555677162617,-0.3824131113211221,-2.230198401273484,-0.8223214741020465,-0.4281819678849741,2.140308779836561,-0.6764267866696639,1,1,0
-0.3570044894510149,-0.7622357046423358,0.8429007089181959,-0.5515739429947124,0.48469024873202327,-2.311740952591684,-0.449065838875797,1.2984031319542209,-0.7176355919716624,0.39838111940799387,0,0,1
-0.9377866663411604,-2.527746611399759,-2.049069958584771,0.4566823206303116,-0.5314456522919924,-0.8398126460637017,-1.388036791347457,-2.927555444702648,-0.6916284254233128,-1.4661815896293915,0,1,1
0.6262442660633177,-4.156330713518887,-3.5501549552943805,,0.18354488997970408,-3.3245968180147654,-2.6450416562162236,-0.32054899519150104,-0.9947172740359198,1.0936727491861118,0,0,0
-0.277997121745195,2.4350178912086387,-1.300091843828827,5.89106018429034,-0.24353574870020034,-2.2016673179964377,-2.795585062352174,,1.7238848764227657,-1.7032610682190896,1,1,0
0.0629450965419935,-1.1584101206386959,,-1.8273459675636456,-0.9808106088724989,-3.185408832876758,-1.0606656968594659,1.1475088722648803,-0.3752951697134206,-0.2785760110749583,0,0,1
1.2460589249202312,2.3128059261743124,-0.23671027640786324,-0.05544078171937233,-0.6026019982686917,-0.7168237282787294,,0.3490201254935239,0.49979267547899797,1.2844695837009334,1,1,0
-1.1351601296858251,-1.5969186064177547,1.1960510711376302,0.3177640794542261,2.0674631206994394,-3.0681816157108237,-1.6427684558696165,1.8270475157208859,-0.31083914827499803,-0.07617425195899401,0,0,1
0.07485181221561789,-2.1721322210566925,-0.7596054682130993,-1.7017084364785122,-0.6393055248060311,,0.5289392332977044,0.8812690309614328,0.27352156747501716,1.5807104544468358,0,0,1
0.6949148109113903,2.1376607848026534,-0.08406176630288953,4.641411210743248,-0.37281068786480187,-1.4115199514612593,-2.9880922679202797,0.44175701024295044,-0.5007544186907036,-1.0119611444084338,1,0,1
-1.6209600494536405,-2.4256326554114898,-1.9217307618774284,1.688113021712236,-0.32695229197207454,-0.6955053563074666,-2.0491731050088418,-2.196426555167694,1.0216508350576774,-1.0809078387777615,0,1,1
0.4317057853214802,0.3892054572961059,-3.5591778910825256,2.2009149340080305,-2.354691919922691,0.24874801908232103,-0.5551952908681169,-2.568686649649163,-0.23140800165325723,0.3291146563671259,0,1,0
-0.3527007950036071,-1.769021396970552,0.37399914217916885,-3.3148720155323006,0.19369521590184724,-1.2385278569891642,1.8368477489776631,1.6470954806191376,,1.9596165769316463,0,0,1
1.6656790805138957,1.6420057412722837,,-0.9394271465687756,-0.3632855968421609,0.54492168223723,0.24958245811732716,1.2379179261194349,0.730935434101578,-0.2660580038556383,1,0,0
1.0610418591835804,-1.7008501769522866,-0.7913290476448305,-2.199715111060581,0.07317843990579065,-0.6567789232656392,1.7676519801489659,1.5669842539723082,0.28488589971531725,2.474683907651178,0,1,0
-0.516730437521854,-3.2873226119444183,-1.1451011297383742,-2.8789497264336106,0.24789325588763877,-1.3948458073590435,1.6199119724529887,1.1943800048695767,-0.23313593254505174,2.508258594633041,0,1,1
-0.9227485635643696,1.1916750469859763,,3.1907580033034884,0.44548937797935084,-1.407586870948037,-0.10332301450631665,2.3894729643936565,-5.549925123096926,2.5837339300150175,1,1,0
-0.6799359447584152,-1.1342882422046434,-0.5421077175263608,1.0598049762057513,-1.9610755126819668,-0.09389908107168377,-2.424550305232287,-2.829631202363844,-1.1271325836818435,-2.368473153046559,0,0,1
-1.161244452480358,,1.477936067440162,-2.7910706410789454,-1.0034147122337258,-1.7088445248314477,1.590909447047836,1.4770205221985306,1.077359809862273,1.168212150873116,0,1,0
-0.4121565551918167,1.6231551810428861,0.9003095512564689,0.8512970455355106,-1.3451288319182217,-0.35367614003316594,-0.8823166216068636,2.4243134891668108,-0.7517435646871881,0.8173778458030634,1,1,0
-0.6773622287217693,-3.7717885383318976,-0.603904573928967,-2.352629305519371,1.0218776657837974,-0.8828704234402097,0.4415278437305612,1.6866408408149374,0.20935433018761473,1.8800322311713595,0,1,1
0.22181114833096185,0.9792224489987508,1.4014921964136913,-0.8384332562526974,-0.23538106956593796,-1.169769923849956,0.3589701110234258,1.3692307574060503,0.32172137201579876,0.3795264614950153,1,0,0
-0.09912051915662319,-1.1198237329821121,-3.215530827304357,1.1971753704595238,-2.875996709283363,-0.7311512543895631,-0.2758581680950535,-2.420366706733288,0.4834947019642914,0.5518212287794485,0,1,0
0.059942889397168415,-0.08298621718272603,-0.6678244703474718,1.18580337882916,-0.2214680478148352,-0.8630305855256102,-0.6523475875106391,0.7694952909732882,-0.26048853281335294,0.6966634122155241,0,1,1
-0.2804382811661415,0.36936876870527524,0.7635675707654139,0.13501027951250602,-1.4746319909831764,-0.10987806915176013,-1.1398858820819724,1.9244432451657802,0.7892224990604728,0.5226734184170873,1,0,0
0.5864090099699019,-2.611120798140891,-1.745077264601171,1.2353667525221028,-1.1497692835282969,-1.4011140824834998,-2.1908265498754718,-3.6498893685079485,-0.9234156249903548,-0.9235412660740486,0,1,0
7.31021312588729,0.5824504788604061,1.920779847086446,-2.5107759353547476,-2.518467875196933,-1.175898954721906,0.26043470512154776,0.2813379487440054,1.970678391466491,-0.3489331744724258,0,0,1
1.188599180534435,-1.6289156777536642,-0.5134372804643876,0.9453145948581286,1.2994460405828514,-2.3735880959068516,-1.0351866542099215,2.036656290570817,1.662412597822257,1.3290108976621129,0,0,0
0.17541364182641137,0.01894403667967892,1.7152080375158691,-1.1183406665265987,0.07736654932104914,-3.6130020782709447,-0.09473521811252494,2.2985005359137896,0.3470662722002771,0.8689857725558231,0,1,1
-0.9245552194693161,-1.4859473958268334,-0.7822900349164327,,-0.8358496045607848,-1.8485358064315842,-0.16540286894822576,-0.6751658295747344,0.9343287467259975,0.2874096122608754,0,0,1
2.317353765614861,-0.05635205946765354,,-3.5268108833369745,-3.007133990766933,-1.0213036612889779,0.040176523709569145,-0.17861342912696565,-1.086109686325625,-0.9515055739080099,0,0,0
0.9166276887228414,0.5039096200267499,1.4729315163419896,-3.0132658365616574,-0.6675670502206339,-1.9946906783717144,2.048993820852401,1.7447889510596468,0.2845119825216449,1.5393961483016498,0,1,0
0.10321625976591761,1.1070556628993427,-0.980686016688345,1.1094593274601343,-0.25510214345754134,-2.7131873367947144,0.7653621106021244,,,2.5907709579768508,1,1,0
0.4992584855816643,,-0.3964519279223955,-4.430335541112479,-0.07177591415756257,,0.8386409789901903,0.5002957682667388,,1.2852889699443413,0,1,0
-0.39099944152363864,-2.4804855688423357,1.3943478280337616,-2.737736494451088,1.6674908554195138,-2.900185134928397,0.4461251289108936,2.7956035619771056,-0.4281522530879146,1.5299444087274994,0,1,0
0.8301176644952266,-2.7458450897046474,-1.2337188902820562,-3.1712283469706537,0.5163054936632352,-0.5748332763754689,2.516942395979181,1.5268086140633925,0.5913413211727055,3.0456703917856385,0,1,1
0.2862782230818843,0.4385174122611344,3.118587769252462,-3.5982252134175425,-2.3448261471639915,-1.206288162991729,0.18690778552391252,0.5131600499272628,1.8044489719871246,-0.8980565515980762,0,0,0
-1.0348051634453777,3.54125181988716,-1.860238782656313,0.059569168979659616,-0.9687235100279716,-0.22885982563729113,4.373150167261073,2.200389152804443,-1.5886441685966566,4.420344126284748,1,0,1
2.0365823566720804,0.34851768922147175,-0.9574206516432685,0.1165484306887657,3.1111473655512505,-2.90548223832546,2.741475993806998,,-0.4127440942215489,3.4330129177702577,1,0,0
-0.16596840779492483,,1.4576422663640949,-2.600932408675876,-1.4799746226877026,-0.9165323125580098,-0.6584592462359389,0.513643914458692,0.22014519035127497,-0.36353643568008515,0,0,0
0.18702010769393745,-0.5461603519283103,0.8275434076840131,-1.250557397148006,1.3106008054230718,-1.1731211447630898,0.7237529021769857,1.1074802276792606,0.5866248826168217,0.5917988061883707,0,1,0
1.1004284422568642,-4.72493724099677,-0.9211160378700332,-2.624743652651171,0.509039411978206,-1.0378723609080007,,1.047142136535178,1.8041190919644037,,0,1,1
-1.3592890514201645,-0.4672039881289807,1.7478003850289503,,-1.3833309849477171,0.20796792271163245,-0.7378071081139859,1.8473214456554874,1.6505209030879733,,1,0,1
-4.867298247807187,1.4273873159563484,1.8658615015931024,0.13818150372359628,-2.0895992120480145,-0.5259615774440318,-1.605729384510651,0.3103607671884303,-0.5102497897285304,-1.337921654700925,1,0,0
2.8257156938020977,1.2951433713800928,-2.6928813742749895,0.690720266140236,-2.9537694300575046,1.4321211317793523,1.568491974122395,-1.5206804618631373,-1.5358646708655104,1.3610424839675703,0,0,0
0.2503986972793056,-0.717027280220552,0.3105082786981298,,-0.1773592025808114,-1.4011302375267343,1.5585935571399934,3.0397835809935505,0.8261286338229519,2.789314989034718,1,1,0
0.9512773888765313,-0.6461731024602904,1.314575358763706,-2.4548607151693824,-0.7672972426952361,-0.055009086601233714,0.12154672429928048,0.6780510743924753,,0.03561622246617143,0,0,1
-0.8110052394638876,0.9638064898796923,-2.5419034002735454,3.5822383025336975,4.023605774238943,-0.48571979049153935,1.2919408114205897,-0.5284472680458951,0.7443146423626893,1.0841900437081446,1,0,0
-2.5259612817693786,0.09359668354100203,0.9354104963987901,-4.030234689967195,-1.857143614717355,0.15259562950175565,2.5689362599093926,0.5186099749344247,0.12798836367726404,1.2459400902356055,0,0,0
1.804104664586301,-1.1979754913257614,-2.7292722713488917,0.8473090668748117,,-0.8069760216577494,-0.7854872478868291,-2.8024367889810673,-0.3096817820367279,-0.8114168544429984,0,0,1
1.378357221422549,-0.13408040567503332,1.8829947157805833,-4.39179663691963,-2.442319890370526,0.018968989706862338,1.582331110076522,0.08873642033558737,-0.36611968937534733,0.08558009719272759,0,0,1
0.8948585459490916,-2.212663648013733,,-0.7170003297088305,-1.0541902688689402,-2.477393313469606,-0.9974150518598073,-1.0756676101036327,1.2044079561306467,-0.44655513535538505,0,0,1
,1.3753075733217373,0.29358299938893684,2.50393088042892,-0.2002757810775393,-1.6054025504918679,-1.7162834922786496,-0.8408122869414347,-0.9991718428459944,,1,0,0
-1.5118047446784004,2.6455614286727585,0.8536956989353396,1.5654457789308607,-2.905304454463483,-0.6463247505103605,-1.3596079022912173,2.6177665322921873,-1.112101893948008,0.9140475457381286,1,0,0
0.3070275179293628,-2.6695692907652155,-0.9770415705635931,-1.219538510156585,-2.035964529153539,-1.9329686303268498,-0.8051555945298823,-3.327622004106896,-0.3771557828112729,-1.4276866730348428,0,0,0
-1.8474000608555767,-0.9754268793494419,-0.013920340192435599,-1.3824183942880128,-1.5035928129923546,-2.403300248604557,0.1596114407885143,-1.3667839937760131,-0.22659111852722916,-0.34655939727873347,0,1,0
0.21179242018578426,-3.7185003774134753,2.0664927831748194,-4.194295716844504,-1.8442046993269205,-2.462967352398209,-1.340851233544563,-0.241887135616774,0.033937885134963125,-1.187243398455293,0,0,1
-0.22552782732172874,1.7919387597402812,2.415339691256235,-1.4579165264679905,-2.3537209094232026,-0.6116202629893825,-0.23370859643169406,,-0.39187652711255944,0.19010554796919757,1,0,0
0.23723487563101686,2.2516846793279415,-1.7456015911874099,6.156926170917378,-0.7791615577685318,-3.0079981868521997,-2.8890765653423847,0.47209120472723753,0.6886622951464159,0.16167991009223545,1,0,0
0.5667863905882048,0.5680362141329862,0.43469178595129043,,-0.5068013190330172,-0.6724991428959577,0.5625603458015831,1.6864116441737318,1.3365940755444992,1.2394015181702522,1,1,0
-1.0819458791789647,0.6338764636712001,1.6862241104000946,-3.321806028124117,0.13950099805328753,-1.7329464721890382,2.60978062939209,2.395465460561045,-0.9529688335074052,1.9766578434135278,1,1,1
,2.782620299716843,-1.6970543098834905,-0.05048356858568543,-1.6017461726115436,-1.497161719521265,3.5849032104856344,2.701531726034351,-0.841734068994101,4.598277035625866,1,0,1
0.6957197008450764,1.4031344492043116,-0.2908339038160904,,1.0809016292873321,5.607123849302759,0.5665965318729597,4.109315286224727,-0.7680703554643681,0.3810385235346692,1,0,0
-1.1722824969029528,-3.420278863744491,7.252591392048756,-2.7701465625988395,-0.8848258142320539,-2.640854545824916,-2.500795919231775,,-1.748713037418722,-1.5208551544723021,0,0,0
1.1647107852399101,-1.7980231908839637,3.7043551418297826,-3.2514312080447936,-2.40629202651004,-2.8681738290305314,-2.5124683535929355,-0.005533958336597644,0.24023062577044763,-2.497907425863701,0,1,1
-0.29773564888123116,0.09028847751912306,0.5869944373064889,-2.560301543571953,-1.8302954504455875,-0.5926322454171242,1.4543794219406994,0.6426753921478069,0.7261275213503737,1.0706858678250248,0,0,1
1.6056901078208434,-2.560990958169527,3.0431703042046117,-4.730416520925794,-4.096051903575307,-0.02091862416615764,0.3582916872359144,-0.9780321658618538,-0.8753235675910453,-1.6352418692699795,0,1,0
0.6568660633095018,0.6053881490831812,2.040455503233323,-3.7332828403171874,-0.3798123120885277,-2.1022268109377134,2.2466552387575485,1.5943256682131488,-0.24761153644145104,1.2469420811555938,0,1,0
0.04149608622286022,0.672961005589346,2.266414201362131,-1.2942443059005626,-2.4002631159477916,-0.9087499597079254,-1.226987458576662,0.6511187991074765,0.3652903274589056,-1.0254645923495127,1,0,0
1.1265178936857032,0.9125315590319176,1.6692716654722615,-3.315117947878084,-2.726161321757497,0.21788781977455662,1.4097507349863516,0.17597777342298837,-0.9738661536932566,0.12752090834400942,0,0,1
-0.3254543289050063,-1.731433350231466,1.9652439957329497,-4.002959555366224,-1.7735181830583095,0.13386996674413743,,0.216938598885691,0.39580494073020817,-0.5710472326111176,0,0,0
-0.9772688616230066,0.4756759156142484,-1.6806645823961561,0.3228243904131386,0.7874544001661138,-2.8499159386913107,2.342149220074713,2.5893966019471613,-0.1020382008184647,3.866075507269315,1,1,0
1.3749836362118226,1.9450831146166951,-0.47373467458726903,5.683056377185761,0.1929606516191169,,-3.656343523660379,,0.25054462832336355,-2.5945030480512323,1,0,1
-0.624714166853275,-3.457984528887668,0.4078087150717554,-4.219008161918961,-1.9514405702003177,0.5380375341337875,0.21593164253130925,-0.4758838351312036,0.153427380385389,,0,1,1
0.9347481295413476,-4.689108496194709,2.1495405184533123,-0.8533603785942907,0.36686833502015714,1.5472558229683253,-0.9763668313121574,0.46449334794724995,0.22463231585607507,,1,0,0
0.624920464102357,-0.06758106561601196,-2.936984003045495,1.502953233188538,-2.964002824333434,-0.7353302579637004,0.01511692361106598,-1.0106693501773587,-1.2551981149158307,1.4152505112589018,0,1,1
1.0581056179960362,-3.1308023461525214,-0.6773767134614381,1.8044080178270892,0.5446688819148462,-3.717193104483056,-3.2639312812775376,0.84163786774286,0.35484015557029747,-0.08225764845628206,0,0,0
0.5304897985298728,5.24824429819456,-0.47055512260640375,-1.660731840968094,1.3834467297854294,-4.629491852793635,3.60677790824873,2.4408176815441878,-1.574867612474653,3.76771431009448,1,0,0
-0.16473022875896323,0.4620540682459815,-1.6668722856041942,,-0.13565782326599696,-2.269492391525235,-1.6988833403890613,1.1616129357314329,0.08459063374753534,1.1047334805775737,1,1,1
0.3066926996134137,,-0.4083081978799046,2.368584003612173,-2.5718883778055046,-2.573190365422171,-1.4784106065453502,0.8521901919195362,-0.3406230512281771,0.5674793417014979,1,1,0
0.6365983775086668,-0.4472767522694775,0.887242551277142,-1.5871010744653882,-1.6284852125025946,-1.131801384747276,-0.25014103039110547,-2.3218696227643303,0.5747469291255051,-1.8098283833247246,0,1,1
-0.21738619941650508,,-1.976010655545786,1.6378138524722992,0.4437879363589089,-0.6024122309165697,2.81358299928178,1.824213917295799,-0.3416652836197584,3.4126841084785178,1,0,0
1.0126922045509361,-1.2095560082735983,1.2911949251167862,-1.6922588016192253,1.5960367041530472,-4.026198774534828,0.5912498738258352,3.0729236241731903,-0.40916506921394147,1.8616342519450066,0,0,1
0.8686540584366282,-1.142721983293717,-2.3499344090926684,0.9263637781082948,-1.33307898715351,-1.9519271561429647,-0.020598074789504373,0.4018022157791943,0.2036922784764595,1.9920282945875416,0,1,0
0.8710452931452174,0.11559785007004453,3.636101008144091,-3.0890552937434492,-2.1646170404708567,-3.2172423399379286,-0.867352040596993,0.6780541126355839,-2.3819912731366584,-1.3779747376345401,0,0,0
0.611106095446024,-2.24263966491377,-0.42569244079995383,-3.297559129325349,-1.442007952244691,1.8843015091630102,1.0301966339874236,-0.17184195858196616,-1.1328828133542732,0.8275190274894761,0,1,0
-0.22333436943410231,-0.44101905643923267,-1.5814078633327968,-0.6725517671579729,-4.639100696928628,0.4673831562118178,6.0163496673055725,-4.999782901075911,,-2.00233564563735,0,0,0
-0.5916436402635217,0.041678274246820024,2.1632127384044324,-2.9334508489162863,-2.55924659056609,-1.339990045111504,0.005467980505905468,0.1611630899811246,-0.007237313449535615,-0.6222285608711084,0,0,0
0.2790973372215437,2.0089803080021795,-1.1527052619542868,3.6330489484941944,-0.4520940630085636,-2.3924327960416942,-0.9124004049325967,2.096988980861547,-2.1595666776426587,,1,0,0
,-1.1879306211321936,-1.6963631381602349,1.217381062104281,-1.6141848075544702,-2.6022494769728928,-1.046452358252492,0.9877290181598979,0.36939486101994184,1.650311134773979,0,0,0
-1.765521288915802,,2.313620045710521,-2.1498362855018933,-2.5370376030786597,-0.47932566727254455,-0.16857573223184952,0.4163467671749028,0.779643852361518,-0.767511172241114,1,0,0
-0.47241214410834226,-0.6987557103025415,1.354255159064333,0.6560016826860253,1.635326252957928,-2.0624137646488574,-1.6596455513274655,2.0706606330583375,0.48878647378239914,-0.1056945605373324,0,1,0
0.4504119599294666,1.572702019144803,-1.6481833092602924,0.5745958809609625,2.748989509072885,-3.8512584568210686,3.795253812450739,-0.49418070992309837,-0.5296081995695587,2.204281188059962,1,1,0
1.4743129392917256,-2.259730605412013,-0.010671720959674391,0.33890177677613564,-0.716219766705134,-1.9889791658762495,-2.4206788460591095,-1.95570346563147,,,0,1,0
1.8079328389524703,-1.907848662606018,-1.1074514123717358,1.6546262786146562,-0.32260850936449337,-2.1105660067183782,-2.1974900302194484,-0.10030438347094983,-1.0650175492146408,-0.1014991541419831,0,0,0
0.27566358173523053,-1.4183654978270088,-1.4832827698950093,0.6876736190326798,-0.8998379875337458,-1.6265400977266555,-0.7191360756284149,-0.6625862635336719,-0.5309596471542593,0.40995855513066704,0,0,1
0.01387207217597611,-2.922220094325903,0.8921204167492309,0.9573531203610427,1.259332616029726,-1.798674163729646,-3.6361304042570177,-0.6743914247403187,-0.5582775962080532,-2.420817665422683,0,0,0
-1.9387999093815778,-1.2867230325877994,0.25224686467323754,-2.719394570277771,-0.16160820162336298,-0.30451372874934035,1.5051385900447405,1.4687945751146807,-1.1354441943371232,1.681913995115867,0,0,0
-0.4594603903752102,1.38144088124786,1.814998360732555,-1.4179301095556702,-1.8162293883406568,-0.368253196100244,0.147684259969872,1.0839567507550127,-0.2834759915543116,-0.02839897488804963,1,0,1
0.25026173764547277,-0.7071036522720735,4.778622684641164,-4.469419616058025,-1.0532595396242668,-1.0366429012794833,-0.9188308379435146,1.4652207656908471,-0.9379224926030842,-1.792127412685168,1,1,0
-0.7532324766646197,-0.3157457217825552,0.4649286200201035,9.28077016416558,3.011113219379591,-1.5181572257468379,0.1154337217866721,1.1876697378164374,-0.440791696011914,0.35295743098618737,1,0,0
-0.43915533394681044,-0.18199648617984177,1.2371825556475142,6.2477269523809,1.155825385045787,-0.6039908666828719,-2.3818123094764383,-1.18697040597575,-1.177642669874513,-2.664699138370531,1,1,0
,-2.5372485343225715,2.191619725090659,-3.7796126049844467,-1.4079852872253278,-1.95107923089572,-0.7472167646793386,0.4112297905815617,1.7459036321856196,-0.7326008388126597,0,1,1
-1.8453943252229041,-0.6269407783549068,0.8615898219815823,-0.5745514185312018,1.0055381757108957,-1.0338655619992838,-0.25101994812230255,0.0211042188475008,0.8209820924169108,,1,0,1
1.4546642913850458,-0.5610028651626129,-1.7632426310070581,,-2.85590723947544,-1.105540699584538,-6.54766143603228,-1.5848947687875277,-0.7066217559562984,-0.33007773447219235,0,1,1
-1.8758090928476314,-0.7921841964628236,0.732900931809332,-2.2193793428203272,-0.02833625548204377,-1.758439672478321,1.1159810965944277,1.774993580803046,1.520277988882833,1.5218953330805476,0,1,0
0.6551002716225308,3.400672647038953,-4.754459627997016,5.437581876351775,10.081413615983855,-0.7348313426716582,,,-1.4031384080889997,3.609314467822996,1,0,0
-0.25128086132474453,1.1440889536409427,-2.160042822216504,1.702810959164281,1.674064766035102,-0.3968705675182673,2.1026861589871473,2.5082263634359876,-0.7054337240572864,3.5763507184235657,1,0,1
,,2.4107855433415826,-3.205232345900258,-0.4543973749899628,-0.631411649109236,0.5322731066106008,1.6213493406270336,-1.4976278660695068,0.15214671568647362,1,1,0
,-0.2974652646449881,0.7183569231622107,-0.07026933288169776,,-0.48066171106945044,-1.0392270385702616,-0.6777220127783843,0.33615317011402485,-1.207698614223952,0,1,0
-0.868676915480973,0.7195682596327792,-0.25093791988496983,0.9971785866360582,,-1.0990729529496326,-0.018589831101332832,0.7437168689971813,-0.2306561688680487,0.6582768811667281,1,1,0
0.8741140818178601,-3.2015401078099117,-0.20199114553446806,-2.888300347493026,-0.05523096058402732,0.32776378552799423,0.5056375510161761,1.0209223315367104,0.7354432862041588,1.2344081520531862,0,0,0
-0.2874302082262078,0.15288239009094928,3.3680059021712943,-2.0056491986582627,0.9360157090564256,-0.42042687513072596,-0.5948322485812312,1.4463084095287009,-0.2891204271668269,-1.2594314236697617,1,1,0
0.17270441657695362,1.6086466495785623,,6.066803731328906,3.3429944531079476,0.21734969792091285,0.7894083349056435,-1.931935292937062,1.2445489907630587,0.9838057663901938,1,1,0
2.013320946097442,0.2768717445714266,-0.9820032158524673,1.4239572986851268,2.2763374517580512,-1.148753039517263,0.7650730726698158,-0.18801336585293704,6.058415443378459,0.5507464131075367,1,0,1
-2.44749514234966,-3.5195699943549035,-1.3655473826782347,0.1264160427597367,-0.11058504574628247,-4.135332199106295,-1.4415486979501329,-0.024278137497989905,-0.09796573209675552,0.7117462230495931,0,1,1
0.3191964446421203,-1.763839129232367,-2.355146117484624,0.3505076584619542,-1.4895106744682567,-0.44057759434021027,-0.21086715236015463,-2.5966137320687324,-0.7703135378908958,-0.1760902462261591,0,0,0
-0.22112822791412187,0.9811006644471593,2.1180949405208067,-0.5767893768288106,1.6887142148531633,0.4161104696545339,-0.004574987158203481,-1.5397716423689403,0.18056093819747002,-2.5348268968191627,1,1,0
0.568964384836334,-0.7376755722042814,-1.110554355313246,1.4167295409296805,-1.104064632205324,-0.037052720272114925,-1.5021211854031011,-1.0565104389381808,-1.413177841865801,-0.5874116549581916,0,1,0
-0.567588354984749,0.3733351023219239,0.12460609671539924,2.8790479394717226,1.898191064792421,-1.3567556521428086,-1.9117670735218089,-1.032147163606751,0.24333956526416234,-1.7999773652989812,1,0,0
3.6113500628156694,-0.6856196251758904,-0.8449106622436042,0.14047517150074199,-1.3516559437418447,-0.6576316966016773,-0.4330253457002615,-0.6505986500297994,1.1985736708662522,0.11813364037646136,0,0,1
-0.5568147576570665,0.8827325992271107,-0.6815716868790849,2.9965938398842384,0.07389918741034363,-1.1693051320000571,-1.5311801828288842,1.967404621390275,-0.8691292424979301,1.0212491303973457,1,1,0
0.735468509281689,0.8937292920760241,0.148608490963978,-0.6189207161305456,-0.4767214309199481,-1.5844214990525383,1.2332036569531173,2.14283537726185,0.029621141956916314,10.663955138363221,1,1,0
1.042746632841343,2.7883241738841638,-0.8480014820251515,0.4874272277361837,0.5915616509989741,-0.6201026684744674,-0.5834545389527503,-0.8789692609767011,0.044447918775506724,-0.3131662404741893,0,1,0
-2.876032282046417,1.0064525460817997,-0.6637127343069787,0.15103617693634735,2.949920714019843,-2.3210216338217258,2.820652664924575,1.6009381628913668,-0.7285288762214843,2.489888703426972,1,1,0
-0.7355306659075819,-1.6446084811683974,-0.4048312935913969,-0.14606168160458277,0.7671658585387842,,-0.3006302165091358,-0.1794448910440659,5.931268916270487,0.20226421484988563,0,1,0
0.7597708591258453,0.5039310679014372,-0.846022772606351,3.737567773372879,-1.0012657686064674,-4.244618135129267,-2.7339439334135163,-0.7458292725441626,0.3706139719478557,-0.8128965392687697,1,0,1
0.20552699821646023,1.8731046768482622,-0.19160870411388742,1.8013258675172716,-2.0184012396820723,-1.2179668160038026,,1.233768078377973,1.0752413069613191,0.7889747047982089,1,0,0
-0.15344236731551375,0.5214577110720455,0.9322522537510247,-0.14486766306750182,-2.078859561111511,,-1.0414330593576517,3.5282611475061345,0.1964533795681345,1.682618781296186,1,1,0
-2.01149132546182,0.48186321300546786,0.711204941378826,-3.2518328779234937,-2.716897473308677,0.1640508998286887,1.9215170698329715,0.008098635188117487,0.9291895615477108,0.8139705989181673,0,0,1
,-1.8042534307485911,-8.17726326994071,1.755959633725828,0.3971315405060445,-2.2308906781873907,-1.2245592325935308,,-1.0824410437804357,1.344516394316036,0,0,0
2.078156617110029,2.245747457780746,-1.2685164417035684,0.2701150569472917,0.24139947902377867,-0.9418735837667431,3.082787170740243,2.6343521847513953,-0.5357146329995497,3.784495948147383,1,0,0
-0.8776965135165605,-2.2116022762305967,2.685375964545324,-2.915722904204205,-0.5865715404897123,-3.2832204714979674,-1.3731428062827908,1.1779075975225382,,-0.7912687333163366,0,1,1
-0.5503535878198212,1.1081598518771747,2.5747318559234955,-2.5818163741391404,-2.1125871452716,0.0817097958255586,0.28452175329608664,3.179078668190392,0.8433834529907315,1.038565460060787,1,0,1
-1.7632509319919358,1.0840411744526441,2.5298577282419794,-2.823192343368484,-1.1251169496477582,0.6079192061479222,0.9261221939341115,2.862724340664158,-0.9121932712061199,0.9699803635022445,1,0,0
0.359521062140472,1.6762569716235207,-0.734123718114412,0.32415100763368326,-1.5102899375683796,-0.14078399223730675,1.2471904794298059,3.6176926533909084,-0.4002229523995679,,1,0,1
1.0062407473116368,-0.02279765042962767,0.10615454307600891,0.11796844971054314,0.9744268728620127,-1.8656121013475437,0.3696649286031438,1.6279130243843922,0.818908306347284,1.2455271894858881,1,0,0
-0.21016364755600753,1.6852281917724794,-2.666941698191528,1.446633662942506,-1.1976869145590099,,2.1556196654040685,1.290261988431744,-0.36857690674013666,3.5126802012223868,1,0,0
-1.3452324520998302,-0.10198758743591885,2.2372674069559575,-1.7310950145648434,-1.747354591229311,-0.2378415153041581,-1.1524983750463407,1.2577975692491312,1.6164255574900401,-0.6612322248316232,1,0,0
-1.003433810758229,-1.541891480866434,0.4572648551277245,-2.9496849887132854,-0.5622552949452058,-1.4340671481305776,1.2492203911149276,1.2379471779783362,-0.9688241140349944,,0,0,1
1.1398566043617029,-2.999440559739618,-3.1627647376770387,,-3.0335978069501617,-1.5146732438355859,-1.2024430614258113,-9.507019634957132,-0.08160192434705991,-1.6536622273763282,0,1,1
0.9852201728091007,2.9196758810210746,,-2.7646337386085507,-3.0210948597770892,-0.20578568925072993,3.47143432933467,0.4080830299324577,-1.3983570744602225,1.7616243230180195,0,1,1
-1.403499016998488,0.20086582999336167,,1.619015877271063,0.47750761796843144,-0.29581003381333637,-0.3127855033242891,-0.3260795729527528,-1.092701863247086,-1.1459770328443242,0,0,0
0.5550849245738736,1.1951680320352782,1.1959677537637232,-0.6130779046001339,-2.164257445360307,-1.577086836481163,-0.3083618630250755,,1.3409696134093454,-0.19915442748537476,1,1,0
0.5197333059950014,1.356220096419067,2.0722283023881456,-2.828230041098637,-2.136275096399331,-0.45325261133895545,1.2619910740798868,2.836976108898388,-1.244362484149788,1.5722409655460987,1,0,0
1.516744797533817,-0.9757093516257217,0.8299350872860034,0.00163420361297072,0.9659035401438079,-2.100307046264433,-0.9998258902106468,1.4011357081802225,0.657912631592761,0.15169997016225178,0,0,0
-0.5653872091201171,1.0133981999351416,0.6160020629062718,2.177887250314749,-1.7156065545924455,-1.522051093983349,-2.634539138280545,-0.48923143675729697,0.7152232680817521,-1.5900300425546265,1,0,1
-0.611730036418545,1.0261811773328224,-0.8719692078424797,0.7511726185185126,-2.2665063056031762,-1.6452188867110733,0.17188425098104443,,0.22775392125883576,2.713298115433631,1,1,0
0.004529291051558021,1.3794076923043628,0.7067782859285273,-1.930465996397328,-2.1956256853094605,-0.8981728973951223,1.6306056917109255,0.7104705770586002,,1.116471009578646,0,0,0
-0.8827684783389129,0.4523066630810656,-1.9646124396681,5.992153723215551,0.4365030791694353,-2.942168733607704,-3.5115327334050144,,-1.8777248639102067,-0.7405647439913824,1,1,0
1.7564932816753192,-2.097931965807848,-1.399142921628252,1.9958430482266163,0.5805374148993674,-2.5424198573798398,-1.9593197675671867,1.60842718235627,0.48786683369600947,1.2476045374930487,0,0,0
-0.48933237546220554,-0.566856126114601,-1.769681149588874,0.7065428090048512,-2.351049581249665,0.6711793352587356,-0.6269790530753483,-3.164240839961731,2.1332646815618554,-1.1432902874876985,0,0,0
-0.7616937975006934,-0.7063798428633855,-0.5028185325531997,-1.479820660239842,-0.7859326668516321,-1.0859175860751407,1.2295213959824645,1.2404897530101635,-2.9760324740095245,1.930892748913315,0,0,0
0.29459262094337224,-1.7704032221300456,-1.5587811362317154,0.016660085929234677,-3.522887294658111,-1.6615799963007136,-1.43525125527559,-3.59042779355392,-2.1009812104995986,-1.4648621204506835,0,0,1
1.332645518695934,2.8853121052803434,0.434057171874917,1.7620647174990771,-3.5383596206342856,-0.7118143888673873,-1.207169617658974,3.037351356029482,0.6262055616322454,1.5704426742060453,1,1,0
-1.3776256560635605,0.24783170378463804,3.095493153605031,-1.8831984464176397,-2.469768130815029,-1.8999080049493748,-1.7321610098029785,0.3596404421258892,-1.55037687093124,-1.7817667580022376,0,0,1
1.7600437651348573,-1.522650923131121,-0.1892895946874088,2.2318677332828245,0.4563792606363781,-2.879422156290862,-2.9158306190504746,2.037862927417207,0.06516834108320184,,0,0,1
1.5301720552205211,-3.0786371545230407,-0.6874118283673509,-3.2650119108426576,0.6182675835990517,8.22000255540356e-05,1.800002335385752,1.5207020560753972,1.4356771037997966,2.366730380673904,0,1,0
0.19418090559442003,0.14845635008260716,2.5134011943103287,-2.645228585423214,-1.792219596810053,1.7778105929031884,-0.4092206040938072,2.687035615372456,0.5875655954353307,0.29289472656325377,1,0,0
-2.673003643884066,0.8689690833326268,1.0832876379204015,-1.5732270024353672,0.4449108456600326,,1.5958591323580071,1.9590140907322242,-0.5344696758417209,1.3840392178633554,1,1,0
-1.465340383444967,2.7549104885690654,-2.7705764474826693,3.2411626409353844,1.1130748729887272,0.1852296678703076,2.0785744981905125,-0.2480728285985645,0.6542973934742754,1.9611189992747335,1,1,0
-2.8485270886516063,0.8903680153623197,-0.03773355241794718,-2.23650235614823,,-3.232351299168879,3.714079502719454,4.376071923419611,-0.07530442074083482,4.833846927950241,1,0,0
1.9359140507224122,1.1440514652414873,-0.8585659058551383,2.8910522230505156,0.871419488662937,2.0302880682170263,-0.9705818967982973,1.5266819973500008,-0.6272574628615696,0.6662465529156946,1,1,0
-0.9159675813651517,-1.5517345464498535,-1.115948004606182,-2.568197862231594,0.3385724676398574,0.5947180810147157,2.602581002118897,1.661502452007975,-1.5452291149986712,2.9429770522067624,0,1,1
1.3772639038132337,-0.09192050150400632,1.0161463864620472,-0.5448756249893512,0.26842570763918183,-1.274489202931056,-0.20608717139461352,2.6496500724561103,-1.2998744073684523,1.2078583067754967,1,1,0
0.9138897415259529,0.08468255222586407,-0.7430449645557391,0.3227805359802167,-2.1309282667600953,-0.06121995742932729,-0.47624529384281455,-1.2384231012589555,0.9564964758415365,-0.3573612929118999,0,1,0
0.06073612558130447,-1.0538575644738863,0.5939347103940475,1.0139307798683235,0.41516701529183275,-2.389336639289416,-2.096455133092376,1.4384459367652465,-0.7675465012301531,-0.0947277672377296,0,0,1
0.15342119550391872,-0.8476716746302141,0.21036660235959226,-0.7235416667383969,-0.4516055715729128,-0.9542023334008068,-0.2852560962826751,-0.455888249074369,,-0.3462328362801936,0,0,1
-0.15994214829883396,-0.7255806550684654,3.0446256125425237,-2.7525786178122855,-0.18291572597401473,-4.423782551212292,-0.3641351505316692,1.9741658351001816,-0.5506808466567625,-0.044597396246438444,0,0,0
0.0890041105534821,0.8493998015470652,2.1267620370956664,-1.4908820156748417,-1.0265118778623534,0.6771592048528217,-0.288805588590628,0.6018392379554568,-0.39256167735758984,-0.8878632991225861,1,0,1
-1.5057096623793076,0.06700401474216122,0.9132845889237605,-1.0292528639888698,-1.0566133730277572,-0.6977430170842535,-0.04907067079015637,3.794327182745899,0.16868085941050945,2.217272965742422,1,1,0
-0.8535283081034944,-0.6691838697575636,2.5192114394679805,-2.4570228094012845,1.541871490841776,-0.45669314231518177,0.22576143283291672,0.724820679824635,1.5239458091632834,-1.6340782804171552,1,0,1
0.5053339438740322,0.5955693352465794,-0.6809382408057223,2.3236391076854876,-0.12823255137940626,-1.4591875676162296,-1.1710338934274334,0.6242068625395101,-0.9191977673777834,0.36046891221682215,1,0,1
-0.6353065343682036,-0.2105954115273344,2.6073681010981313,-2.139101730643295,-1.6503377355157611,-3.1675151733376663,-0.9028462335927259,0.9564225278896581,,-0.6903814163093167,0,0,1
1.722709710720728,-2.7800589704267313,-0.16792573590102977,-3.0411042475183687,0.38436800692781836,-0.07277062093318898,1.2143796028534943,1.424936124649895,0.5789130237728995,1.7620389645327943,0,0,0
0.3974040328868454,-2.2959538928514203,-0.6351494410441121,1.1240676554311757,-1.6710367934569672,-2.31253735706368,-1.6726705057627669,0.4370159101111526,0.580421940096241,0.05954278807290517,0,1,0
-1.0923362979510105,1.0330886301448845,-2.4083376443897655,,2.719553308025203,-0.09965495469653218,,-0.3038960370724628,0.1318177325967188,0.9611248563740554,1,0,1
-0.3361500027177518,1.748137625328745,2.0373873351411067,-4.4115891048617915,1.1381854582071531,-2.018128616940632,4.792773167633122,2.908805619923039,-0.11942316073584242,2.9498862884952435,1,0,1
-0.3919536681786087,2.265021305340209,-0.5285502103362882,3.6494656817121665,-2.2664341553413765,-1.8621969501328017,-2.1565695759872217,1.4661090840404891,-0.3429648364467441,0.588390970580613,1,1,0
1.139186313350772,1.076350126134217,,-2.82268824891711,-0.6404174646801777,0.37175081830411405,1.7747559665609813,3.1081273023544265,-0.4472211294638499,1.836928206250872,1,0,1
-0.7054237140024512,1.6256640775708573,2.1418908435779356,-1.1619961329749695,,-0.383003796487851,0.03778650773990555,2.4810434512130835,0.09871505232100361,0.5890124942715802,1,1,1
-0.23358973227799906,1.4638497865405455,1.2264464119462182,-0.49622824632786156,-0.8657984216235988,0.40127788780304563,0.22247069621640048,2.9153363936939636,0.9769828076619566,1.356050515825875,1,1,0
-0.8130088051248566,-0.8912443620039667,3.039256932312497,-1.9289999912423217,-0.7340420756836201,-3.149924434329478,-1.7076378055197665,1.465881809910849,-0.7395105712940526,-1.0341544807858976,0,1,1
0.4464467833047774,-1.683641130555976,1.5407774197239088,-2.6086507374124626,-1.5146345442548768,-1.4818912250270846,,0.4934352246194459,-0.10500150290412151,-0.3861430347646357,0,1,1
1.3191010274459878,-3.0840047444371623,-1.0191761038671272,0.43738381191049597,-0.7548857591956766,-2.793176387903662,-2.254370915765987,-1.8835628933610937,0.155575112758557,-1.162156881315919,0,1,0
-0.8518059981826698,-1.0198424401345343,-2.9885022200297913,2.4919167231239765,-3.0175554433027596,-0.17147417747514904,-1.8657364530591758,-2.4037211910894003,-0.25390096274087554,-0.33614890188866536,0,0,1
-0.1251749202948624,-0.47328442869978127,3.071547373205493,-3.988669029153462,-2.929138961678513,-0.5192251491995941,2.6081686746677777,-0.2728794898209481,2.0711713025331107,-1.613276275468876,0,0,0
-0.07458023010351422,-0.8059911316365789,-1.818266824650466,0.8593013721303557,-1.5024510623936362,0.6267300015743555,-0.5413380645202543,-2.0053541176709193,-0.612734175014757,-0.3919081170464723,0,1,1
-0.5737555504043761,-1.0634981523470397,-0.34251794112919987,-2.567056645227198,-0.37886576657923243,0.07793929497795249,1.9834010456291495,1.2979689734693016,1.9875341610233674,2.0945888076015944,0,1,0
1.3573414957162835,-0.23227416863526684,-0.11238609157021107,-3.2841932682851276,-2.3668428229320657,0.6386574738337989,2.2700351864267994,-0.018147204934313654,-0.1698932016675959,,0,1,0
0.9002056534504943,0.8510539742009714,-3.4013640799079754,3.9485502726151434,4.227397547489955,-0.1399251457814521,1.6924347846536998,-1.2318536074139228,-1.4743828693181482,1.2209110518315294,1,0,0
-0.17559613466295235,1.5821865860480746,1.082634453519075,1.533217019626259,-1.252229253910162,-1.123934044474384,-1.7614213133837633,0.1958169435789816,1.8128902199409256,-1.1228780466326649,1,0,0
-0.04917413002709046,-0.8028802700113686,0.3397368902487746,-2.9289791675574146,-0.41085251449949334,-0.8523115009822801,1.9799304142512968,1.4255776458923322,0.34253098972959317,1.8728400620549992,0,0,1
-0.41120681057081593,0.2237761938837708,,2.1294702771290948,-2.481147722604333,1.2598078615277006,-0.8332040075560584,-2.333312426496218,-1.32211794144374,-0.3808029666099208,0,1,1
-0.38046853611733444,-0.2330942554753579,3.4108584224277947,-2.6483942880864153,-1.8913826655359327,-3.2782748506998383,-1.271217871842039,0.8414862721653584,0.1676501553866558,-1.336914131812585,0,1,1
0.3465331468192452,,-1.7858688366409328,1.156853434404968,-1.5462006318382713,-0.74943680559795,,-1.9694104103253207,0.14020512617124528,-0.5794949195343436,0,1,1
-0.38856924675227067,1.5947458138568664,-0.9059659772191888,1.0078269415890302,2.0336704752760504,-0.061984979237887594,,0.8955981282289078,-0.017384109542655443,1.6734318537748136,1,0,0
1.2577384675036598,-1.689884492073865,-1.0698123866553588,-0.6836330052656492,-1.040554374856281,-0.8617750602631449,-0.11085484268188062,-2.9798237453636647,-0.718598402347532,-1.1221864285290781,0,0,0
0.7105140871218615,1.1168871642825005,-0.1773205056225453,2.2147629591168885,-0.8537995428612856,-0.8220789435289337,-1.9790487588997154,3.056858893883921,0.29941193801748717,1.606329672878015,1,1,0
-1.066653368918774,,-1.112554226905961,1.9082650848167524,-0.39515242071360235,-0.18210652077779188,-0.16405459776564335,3.278605512496572,-0.1371005223902222,2.73717092044304,1,1,0
-1.2714536994278176,1.0442756618338787,,-2.284779710718522,-0.7212861074736949,-1.6993937054537716,,3.321293397435908,-1.5852183702092075,3.434932750089474,1,1,0
-0.035638560931668735,,-0.35959255741724183,-2.940215715912009,0.08830805873727221,0.34045922992866284,3.397324879434894,1.9015765551378798,-0.6442029983199388,3.0065582687683725,0,1,0
0.6982655364920956,0.19754183888224564,0.804995022076086,0.3251403344287454,-1.12364602766314,6.163953766202994,-1.340649394636412,,0.043814192831760926,-1.0295234356833762,0,0,1
1.220570292345089,2.3205664887597424,1.3646724343400016,1.863084044670209,-1.701175862428248,-0.9646002628580425,-1.9962236197236791,-0.3661810885147612,0.3017888307971837,-2.09720900245916,1,0,1
-0.04426012027857669,-0.729368259148925,2.236409770746469,-0.8415846754050443,2.703124146006227,-0.9566330519226979,-0.679396599860326,0.14552994813862974,1.1452166865716589,-1.6705810631296798,1,0,1
-0.2265991640145975,1.4338434257305284,-3.134173435357556,2.709194997730362,1.6140185368466269,-2.2976625435088645,2.381370777162257,2.567778688524439,0.10933690359734571,4.442707945887983,1,0,1
-0.7401819246062783,-2.2047929729580167,-1.6989840841251893,-0.8758352628806573,-1.315065624501305,-0.3924699862409575,0.10023897664308468,-3.560485916463341,-0.6047018550970825,-1.036659407207927,0,0,1
-0.8626663578885319,,0.8744487537646528,0.6065832707252273,-0.3134792407326543,-0.9815099133477851,-2.8037785397991963,-1.0538278639858871,0.10984309313381067,-2.247697106017946,0,0,1
-1.4829130411779132,-2.697636181223381,-1.0393338015959488,-3.3768683112996927,-1.524289177126366,1.7476347248565998,,-0.15577589140851744,-0.005587133968183114,1.3853177688194824,0,0,1
-0.14842264715919978,-1.0550276442963629,1.568409193376381,-3.1198468707818305,-0.5678268616308306,-1.6950186097722195,,1.385380238673315,-1.129888087902751,0.7264802224325265,0,0,0
0.09942845822903407,-0.4331458728184623,3.023142319342254,-5.492268516086281,-1.4106646301077905,0.649698268253514,1.8583228404261445,3.8974511638391705,1.2168367914244393,1.9645230380476362,1,1,0
1.2171299211561122,1.7953974142320492,-3.1467832554849196,4.231396055879699,2.118192291900411,0.975216811874104,0.9511876833448231,-1.157870067869097,-1.5222053049258542,,1,0,0
1.2515793826826966,0.9542787767968589,-0.5513674099346236,-0.09844697151836043,1.7057180161927805,-2.778678798784397,2.4307364295211147,1.4007918769603593,-0.4562340046084945,2.3246499218924934,1,1,0
0.9589296121591138,-0.6007517609793804,0.2287220460022672,0.2684930166483457,-0.4315391447723922,-0.2588068206349081,-1.1963727316884618,-1.127055201530751,0.6959612553036046,,0,0,0
0.0005716656457768392,-0.9737201604146672,-1.5390770929367883,0.6270288169205677,-1.4631501227415196,,-0.5976874631018778,-1.6111165325590218,0.33987898131490846,-0.2063260989667829,0,0,1
-1.274287223050924,1.9842044365280662,1.7739887297462027,-1.7808196855656213,-0.854112999979086,-2.317021502612248,1.660211045112232,1.8513649205787988,0.2910096272474423,1.2142664665426066,1,0,1
0.5196374682685905,-0.4742618597496904,0.4579103843350938,,0.6116388183248278,-3.7768475168228943,0.09773737794338022,0.9594128452410072,-0.14113682151636595,0.7321392918035418,1,0,0
1.0122459076529051,-1.2200813241966493,-2.2670323832227774,1.8043307570585996,-1.38616369728842,-0.23208502194425062,-1.300703884194499,-1.627058264101366,-0.6484466533719213,-0.14962743253304775,0,1,0
-0.23781388214842067,7.4906896900351025,0.9269014796564683,-2.3808836613660924,0.7239112304524062,-1.7168401507678492,0.7987878087793028,2.211665743440089,-0.41085719913647445,1.5103033562138743,0,0,0
,0.4804743304831969,0.8379162879826294,1.5182268443845655,-0.9882529481942492,-1.5178903261534686,-2.2597071512711056,0.9867668181577187,0.5974628578813526,,0,1,0
0.24132320329939075,1.1887928392543534,-0.3847929280976161,3.8652623577724934,0.6951457427114531,-1.1877567397181183,-2.235025124381022,0.7918055973647928,-1.5582298485678703,2.5903390966169537,1,0,1
1.1619011299565059,0.4693437930540604,0.4772566219142558,2.000657353533739,,1.659871377010122,-1.9189560597962458,-0.586155613199109,1.0346996960872819,-1.8491786802686725,1,0,0
0.6918418040088565,-1.385127671402167,-2.256733027651474,2.3419064216378755,-0.8051134114642835,-1.1523755207883928,-1.6550645495360046,-0.5975743028252214,-0.4873399260391653,0.3893235692860816,0,0,1
0.18809956615274828,0.40313332523118994,-1.9120654384537201,2.0584228404669154,-2.6708459379281404,-0.2831931173379786,-1.0592699222387847,-0.23612680496724947,0.5075128720823281,0.7592922328515016,0,1,0
-1.2928737322045296,-0.9868628301663244,-1.298682273455256,0.6067294834739835,-1.4321618208797766,-1.804240813021446,-0.6559341238065058,-0.29288070369319397,-0.1697304872855214,0.6416978236335583,0,1,0
-0.6101497455801451,-3.3002176948412063,-0.12618832964672522,-3.0723746744090525,-2.093016529770378,0.5535840926076108,-0.3893238322075159,-0.604480337095713,-0.052611873356375655,-0.05293076423326339,0,1,0
1.2776190132317218,-3.020012972477351,,0.6108578064901778,-0.5240496337381783,-0.8681046415870558,-1.1034724694589657,-2.810474117158799,0.21232614066789893,-0.740251284276255,0,0,1
0.9502792834882797,-1.0383090889072695,-0.6342510087131521,0.7274708608289411,,-0.5339334818231288,-2.20642478807102,-3.541287725932499,0.3220472043256931,-2.5623701409240884,0,0,1
0.888838819539992,0.4419038531976308,0.3585995201439445,-0.23814193660199026,3.187563809364183,,1.8126230148428903,1.327326359730857,0.902491655557847,1.2424277760531623,1,1,0
-1.337846371815948,2.3582570230612365,1.0264654025507995,2.484129525338939,-1.840855984051308,0.18284838737247266,-4.109409901584948,1.4099650871396878,-1.6523840564542558,-0.6561170911985672,1,1,0
-0.45012347329389163,-2.4189467579298616,-1.668418721940781,1.1134067940470762,-1.4290902416222377,-1.4553405114080704,,-2.209379376188627,0.5072999856297516,,0,1,0
1.1721263095893824,0.7963203415901527,0.33953856950886263,0.38258585375719384,0.9496701761626233,0.27292011868997323,0.3338273852948537,0.607076754055664,0.4014981505462089,,1,0,0
-1.9327341425689386,-1.8939004669288462,3.993046902078657,-3.5607773665541176,0.1423510675057269,-1.1840867260147832,1.878168010952487,1.615927170757506,-0.24991848483952864,1.9216389908776172,0,1,1
-0.4775999513736513,-1.036870830033464,-1.930868899367643,11.735721227895274,-1.4891568493625698,,-1.100861497634634,-1.182153368295569,0.04819217725982952,0.09648866293336278,0,1,1
-0.5606248843752012,2.3831511078822,2.044848386131118,2.301466722059421,-5.78589243317426,-0.027579160761473265,0.6261327374264587,-0.1762077529096433,-0.10283150631929085,,1,1,0
1.180317839177625,-0.7282269995783938,-1.1057656074930726,0.6703301062164031,-1.546976630073928,-0.8092554237456457,-0.8279951486148527,-0.3738911210537771,-1.6524916526140028,0.3078065773742244,0,1,0
-0.11676412130630513,1.4657401715002791,-1.2575713565127855,1.6524816399150002,-0.19665501424750276,0.26532341322592745,0.6916077077991443,2.4154395882406527,-0.6672232368866481,2.5304335809309815,1,0,1
-0.3292045633289162,3.272373249321404,-2.4617754299313117,3.164397415484823,1.2992573052615675,1.1643319247138395,2.2734357789189206,-0.7358561050604291,-1.3082191978963706,1.4031467172020717,1,1,0
0.7356085703155483,0.3148276396604913,1.7537103464214217,-0.46526399100430216,-1.2730757013354626,0.6042990124199263,-1.4798295710285716,2.6322147262425615,1.1900387532070433,0.20616715322441936,1,0,1
-0.7669412623830628,,-2.6819542914335144,4.619218708028346,2.2236110763368435,-0.3044270972571693,-0.2702603571891318,-0.3714513899203722,-0.5259527397942941,0.7547436092557911,1,0,0
0.15143376016071822,0.45748917353455154,1.3677689142647753,-1.761570545317758,0.26053094332084736,-1.944844463414369,1.161791795083084,0.3063018856038807,1.401069355627171,0.09805613178595066,1,0,0
-1.0783447924360212,1.4545799060653624,-2.5344991462072004,3.907164025274409,0.49789296662899474,0.2540566488972742,-0.16425198131260843,0.8852334202824657,1.509979610415489,1.7223278143622485,1,1,0
0.7598565050594597,1.1369374724827863,3.6211946936825625,-3.6953172047052063,-2.6798292751103,1.0806943569873382,0.08298525890892816,1.756709971063436,-0.23592485108520672,-0.6027011791456356,1,0,0
2.011721575442747,0.49588719224935607,-1.7903760926667038,1.7372477167016274,0.5174215653238108,,0.7824294000612797,2.7713013870438665,-0.8229035909764744,3.249065013218258,1,0,1
1.0644562081406352,-1.114110243755071,-2.0316434347169485,2.3352040337103146,-1.2258928123340653,-2.524803895962776,-1.6576792738376356,1.1325367673303783,-4.876930671935891,1.5857880718478443,0,0,1
0.33760622247297195,-0.3960354945818003,0.3926636853986316,-0.5894774570531227,1.5362231483858104,-2.1428046480689122,-0.4395808134285014,4.093798297679773,-0.03430835657245901,2.9375093222043205,1,1,0
0.4790770554974521,1.9896690669637798,4.066436871242601,3.5589839026002505,4.758469552531661,-1.0856265628013806,2.8717709814413155,-2.1619397082358804,-1.1721730470264382,0.8197724004804359,1,1,0
1.8338247289999745,-1.0986018507033277,0.13598874952774875,0.22586138323358598,,-1.1540938134322585,-0.2638590734898103,1.330467810936018,0.4995007969689037,0.6003267042724505,0,1,0
-0.9724037396106213,-1.7583479526649792,3.8134231932175693,-4.285190152124588,-3.0506123232984765,-2.9054594169268526,,-0.5147108397578903,2.133645604681897,-2.4818990527319156,0,0,1
0.5465049536084137,-2.4805733769581,-0.7608587342074623,-0.21723468073694754,-0.8195210412420424,-2.3522215013074725,-1.3250844750222575,-2.5032388530039693,-1.101899972988713,-1.371679939621591,0,0,0
0.1816001391292812,1.498015222553216,,2.0528845254531842,-0.6172616452785552,-1.3070901183018315,-1.8999123051967919,-0.20446905178226893,-0.5772558209917463,-1.4050972859853021,1,0,1
0.042249604426835,0.27799013692007724,2.141097147670683,-3.868397362084215,0.6315695642973373,-1.8038034830421728,2.6609918321084134,2.681272946805793,-0.4041539057073227,1.9073379164858804,0,1,0
-1.235922173509193,-1.9182535519649697,0.6947370011016862,-0.12509794274283279,0.1768455175855297,-2.7200779815503537,-1.8552610777585903,-0.3459328175312889,-0.356455786555902,-1.111977716307374,0,0,1
-0.6687541185215149,-10.768107064125692,0.031091822868325014,1.3200027950169857,-0.08647506441218888,0.9675731179457363,-1.5641979644654285,,-1.4061424419829012,-1.8261965783757397,0,0,0
1.191720302401696,0.7616551510112688,1.2728756958049456,-1.0103329649885981,0.8021100480647219,-3.0320013410027036,1.1210584663463272,2.9404789731820005,0.7058941961045526,1.9029838282966118,0,1,0
0.02464156663794665,0.12756490291603284,1.9962622667557441,-0.18103888902992585,-0.40336566313476907,-0.39991920155413896,,-0.24284380101175285,-0.10223420988301203,-2.0117723993108085,1,1,0
0.27308885852988896,-2.9716019854402056,-3.4867306551449553,2.410900944314328,-2.898526766669218,-1.8221988568995586,-2.755044151367345,-3.0600433952152257,-1.3351466116608586,-0.6393777738426928,0,1,0
0.2854861626880532,-1.1865877448246624,1.933893539666986,-3.5777266153746856,-3.2652494487695,-1.067249757505181,-0.47330791862032084,-0.7114718410079746,-1.0694023872354967,-1.1457130701350322,0,1,0
-1.7356308758550187,-0.12201917470166856,3.823359099849281,1.888809461050554,3.1910165270569597,-1.4588333030465177,0.7102067820613506,,0.3842319165190897,0.9226509979243795,1,0,0
-0.189442777526179,2.21265301131141,3.5077357954761665,-3.673300861864113,-2.6594070461826154,1.9755968333891523,1.068099327366046,4.118099360162102,-0.2701601066121741,1.3377491575760394,1,0,0
-1.074498389658808,-1.6431323907859192,1.3315436099954123,0.09722672176588197,1.9687135964883788,-3.3477993384608062,-1.5966548639184979,2.0458317452640955,1.0203818741776796,0.05901799736532152,0,1,1
-0.7055931033066548,-1.633692887276935,1.4072583843686517,-3.446905617232811,-2.437541531527838,0.0129967504414632,-0.1955341366503336,,2.22815443334965,-0.6157025732923997,0,1,1
-0.39613472036556435,-1.0990389050648586,-0.44009644524345715,-0.847295809789744,-1.9431084204188482,-2.2317523019394656,-0.28809148558135456,-1.4496854154279304,-0.933634216589443,-0.32236854794181463,0,0,1
0.775765385282725,0.0971227243583137,2.9113522286204208,-3.013186882245736,-3.3670970245846092,-1.7778562678370968,-0.9146124832299467,-0.32850295326035983,-1.0832016831846014,-1.6447078538839464,0,1,0
-1.372791249746409,-0.8642685988692167,1.3648224390748183,-2.5710896691148832,,-1.328760928005332,0.021847394412100152,0.5493341897002123,-0.5039306799613394,0.03586090742034112,0,1,1
-1.6792080900537842,-0.7424734101245954,1.3325418068799373,-1.9009430609994515,-1.9210401674731967,-2.461019577769986,-0.5400990698181876,0.4634245348442194,0.9751071432888088,-0.14090165985510278,0,1,1
,1.4757716803178769,-2.108520917848571,1.8867232614566163,-1.8434590224555758,-1.225762054849735,0.7504963839557185,3.890335723403052,0.38658258917092975,4.3701290790647205,1,1,1
0.6686297581325897,1.5001324222053032,0.38201166357579597,2.376933095024032,-3.354758096476312,-2.073401671358594,-2.8323483151788684,0.4405923125658895,0.6967929604960715,-0.6950508746475568,1,0,1
0.5448246945086137,1.2338629879773149,1.177441965947342,0.3124276827541865,-1.6900878560043182,-1.464360868411068,-1.1082222324708666,0.41089081418092166,0.7894987596500425,-0.7037784763300259,1,0,0
-0.8132593207385084,1.8799059432888718,2.74587887196486,-3.324458502835699,-2.481200821889721,0.4280604250042177,1.3405879647931278,2.904304238918277,-0.3898430544175937,1.2107576806125255,1,0,0
-0.22160339018264946,-0.21284702670569944,0.8281111009588883,-3.084474624804941,-0.5000385959437306,-0.9348011639009226,2.1307536670410805,,1.7308151930447429,1.7373622961024036,0,0,1
2.1279180747572566,-0.5534350873668248,2.512570337198686,-2.9135844952678327,-2.4507705215880096,,-0.7308171378768835,0.19452322389296484,-0.744872785276274,-1.0237900569406386,0,1,1
1.9279491802420827,0.39372893077800697,2.2169461801384065,-4.211451900520617,-1.5843893948630199,-0.7645807446249107,1.9632365062429011,0.9300650794967577,7.186705886302617e-05,,0,0,0
-1.6541460305732973,1.8097351165522861,1.6646917230940685,,0.9874405117566625,-0.2677701808202956,-1.5540985375969498,-2.1167474844904315,0.5240350173448559,-3.290930949997168,1,0,1
0.4047475053155036,-1.0223519730771882,-0.27917153572790443,0.8727920868527206,-0.8481194863896865,-2.4997178212597784,-1.646698193497769,-0.20994578909257722,-0.827892867365809,-0.33461561978683196,0,1,1
0.047579417152787795,,,0.016338096031108057,-0.3871096743708231,-1.4445104147591723,-1.2763685170509946,-2.51575150612749,-0.9867736181735269,-1.2023408231939132,0,0,0
0.5205607958438698,-1.052933690212152,,-3.380686609193686,-0.27800150248840705,0.028420992767584252,3.1444176254814407,1.3327833095227812,-0.03951654223156102,2.7911159772269287,0,0,0
-0.44623336678444686,1.3205134698481424,-0.3758736520796435,2.976917468758558,-0.5872891190516701,-0.5783130725873415,-1.8003602962135883,0.9991056268166634,-0.5811495110719016,0.08222534074233138,1,0,1
0.7202615235526089,,-0.3846769217426156,0.9935701998475722,0.9261225271331508,-3.4204025921273002,-3.236013318792729,0.46773864908052687,0.7804975206878598,-0.5033540325779251,0,1,0
-1.0071747357076501,-1.78135282055389,-3.5137661943068057,2.1256290055828453,-3.2728827766354716,-1.5059633137651516,,-2.1474884242384373,-0.9491176282799884,0.4581090518271463,0,0,1
-0.3353570705459931,0.7184878044093017,-1.9518069603047703,0.6014945011420493,-2.106619977909124,0.446309270489077,0.9077255302346767,-1.2575329506377486,-0.5296040488022927,0.8414129074807032,0,0,1
,-2.070216702822583,3.4255904474215004,-4.650439354477466,-5.350986298953856,-0.41006449217171737,-2.5385477490426673,-2.472618406250875,,-3.822729799494055,0,0,0
0.12876373634843294,,-1.0093476278702103,0.7493895118050439,0.9812403808283614,-0.9537000208220967,,0.25470453185710795,0.6882409508253399,0.5050079219606571,0,1,1
-1.460150262066399,-2.7554236227218443,-0.5870094500373515,-0.2625591601734838,1.7888982840621064,-3.064648277015856,-0.4143653328361194,0.8850470413414242,-0.27585271463774547,0.9621026227934999,0,0,1
-1.4126820670069118,-1.7794511720775592,0.10178701933004097,1.101224132029362,0.2669283673807785,-2.06638129340208,-2.436180272912556,0.2515468190419843,-0.69622838037218,-0.7342970096978586,0,1,0
0.6200931975868672,,1.0660340016003629,-2.3725100648907125,-2.4904667368300704,-1.2737402386425527,1.2386085236424336,0.4346007631914307,-0.8133599364488912,0.6597738062870542,0,0,1
0.015306574845510054,-0.008780684423656204,,-1.7962617618625998,-1.8402407194761754,-0.9656235346879342,-0.40159776935472724,1.8078835410387044,1.0889105126652388,0.44874546300927337,1,0,1
-0.7510268068190222,0.5613237349198865,0.43874360779187194,-2.9648949988200637,-1.3784666401389414,1.418208139409681,2.4440740411951696,0.8936462965005806,0.8954602236748322,1.5013078158259472,0,1,1
1.653440108825843,-1.4481551303418165,-0.8074183516392983,-0.4020206949292934,-0.23598202494806386,-1.8553321516028274,0.04413914935234642,-0.21492628052389784,-0.6371947172595566,0.6247231136292718,0,1,0
-1.6176638046330563,0.13433142034897094,-0.11582962076644443,0.5649441311918323,0.4456183314297506,0.8319199449271746,,3.4723663876519675,-0.8128104895617866,2.1800978680900998,1,1,0
-0.4024836828238803,0.637384650654295,,-0.2223861768839293,-1.6336673596472324,-1.0588401541718493,-0.41809470027956275,2.3200209848493776,0.4450972578421455,1.2690620354224083,1,1,0
0.7689915363449175,-0.26013288450745176,1.5222300362232808,-0.4913117245463563,,-0.9152274663341906,-0.5472066993607416,0.7566018667540728,-2.0531545098475052,-0.6537156026616262,1,1,1
-2.050139042555353,1.203772371718893,-2.319196685865987,3.7053228401728298,1.1711019605659025,1.9009627400781235,-0.19946708403533964,,1.2671821317388838,1.9635540123953257,0,0,0
0.11804946668977437,,,,-1.1673846446951768,-2.3389969759973486,0.24900390949430096,1.0566366623773569,-1.2169625768435197,0.34755907245494255,0,1,1
-1.5117465380881643,-0.008092385218091414,-2.095421011931675,2.2367307942502275,-1.4013729096807002,-1.5398542428502142,-0.742931688223565,0.5576120646340961,2.2068049320544696,1.5133407329873556,0,1,1
,-2.1915058395669598,,-2.3539205572411435,-1.3269548673503975,-1.7329488002165583,-0.6428531883686108,0.48002959738640183,1.2838887832702683,0.03099715714109334,0,0,1
0.9680227066762607,-0.6262827111961002,-1.3432340686684971,2.3046299979329503,-0.11565666676853037,-0.7540187632466865,-1.5660788955155587,,-0.4977451422811719,0.8749845154267848,0,0,0
-1.6807796249106517,-0.2738641640063343,1.315535876543053,-3.153933040852995,-1.0721702513536118,-1.5372656457095684,1.4741620943881968,1.1918840441759309,0.74761024527205,1.0572828027730974,0,0,1
-0.2531485000429449,0.6772357863642815,0.7471647821007268,-2.79097864969928,-1.4541554374069432,5.273934149786772,2.0688224013460528,0.9773503865015104,-1.2035668962288326,1.2585612138553675,0,0,0
-0.18661322172860464,-0.6262359692193328,-0.12674972764469006,0.37047424241963667,-0.7279555810910309,0.14138149855218174,-1.1529901515283856,-1.7119316543388203,-0.8512233916631263,-1.4822081129699096,0,1,0
-0.9364983133827613,-0.23660243061293706,2.2058035309961053,,-0.19528891071719634,-1.0005201387653104,-0.510721539976884,0.5299509565738436,-0.9460277459896131,-0.9629895091935392,1,0,0
-0.18593541613793732,1.4570632831801342,2.256690379174329,0.07329734418375587,-2.049239059015619,-1.3134505726265966,-1.8327154052303711,-0.45149245168332763,-0.4538987811268618,-2.104878478150876,1,1,0
0.8158535100785161,-0.7729886777781003,-1.2193152336245872,-3.079768313794573,-2.8123536544652663,0.5026540985039665,2.494734285005161,-0.4399441510798445,0.25292720421312587,1.9138952148701343,0,0,1
0.5207764447340067,-0.44964866612987153,2.9575592765646146,-3.4563585843167313,-2.92893317175127,-1.646231086013192,-0.7739251002729877,-0.11547460424976275,0.004438522609814357,-1.4938532689333235,0,0,0
1.2034600569003968,0.20703211314573067,2.407316767904817,-3.0455258054782495,-2.8595666829059523,-1.5619060409925098,-0.09121174150027445,0.009713594284500804,0.5341359422659844,-0.8545772465519846,0,1,0
-0.7181376587627298,-0.1895503163372213,-0.0018073379455152416,-3.1697610102777265,-1.2667914901793704,-0.36809282133526167,2.6553966557543633,0.8818152293444472,-0.6153923257548771,2.035075671327022,0,0,1
0.22742126793771542,0.251562603908299,-2.080703017488532,,-2.5696760067553552,0.10749107822397819,-0.4087042950401646,-1.7470839035754357,-1.0468579584583377,0.10157247496234456,0,0,1
,0.2664984843032989,0.8746004188916185,0.8874022772950212,2.604638557009612,0.27036433039896135,,-1.5842016384514626,-0.07482854331919798,-2.1712375031976223,1,1,0
-0.5386926814681269,-0.2789289112028349,-0.5181171201747738,0.7102018534681841,-1.5524989985667692,-1.3774378182785691,-1.0014515224662972,0.36406393974868845,-0.3910263177655551,0.41898862675544496,0,0,0
0.5408282103844916,1.2708329794022977,-0.8257348397221871,-0.08323526550313946,-0.1557334205506189,-1.4742801608684895,2.0666777919192656,2.1225917796284923,-2.352786469885359,2.8982709453471793,1,1,0
0.3535139844484254,1.209590595921351,-1.5683234430856052,3.530853801286068,3.115941888599544,0.4976832053711764,0.08067371994929817,-2.4643825617710755,0.18955986050867568,-1.2965073031920056,1,0,0
-0.7138541602930133,-1.364130628091363,0.2564746808972558,-0.6471271272432334,0.9722234888631116,-0.5645557351866924,-0.26394963656498394,-0.3186029962650958,0.2973525428275529,-0.458202137950653,0,0,0
-0.2084926310202796,-1.7382498763085281,-2.8230262910094783,0.13856996481145004,-3.3403759966449265,1.231378375095562,-0.5148633121182029,-5.311540075992006,-0.3308235227242045,-1.7864742645919007,0,0,1
1.2195329359482587,-1.0639826375074328,1.815411700921227,-2.032544877201563,-1.6935500772646692,-1.4250855599756913,-1.1299142626770635,0.5154784636832948,-0.9043951229546204,-0.7466262051203326,0,0,0
-0.866034445223392,0.302805113720205,1.0169119033299145,-2.976309346237825,-1.2085786571175696,0.14465005702127165,1.8614944039064174,1.1163837066602824,0.2787457541300641,1.1743517952495413,0,1,1
0.3585477138792277,-1.2922731544392125,-0.03757526206297479,1.6811637437846902,-0.12168038734124775,-4.779074713225018,-2.636914186896598,0.31772390026997566,0.03466143205718531,-0.6632639723422783,0,1,0
1.9478909798017614,1.26265610174661,-0.21982948045386497,3.903656962653863,0.40608243228147245,-1.367971011221772,-2.5660525372905942,-2.2326025713169173,0.06985979698176144,-2.580717414162888,1,0,1
-0.5691697776807892,0.17283427449752908,-2.508148183270724,0.6885011032181586,-2.3138061375682044,-0.40951920691180965,0.8976847862910224,-0.8748978915905351,-0.4482872642453222,1.5443567586224591,0,1,1
-1.2006437323210952,0.5566946176497405,3.1751209294213787,-4.389063319002026,-2.975214504016072,-1.2970227800712377,0.7788927071631212,0.036720660777167735,-2.0813413886427115,-0.891264394294425,0,0,1
-1.0541054369956855,0.5598644072904865,1.3605072410094725,-0.6168416711590298,-0.7167675913827127,-0.6543472163883188,-0.4362779674479935,1.1020201862299188,-2.058680686205292,-0.09759190278593832,1,0,0
-0.09138967205026136,-2.0017491535550107,1.400761472482056,-3.2068729206622204,-0.9724381903678443,,0.007982593383317083,0.7662804219879027,,0.1271535664002227,0,0,1
0.6160443970128167,-1.1716653406391009,2.6475380830888513,-3.542548749405895,0.2608724445106325,-0.8940785494730519,0.32458781893357047,0.46740370665359054,-0.7037967199860439,-0.8665056915872988,1,0,0
-0.33413323884336144,-1.2638910931741147,1.431078070130953,-1.3539494330392892,0.0497962268509049,-1.954695129662721,-0.8677037288982752,-0.3803476430459918,0.15256924874093414,-1.183921658972035,1,0,1
-0.7458785064361894,-1.4677781704420658,-0.3692175304432259,-1.3297733085429537,,-0.48178961412402765,0.726310338363332,1.7691123409231353,1.1612222731541635,1.8359834470658234,0,1,0
,2.742460201923517,-5.472519468704695,5.704441388609109,0.8214213205580387,-0.02903852828538689,2.082032395568555,,-0.38458244372021294,,1,0,1
0.3482862476668184,,1.2601193514151823,-1.756268516768463,0.050322465415914674,0.892592892384924,1.478503540059156,2.586466028870725,0.28332359253566647,1.561351528530698,1,0,1
0.90371836104992,0.24801733295180273,,1.3597093096557433,-1.1127934486495246,0.670656802471753,-0.5440839245916782,-1.2686737418511491,1.3386779742330543,-0.33821032459800765,0,0,0
,0.3214269003473449,2.8617790040465234,-3.607761691527707,-2.5852179475841393,-0.41118271470088397,0.17223033790069087,0.20093028210040875,0.507879845068621,-1.0046659067509403,0,0,0
0.8910786773973972,-2.2423390427852934,-1.746100659134103,0.7179005907140866,-4.9609548766797715,-2.316656364744138,-0.8227431766045048,-0.7184471177038072,0.34819882846444833,0.495812109576527,0,1,1
4.776225897172915,-2.7929720636777855,-1.2917281728152172,-2.705057974280314,0.2678291307573957,-0.12803933816019708,1.8999004575623655,1.280947382366819,0.20444517052317407,2.6234046505639235,0,0,0
-1.1970550048264106,1.4451787778362841,0.9284558872732651,-1.0005899626089074,2.163927716453377,-3.2799228542769634,2.6514094002494883,4.207968400808159,2.706687940975501,3.4426005475607773,0,1,1
4.453623076269387,0.08368785359119202,-0.9229295289548509,-2.6540961873708593,-1.0458289528509168,0.08921229455082358,3.3069952811377554,1.1204774995328557,-1.3383418253219395,2.913618474879938,0,1,0
-0.8498759251174026,1.7577216803794395,,1.9532729214024285,-0.7836268605001855,,0.269309647980426,2.2218594864507253,0.5646507215035573,6.030878627116204,1,0,0
0.8176863130545542,,1.2630177873471695,-2.8945711329130135,-1.604123438360588,-0.541663258900361,0.5697538253233777,0.5533885027521992,-0.23379136759971708,0.25093855861793524,0,1,1
0.8420688603779013,0.3488333306330803,3.2515848234144773,-4.248768326060281,-2.3794622185981806,-0.11533596470022367,0.6302980809949432,3.278633479292994,-2.5188309549181844,0.9993230617236857,1,0,1
2.354711397744092,-0.3218834251773528,2.0786820062557965,-4.397201966670729,-3.2096596166830973,-1.0140745901393562,0.9859206373189755,-0.43419846674111584,-0.5852068969036013,-0.43893643811273925,0,0,1
,0.46185349009130783,-1.693867664964992,2.045747553949741,-1.8061170281376948,1.692883613148311,-1.067225184486244,-2.4165325776688245,0.05553874089166623,-1.1259030861580872,0,0,0
1.2821083914265121,-3.0968533002720826,0.23309441612060144,-3.2152430598013124,-0.2973360829770286,-3.5428375665399328,0.5001682767386098,-1.8856750144684713,-0.5472878832053729,1.0762648896195484,0,1,1
-1.3930323017088262,2.1063898970130936,1.1625016813883002,1.545965427691609,0.16415194454840676,-2.039939487054567,-0.7461165042154787,-0.13580319625329484,0.21403383781103172,-1.0624919102045807,1,0,1
-1.374173452371543,0.6451654298567697,1.7908728190178724,-1.8827351990420025,-0.6525845734620059,-1.849409525951097,0.6776535631595386,1.7949890104753337,-0.0781699361357932,0.7387509593125213,0,1,1
0.5130429233658149,-1.4727021543100283,1.2797488394362913,-4.123437422056441,-1.705980408510187,1.222373835532744,0.9911425337351533,0.2424498764498082,0.7769218547601916,0.1354430038374022,0,0,0
-0.335283474517337,-1.5837012580882355,-1.0918604761883053,-0.2759414393787519,-2.6031321288659584,,-1.3094343072604442,-4.90847345755385,-1.2688725926057791,-2.9392841046417537,0,1,1
0.4342071778618859,-1.0648915491719502,0.3472295232239927,-3.5792039229994725,-0.6816448923404926,-0.4053212720436541,2.269645301452006,1.1378105902503588,0.9961047893171002,1.8236177797905238,0,1,0
-1.6432690345702778,0.5567473593631125,0.361752355252265,-0.7602669351416378,-0.2524220060096045,-1.8363546156803203,1.0156319474765532,2.4288000920096415,-0.3646420541171327,2.0596687240554266,1,1,0
0.4869847076588633,0.7444784238236426,0.7372575056222219,1.1797017149640492,-1.5485384385732446,-2.088004844955181,-1.7654032260558927,1.5177612591380103,0.6739443903503098,0.13879672836952023,1,0,1
-0.4193130309844765,,-0.8563880749544923,1.7998237499708132,-1.8494794695066497,0.3344845598873565,0.3770785047176666,0.6549524729085023,-0.4986850239363795,1.11336861061068,1,1,0
-0.4055326917624579,-2.580015750781673,-1.925134441388716,1.3374204405384729,-1.125467921680979,-1.4986617525947765,-2.0716372981913587,-1.800004448307472,0.08857812941673526,-0.6331639685137279,0,1,0
0.6549797939138383,1.593632877619335,0.3639064589293095,1.186711845505053,-0.8708239049979305,-0.8316276145332725,-0.48444997897009157,2.688772426928515,1.67818537889891,1.4567716557549937,1,1,0
-0.800840916162789,-0.5513589407757082,-0.761730903170972,-0.05087336749733105,-0.8521449617126291,-0.36819000272110636,-0.037565499510881395,-1.4649646750919447,1.5645812410574145,-5.322822296081611,0,0,0
2.1511640414257696,0.9203951450267949,1.4617920165503335,-1.8660480750968331,-1.2234901266075366,-2.9053444467590346,1.0463363591451698,1.4594720541384247,1.8062822963825986,1.018278193144351,0,1,1
6.296970658345344,-2.9823272126519775,0.7767604807625355,-2.9383820399491882,-0.9800906964131867,-0.9482339274671443,-0.5138409894150331,0.5094468711773361,-1.7478845946618555,0.10450274770236055,0,1,1
,-0.23899549618524896,-3.385491753759951,1.9053463856898873,-1.3700851096560938,0.740467517540101,0.44684303072274134,-0.9549838486505294,-0.5514328123964021,1.5648813250971876,0,1,1
0.9969574815226198,0.1470556950032964,0.31553571273119974,0.42488185857829636,-1.0039320264445406,8.922393764678358,,2.7889829207327628,-0.5046045954849743,1.419270941300772,1,0,1
0.07123139745901451,-1.023544829505732,325.9537699029866,-3.31885338336245,4.709964953796498,-2.4035485470010665,0.256214588915905,0.8874849925724635,-0.9041388431014801,0.03663864752766344,0,1,1
0.9242969323081122,-0.8749222278909575,0.28213498114096147,0.7901728589443068,-7.314891791752302,-0.055764957198943255,-2.6063327890648944,-3.0357421066804564,-1.3007118005919829,-3.108779512973065,0,0,0
-1.498281809324653,1.265517494934307,-2.066370017142442,,-0.6913663995211454,-1.2653114378672767,0.8172482596452338,2.149680508446348,2.339996321932448,3.0757657018741917,1,0,0
-0.4903284443426062,-1.5603232826746385,-0.972927549603103,-0.6865792397777202,-2.134663737628294,-1.031705047159479,-0.5461182082412515,-3.022272895185058,-0.11599872616058583,-1.2532250233858435,0,1,1
-2.216877677335556,0.8815203845973891,1.652331108511155,0.5756830333594407,-0.9401699487033677,-1.2252996450388618,-1.7863752273919848,-0.5912970647263174,-0.07750118878771532,-1.9588365392389189,1,0,0
0.20149232313327434,,-1.0187246840666564,1.196950827049625,-0.08080097053488988,-1.2745765092701238,-1.0441138530199663,-2.871323550475161,1.2867988527259013,0.028604908417488795,0,0,0
-0.6324441920639787,-1.63397278520392,-1.573682108083621,1.8379514326651805,-1.1848378961447714,-0.5121524407697954,-2.262391779584952,-2.164633026525122,0.18661482607356927,-1.3086933387411692,0,0,1
0.7579230340112385,1.951626644207358,1.6232770595714758,0.9446190925636182,-0.2335992045081594,-2.3046985884139954,-0.8875394995182515,-1.6297417938071215,0.1697564295368713,-2.295478399468254,1,1,0
1.0625720057333625,,0.903483450145977,-3.4469388924618856,-2.721878149753402,0.796482989303668,0.720863951758079,-0.3873761770344817,0.5893696072695719,-0.07107936947419582,0,0,1
0.21209304417609687,2.4123198272415527,1.01828530428136,1.3309742124125075,-1.9521129563320072,-1.3924806094120767,-1.0321064662227426,1.5929651854576918,-0.017860700974917706,0.24511300436523242,1,0,1
0.39589810694336847,-0.8988451638125494,,1.8327461982067867,-1.6954590924154205,-0.5436416404661344,-1.9759983129902212,-1.384812760420632,1.3843117530307858,-0.7138970494120916,0,0,1
0.15497201855647263,1.4671919668007272,0.09250701145642104,0.23394385176232066,0.018606447252203173,-0.9725753931524559,1.0145359415852933,1.2511405185654993,0.7672246274532887,,1,0,0
1.1868930775958975,-1.3564837569091661,1.732129056827504,-4.401495967849052,-3.1124924846019417,0.251546088792175,0.3932073785187512,-0.702891905978487,1.3451846553462978,-0.7566541518353858,0,0,1
-0.6144154802612122,-0.9744480715079049,-1.4401380633873022,1.8021872503768228,-1.7492592302791645,0.4059246737465696,0.9030769861904755,-2.9408053703121886,-0.16913496067196493,-1.902785078409604,0,1,1
-1.1659200029569607,-1.6108947649567016,-5.873225070469738,-0.050254776614136416,-0.5878638456756453,-0.5753046182595907,0.03022862016221306,3.045805725484482,-0.6874766264035254,-0.2934486841635577,0,0,0
,2.471836820126909,-0.6739619996024182,4.555660332737483,-1.5904285396273878,-2.817321136220669,-2.4298625492168027,1.0256930569521896,-0.12019834358743646,0.22924851764611046,1,0,1
0.8977215684594247,1.8722134692078742,-0.9095357754680835,0.44902080279540485,-1.926196154725213,-2.1742504909750484,1.3652361809532665,0.7831191346782871,0.9293115872076053,1.9790711485325538,1,0,0
,1.157573422719664,-0.7110694709219014,0.832193318056406,111.21455369444615,0.304025794629041,-10.413826962136268,,2.1284677685016002,3.3273930330511794,1,1,1
0.9502416517170968,-0.9352011808646146,3.731692706715081,-3.5999275339795807,-2.216683883436885,-2.9330376516477834,-1.3610528622431977,0.3497121353409931,-0.3457039056270759,-1.8233084636279593,0,0,0
3.9794118610410267,0.1697973813064495,1.7428006216669227,-1.444093908224224,2.5834085276521,-2.68749727569573,1.2991088468293939,1.1533736445876936,0.26532805499989953,0.3013721396387991,1,1,0
-0.5834935934697638,-0.0023788140221029375,-0.09267860333758848,,-1.9153116571773212,-0.07421512855773138,-1.0275105776293283,,-1.183617663196396,-1.2672919696348275,0,1,0
0.13916846173262085,-0.5796149771563817,1.2595497581146744,-2.6778811681869694,-1.0168832294046761,-1.58147375172154,0.8053962358047826,1.173795113429199,-0.710282037151078,0.7853409076457349,0,1,0
1.8856687850553053,-1.5293952987669317,-1.241518043418731,-0.06096754178285117,-0.32703091477394164,-1.6269216148074537,-0.5380343530422005,-0.33070265520087483,-1.8369831612251455,0.21914351315022212,0,1,1
-0.3012191440531824,1.015726361200223,2.1145179133316443,-2.086132845948334,-0.891742025857874,-2.415013742782042,0.8289333197402817,1.8120492443714071,-0.3389276313491429,0.6986994426196796,0,0,0
-2.0198498527638407,0.4848261197485324,-1.0441968827084485,0.7343197730715652,1.2250665862963543,-1.1956222405652823,1.2442116641309908,-1.2267613600182075,-2.3356998196073318,0.23952134828721836,1,0,1
1.7338831383786082,-2.1454441085149476,0.13773156237425876,-1.3593418481280721,-0.0664116090043868,-2.3600409067006423,-0.40375346895927533,-2.1818882062636336,1.2773740385132224,-1.349290922313083,0,1,0
-1.2590027269681512,-1.2325117086748922,-0.005492529314400585,-2.556866928345978,-0.7511886809045087,-0.9867210543137783,1.4278432154825462,1.0812681954448262,,1.6652796768614768,0,1,1
0.04883112480840971,1.1797708417934976,-0.6548124152227637,0.774860392377798,-1.2324178794519578,0.874599305597203,0.22386735130091306,0.13658017854006776,-0.9334212667102668,0.5567784665791804,0,1,0
0.9583327146851411,-0.41636761847422454,-0.18940858470038768,-2.737910233711002,-0.1629382973753838,0.0736736716839157,2.6544238226388828,1.674335705164068,-1.2825566930052876,2.4982894738070227,0,0,1
1.177570414149464,0.06862610311455575,-1.1169269899222107,0.5422114423437339,1.7708649439343458,-1.8943607553148,1.5547403450244546,2.2618259210829974,0.9127268131198087,2.782639156229652,1,0,0
-1.1613468707172474,0.4727287619727947,-1.5771498256900833,3.3674469951283186,-0.586764216647971,-0.5777391193175463,-1.724112295750826,1.6946413325804106,-0.9692799797387972,1.306234314366786,1,0,0
0.9314695195539889,-0.7875839221147063,-2.3779489094196906,0.8616431850586861,-1.6016123811166978,0.1651845035486308,0.02487636363391954,-1.5775012418083791,,0.5191494446094636,0,0,0
0.07280179436230931,-1.150874293583613,-0.4021966998208275,-2.2678548281709983,-0.47396031566750274,-0.36495129891872147,1.6531233590676253,1.265287995265075,1.710808544114316,2.0121554025512123,0,0,1
0.7845272604756386,-2.3901251806289663,1.2901516412491105,,-1.9639082741947647,-0.2925871855020796,-0.10785219820586978,-0.1426324041168614,-0.567195151015101,-0.3988881709606308,0,0,0
0.6546419928245036,-0.6486217027775965,0.3988093619357148,-2.7483411516059086,-2.1795268224807076,0.7408060585271683,0.9432537506470264,0.14016366323612917,-0.39669617996520684,0.5788613716053126,0,1,0
-1.5881299259955441,-2.443284149850646,-3.1661503594042015,3.585953249078972,2.7729061694690955,-1.7115755258532355,1.0398623716292608,0.6853756867006362,2.141982640147936,2.4431299248327742,1,0,0
1.0008030433825523,0.21565824388789423,1.7979082947975624,-0.5934929149684527,-0.6424522762634763,-0.119344591482059,-1.2528917922574667,-1.2756587819271816,-0.7093589096424198,-2.3444982055252304,1,1,0
-1.357632444948907,-0.3546230792976761,-1.4505648981199484,1.133818028086225,,0.7572315159436038,-1.200366829875828,-2.263947243989118,-0.1267892516659413,-0.9993094145051628,0,0,1
-0.17292658300140687,0.848405936570912,1.4715957575006455,1.5221445035655916,0.5378023691590728,,-1.9771648202048409,0.14344573668179217,,-1.6535473727677312,1,0,0
0.5664654841095343,-3.1808314044958257,,-3.416917723589828,-0.1969155028814471,-0.8113068741450109,0.5541490015347285,0.9912567794686433,0.2745361875832817,1.045582885930901,0,1,1
-0.5446962871197124,0.9734294960203519,-1.5197123695662176,2.1569047015022647,1.6824522985410215,-1.4442639993153734,0.8428191086265366,-1.5316553835130686,1.2905109976279934,0.03881776368594412,1,1,0
-1.5331745953623346,-3.2475712278106736,,-2.7417102228333885,-0.05512029501890603,-0.7297961082290729,0.7906993489825739,1.0573252828613044,-1.7415696502511249,1.7090859959699953,0,1,0
-0.7312129895363679,2.304506244255242,-0.16842454483004077,1.3227672918003068,-2.372624007603865,-1.930630645419376,-0.08612969243496715,1.7910472030241884,0.8403421802267712,1.5820796180609864,1,0,1
-0.29476407422553264,-0.7773394886959926,-0.6195847809203257,1.15355638528816,,-2.7051718213410436,0.30169153017386574,-0.3184462694556687,-0.9872492320322136,0.15242776115207352,1,1,0
1.2647695267749652,-0.6387521555274001,2.8191814570655427,-4.445236865351956,1.4901554869545257,,2.5589641384136934,2.5715882222605497,-0.321169399043682,1.4411202059401635,1,0,1
2.123320513281019,1.9436047828456329,0.34337097190605204,-0.41052133526081036,-0.7835987230494402,-0.16754209222006256,1.425169995786983,1.0887889661995418,-0.5043508539402574,1.1808936928040294,0,0,0
0.969767778003491,2.675224644352486,0.5252234308413105,1.9902875546239842,-2.2531144010425317,-1.281313149117129,-1.1528818925387594,1.6714478237278358,1.0480836645718858,0.5250736294698345,1,0,1
-1.1145072680940693,1.8206887006528731,-2.535205641352656,0.691808023274411,0.11442899067479573,-3.732343054005036,3.7606185533507106,4.7492585019609574,-1.5821751114432072,6.51538429462054,1,1,0
-0.4154504830387495,-0.6409946326814056,3.3293603443369624,-4.447085595362962,-2.589123246770385,-3.015511195927796,-0.0005846340075916778,0.13166129664038517,-1.336331889215445,-1.082733677161794,0,0,1
-0.6976911440462046,0.13493067777920797,1.9580935760512381,-1.8832491506850628,-0.6256174057960527,-0.6586652833769897,-0.04557849391472868,0.0866947606838473,11.623092616147291,-0.908849134500044,1,0,0
-0.2574305241108466,-1.0686359920289394,-2.2192107170530475,1.4720524519853755,-0.5635082624481456,-1.515430664137964,-0.36618133155232124,0.27300244589705613,-1.0115702757043907,1.5263809605074559,0,0,1
-1.548088389692493,-1.8493239916761781,-3.7667037653541886,2.513103330411847,0.12265612632492395,-1.085338218978553,-1.2502201005482747,-1.6491143027581858,-0.35148363616116995,0.8767347632792122,0,1,1
-1.7985004951846741,-1.8601515556376427,-0.603238541891113,-2.191738751286112,0.3269624657083636,-0.8655637018676987,1.5710449602922942,1.6588942245675355,,2.3382685843373006,0,0,0
0.6335727440817172,1.9588892231005273,,0.7135252620370269,2.130013792861406,-2.9072422466122756,4.2856644129642,0.4065448555244948,0.4877860175108979,3.360035499006331,1,1,0
0.8431503725964913,0.9674796367338312,4.337570691504929,-5.552281755109987,-2.487668766610792,0.9658913330524133,1.231218748256814,0.5279451889707021,0.20862728048564805,-1.2940132749441726,1,0,1
0.2289274027027541,0.11901362833431306,3.6932908855207134,-3.957526606001847,2.3019536724964706,1.5217027877669573,-0.13553804618848397,3.666172963418981,-1.4636872101675165,0.4398394835644289,1,0,1
-0.2849308186431779,-0.09250857197818363,-1.5534927253246185,1.835854997426705,-2.1822056565807713,-4.676973585758734,-1.4673812393493226,-1.6423119084166955,1.100391824055466,-0.6492039478031719,0,0,0
-0.981609264444058,1.9063373785157243,-2.2460479004139833,2.46092660512525,-0.3479139125897255,-1.7815175620918802,2.0051679229086385,2.825816484888802,2.422555574595944,4.132906640772947,1,1,0
-0.897930893380057,-1.2499100489066075,-1.3221783289447817,-2.9357599168380126,1.2957964500257244,,3.849300942183803,2.441893599054313,0.6306798620978803,3.9889492991219138,0,1,1
-1.9507673273715016,1.5430887549662766,-1.5851547386755431,0.6164816507523245,-0.0018995294158916654,-3.8928585696946225,2.573448428011875,2.1475931071261956,-0.8291000521161067,3.7483970330495278,1,0,0
-0.13987035877271356,0.4317269195347512,,-0.5135656111119109,,-1.4130756278026488,-2.277986149002964,-1.5198884990107029,0.1965119260012147,-3.10819491559129,1,1,0
0.4647952694439655,-0.5372351362205583,0.15813430807908913,-0.8464265815434187,-0.9296769229434257,-0.5042062842448893,-0.1412171439866582,-2.357826922762529,1.231694300434006,-1.5254271972234277,0,1,1
-0.5242284481045876,,2.5555137016759586,-2.546160232001727,-1.1277243742927974,-2.4217234715469393,-1.0277130397329102,1.018112777310378,0.3363218096216861,-0.750946272947657,0,0,1
0.38552712684177964,-0.21470465324156096,-1.828210501748603,1.5686916371721145,-2.03141772254635,0.6275483422941066,-1.0183157488870238,-2.640739482386241,-0.2700119874512021,-1.0044776450412645,0,1,1
-1.4250325069036731,-1.3376173000976612,-2.6926799133697523,1.313467242083855,-2.9277114686414687,-0.486496982729955,-1.1523311928192557,-3.2207477493244574,-1.4467906538298647,-0.67807364895346,0,0,0
-0.431765488993373,0.3188370459777965,0.16267386877629852,-2.5693980326850685,-1.888552204982885,-0.3503641365646427,2.021757991693084,0.6021159042132318,-1.6633867113595329,1.509118937183211,0,1,1
-0.6757115301586923,-0.7952005165357867,-0.1956516969660207,-2.2892336755770617,-1.4876979296009796,0.10493259778207165,1.2812086381707104,0.5553109274399686,,1.3173370083367855,0,0,0
1.0755000211306371,,0.7726386307656667,-1.8759419657820384,-0.16838077214895408,-1.416028985558908,2.9936260575724525,3.6134451270345176,0.12155008278515436,3.3911810201931485,1,0,1
0.36661224429402106,0.030897636324468625,1.8176541993623807,-2.2950385270316396,-1.4855243188161265,-0.7063297810846869,0.12292255855028777,1.9530782635395267,0.7713944348903161,0.624071280227511,1,1,0
-0.8241816697081393,-2.033276425131983,-0.015045254411530262,-2.665544995463804,1.306089937882141,-1.051790041583243,1.7988497620399513,2.4119310638016387,-0.15717849993016805,2.522975242276492,0,0,0
0.8535918789875214,1.409667066044059,-2.4573554642222364,0.18399575341355812,-2.9220524012371234,0.39672885247315515,2.078864975727815,,-0.38269514108280356,1.978504181140364,0,1,0
0.7840955963724985,1.2412026879177183,0.32155153246737844,4.185004387754153,0.8626903552224596,-1.7921445426442073,-3.1235058153023942,-1.126143190943615,-0.06040613221613558,-2.393710197506777,0,1,1
0.14634092374917987,-1.026157130955103,-0.8029191785476844,0.08983561508571719,-0.5215145993707138,0.2907824547625133,-0.48472102560561603,-2.562085089291064,0.9973506565515259,-1.3832648124412978,0,1,1
-1.6106942949172454,-1.6606198481456633,-2.104308948346505,0.3756723688610692,-3.2831876656924535,-0.4983126830645551,-1.2060429521255065,-4.51022972233536,,-1.8205147200305523,1,1,0
1.3782298466701495,-1.108110832525997,-0.019321701044060724,-2.0878774277258767,-1.493810041241658,-0.1377344806625035,0.6556023574037481,0.5169925834425804,1.0532871339523997,0.9504445893239168,0,1,0
-0.4217690877659065,-0.9936792434495775,-0.7033563093957247,2.2293670039777735,0.8448848258372579,-0.8416987856496561,-2.0262458515751884,0.21959471130147556,-0.054424300371305634,-0.3666528589409811,0,1,1
-1.1763818545155131,-1.1329859016161743,-0.9310859584087644,0.524296425483286,-2.3366637787184823,-0.9679385963135463,-1.5583338569881298,-2.2367013312477875,-0.654220261327759,-1.2266192473559494,0,0,1
0.17554224383514822,-0.7706000712947642,2.242984984118271,-2.042216736033499,-0.6880524570205705,-3.290524229971204,-0.6810419648072126,1.517808303403709,0.8755050498444104,-0.08776101151320605,0,1,0
-0.06928112032913199,0.3586659809713294,3.865712401045471,-3.6456157818480412,-3.4872704281238955,0.4101581880262253,-1.1635326576750176,,-0.320845894335097,-1.570281540127593,1,0,1
,0.3058977264040349,0.14889617118994458,0.5450244467733124,0.37153431647671964,-0.6322854202679207,-0.17734099729326736,2.460077113238059,1.1184694114433438,1.4717460293312308,1,0,1
0.14055640320674964,-0.6053000924877361,1.994880482729831,-4.013540893993811,-2.707091102375455,-0.7902063767187855,0.6346666323868309,2.377381981215003,0.34298296736631834,-0.44304780040885666,0,1,0
-1.3066793306447917,-1.5440188513927715,-1.2613039441017753,0.37850086827405177,-0.4224827695532174,-0.6345673083543636,-0.6186803429885162,-1.389492303260558,0.49444092349360613,-0.2983766421814513,0,1,0
-0.7645978705554142,-0.49227539759247874,3.472102182024724,-4.527917096963236,-1.671605930090001,0.9672305068002194,0.20478844329074875,2.9228866142089602,0.13901318105897514,0.3094391343940422,1,1,0
-1.2544010597275013,-3.7230624358893665,0.4547702361757222,-3.71484496422843,-1.3638296616187686,1.2494770634194157,-0.3755316527091941,-0.1533390021374148,-0.6655338670086792,-0.19486634588995172,0,0,1
0.6951645831510663,1.850577367497091,-0.48865786408773115,0.21248960146172735,0.8075217898615156,,,1.765107894201886,0.015353451755977077,,1,0,1
0.33555585463959803,2.5260524722867017,1.1954007323358788,2.264307851237912,-1.1235072231256453,-0.7108758175886167,-1.8364699179028068,-3.810041053954472,-2.191985298524414,-1.6568064527771642,1,0,1
-1.6128509347641686,2.667207916268855,1.614929593424375,-0.2921147960857285,,0.24395492850472822,0.23486643509106875,1.7823536607631203,,-6.481121372905687,1,0,0
,,-8.885643952227564,1.464236726375879,-0.9160652505445624,-2.467390507438589,-2.896849699985053,-0.8881404055326787,0.7920601020793422,-1.0073145934546395,0,0,0
-2.78728892535578,0.21380439938772533,2.023732971536738,-0.39786965599824653,0.7829839953336861,0.4671991510084035,-1.0744218977132867,0.3866342879176108,-0.19904928260845492,-1.51513938334845,1,1,0
0.9846766948245461,6.068079483480497,-2.7305245460869125,,1.9191111963195553,-1.5892201528330165,0.8392933016682618,-1.2891651291696662,1.3255225693540593,0.8763834143686803,1,0,0
-0.9218586799275783,0.49659542334839935,1.046147934575684,-1.1802857826392843,1.422511172205331,-2.2862248384842934,1.4119531863021997,-0.18700135511698068,0.9383913340595865,-0.06619260236420052,1,0,1
0.3974339738557521,-0.3933533067416197,1.9396104209760625,-0.42439995290592664,-1.743687502111735,0.45259979761836067,-2.518553853830623,1.3065137214464078,-0.9946514299712064,-1.138426176035148,1,0,1
-0.8811530623462598,-2.3164295016503713,1.171452320540724,-2.054736649693703,-0.4763851700638747,-2.258428268892972,,1.0863174636962414,0.2813565375383702,,0,1,1
-0.9561680602506695,0.38518892913439995,0.7469244715945345,1.0254773648960838,-0.5210847935592704,-1.3846245634658216,-1.569566024487702,0.31620652069943767,-0.8826788221605966,-0.7570255566843503,1,0,0
-0.041679778129414556,1.772117033361814,-2.0384064108141056,0.8045085519022412,1.648775678195601,-2.9955614541173494,3.648517948335026,2.5450791819842724,-1.7547584182762586,4.443811558839335,1,1,1
-0.007774944452975179,-0.5166369010134579,0.9843712461351102,0.3845910184981955,-0.28279276232170114,-1.1817582427439393,-1.823032945404091,-0.415337031303438,-1.6123681180904839,-1.4817329845736822,0,1,0
-0.6719761533534957,-1.946959778405494,-0.11369031467934976,-2.6759272252868986,,-0.27691087721180796,0.9329398441250678,0.7810698412537127,0.9211890378245602,1.300009632740019,0,0,1
-0.9408535295821812,-1.3033863070777074,-1.236560653606936,0.623049177277205,-1.0478228985346145,-1.626160593051086,-0.8610773337060627,,-0.507345195984036,0.175968217074807,0,0,0
1.379111403168567,-0.002649013394434352,-0.8977138497452835,1.9446524202094346,1.4629903587214848,-1.1821879940369002,-0.4036315443279672,0.9178008158834227,-2.3141639826724685,-3.3997277117836324,1,1,1
-0.5465211607085788,-1.6795579078819718,0.6746230788069905,-0.6929836589779599,-1.2145965465213697,-1.7110310775566744,,-1.8714670954704749,0.01949402327685635,-2.0050832288123814,0,1,1
-0.671373519459885,-0.12227515220681373,1.106045038672541,-2.37145526634411,-0.7524200938269143,-0.223392440195871,1.0511141323461626,,-0.7137994661386983,1.6050531963792392,1,1,0
1.1151302518328152,0.6857245007185566,-1.2216332590154095,1.716457313747968,2.0799919115310996,-0.9299101270653125,0.93186759062359,-0.2601824479036212,1.4094494831021676,0.6887500015468722,1,0,0
0.17165376996889647,0.9779242004557691,-0.8584639443571798,-0.52152102455552,-1.8933580677512394,1.9483597474201515,1.152811090156498,-2.6774284388938936,1.8540238004386018,-0.7837906320563358,0,1,1
0.003773856555206271,-0.46867839545968015,0.7346577420642038,-3.2825900186212893,-3.0288604550576985,-0.2344421881792651,1.0265739389114144,-0.406804009376458,0.244241052860572,0.254617516667292,0,1,1
1.1644646925122124,-2.1226659374344425,1.7905824173176526,-3.486381250542304,-0.09521801094191917,-1.7350842846179055,0.2551846568834616,1.514842073672432,-0.15818937982219936,0.4677561219371777,0,1,0
0.31509094321570386,,1.3140344831446635,1.0639195352348074,-2.853905848152096,0.03393413714707094,-2.3496558305781194,1.4847804308045607,4.859875406707614,-0.5409060247463487,1,1,0
1.0068835786822459,-0.802620089412077,-2.551133803188419,0.9522901611211055,-3.0988168843712356,0.8615031746149868,-0.672172318798291,-3.9002123383434664,-1.0457172739623284,-1.1277556613332789,0,1,0
-1.087067512934918,-0.16935082415376812,-0.12603509206101227,-2.9109351062291853,-0.6835908487968669,-1.1551104843801332,2.8519630768655073,1.3995000339203718,-0.01602499041361854,2.534075159228348,0,1,1
-0.0909208031237956,2.374888180147159,-3.16431383277174,3.6141722055389103,,-0.718696278267489,1.9562964662094762,-0.9908702470514885,,1.6877032486890169,1,0,1
-0.7234372231630879,-0.5962923157086675,2.288508012988517,-2.024475216713246,0.7675803028197581,,,1.7483155132191386,-3.1992646452121782,-0.15967989853352932,1,0,0
0.05860393952571911,-2.3215255130242065,0.4407300209784676,-1.9799723260541473,-0.06415405473188629,-2.206066314484931,-0.11200046946386788,1.426817324408162,1.1289065958772229,1.036199058693707,0,0,0
,0.2722946191432738,-1.570742281452868,-0.7545815808362281,,,1.1188334332096792,-3.8601567969696147,1.0135261350909857,-0.986841996463065,0,0,1
,-0.3743774951419956,-0.38348857000547754,0.33901356119093246,0.5940819420670456,-1.9161676953306808,0.1707733406982439,1.7994078082029452,,1.618798240857367,1,0,1
-0.47818669723369966,-1.7325506598182074,-1.1673262538340614,1.4608254400736853,0.42716430536025984,1.4466741533322236,-1.5559344571649953,-0.01228142155486267,-0.003175856767131344,0.08101594633620465,0,1,0
0.43185549346161606,0.4453876341251789,-0.16842819900958195,2.722816572892791,1.9855971561785828,-2.3635927562006795,-1.300407475102711,,-0.5746029215340153,-1.7022845228621204,1,0,1
-0.3030418209470751,0.7875412960224307,-2.181215432378284,3.4332559352451284,1.4735580558264492,-0.3251849210356451,-0.13731289545999092,-0.11800701454436502,,0.8375204057990674,1,0,1
0.13292846482750106,0.527340761989813,2.2020208341577736,-2.942529530910595,-2.052206613043869,-0.6038250223219179,0.7079649239898642,0.9105598812819246,0.4814953205671245,-0.03275985236345906,0,0,1
0.5578630298876143,0.17628293998030276,-0.662626488620826,1.911395419569177,1.0895586648884072,,-0.5994034830952707,0.7074151741440389,-2.225377956905714,0.5279144477490018,1,1,0
0.2868638428193504,-3.3888478907262622,0.7327953896342563,-3.5993631570605364,-2.0013816527397577,-1.1348451257931136,-0.5654269731575894,-0.3447614031763415,1.3252636031273886,-0.2859383930487269,0,0,0
0.205960716209084,0.012569478992483951,-3.4762753163737594,1.790929918539658,-2.7026061685202305,-0.0031514795882384705,0.36399470581935933,-0.7979096021894244,1.7441681361472945,1.9092915606726428,0,0,0
-0.4143797657075555,2.1695314380572244,1.7225583095044539,1.119064201159074,-2.8214611239920524,-0.4298331525349234,-2.1719888317448266,0.8007819113583363,-1.7097678073296625,-1.1557669505989092,1,0,1
-0.17059266479006882,0.1695569687907379,2.3279949330588927,-2.704183879063191,-1.5930513616784183,-1.4859140993721454,0.1590338223371235,0.983507370941179,0.40741803465197535,-0.2152279444690655,0,0,1
0.9916463782608022,-2.3107450882283356,-1.1039828143083534,-2.8667493616353013,0.412051827627125,-0.5005420407805624,2.38838620266365,,0.6010529350741034,2.933807438092568,0,0,0
-1.0264341106358852,0.33081788531918566,1.8365097177328253,-2.437170327082065,-2.0577131256793324,-1.2263183304820535,0.26601960114197487,0.6385715397686409,,-0.09927498307320982,0,1,1
-0.6933299046018816,-2.5704220817811763,,0.4702097621695497,-0.5513443303024395,-2.618550071838646,-1.9999616633467159,-1.4749352568057157,-2.244181542168122,-1.0275386274949851,0,0,1
-0.6251657882890393,-1.1863987273417678,-1.056804750428828,1.376399960089374,-2.0870220573029052,,-2.202612863226678,-1.5565352113255275,-0.2798390758429393,-0.9862440988682564,0,1,0
-0.14967537401326075,-0.3968540111166654,-0.3780852742373302,-0.19011468663775427,-1.286672336840129,-2.2182329393145,-0.1110003017658936,0.5937426395178624,,0.9568240382973041,0,0,0
0.38364438496964126,-1.7823987993245252,1.0098264123999392,-3.5825274374158367,-1.774112223360633,-0.3734918387509436,0.5356695256734048,0.1878657139242389,-0.1194544012563351,0.21359165519699044,0,1,0
0.5323720112967234,-2.2713158697057816,4.8440979861048525,-5.353480726787051,-2.1252701598208623,-2.5816174558643596,-1.6265963182108965,3.950197131236883,0.3209357543208677,-0.09463612374445861,1,1,1
-0.3330029719863096,-0.9286205110217762,-1.9618296001792672,1.8257459245036272,,0.20681421033359748,-1.5032199137579334,-1.7363423383519032,-1.722554827880282,-0.5182987804497406,0,1,1
0.7345292184244875,1.2121202635771142,-0.7085296999305009,0.8765430397697458,0.03191374254706325,-2.4712029474993926,1.0206155895219529,0.4016047428072762,1.655042221468732,1.2663204145095281,1,0,0
-0.3877609228162241,0.02486113642992205,1.6375759586671812,-2.3612932385416343,-1.3626433667870954,-1.8212763236626754,0.4840921602543432,1.1249688436055183,-0.8777773064358103,0.4206479475045612,0,0,0
-1.0771668261585279,-0.5807745343679043,0.38425193369815736,-3.4279052686980718,-2.0187761979119925,,1.8271916212629309,0.24172767526705252,0.6633830488473854,1.0761993713344573,0,1,1
-98.1484048834852,-5.049992419941392,,-2.9151391380638954,1.184586059303773,-0.07263540639034483,0.6127048145278527,,-0.8635683597098927,2.125135560603353,0,0,0
-1.2849687463019543,0.481911777101776,,2.3585022373046054,-0.7507206546231373,-3.7648492920506964,-1.2625905751595115,1.1845515922236771,-0.5864172784885583,1.0495203802207465,1,0,0
-0.05229713757100654,0.12094912078173814,1.782491096182253,,-10.343842652396113,-2.23035406666102,0.3894404501824065,3.2638569434901803,-0.30837846923364687,1.5887289644099343,1,1,0
-1.3111438217869762,-2.0643383800029955,0.291906521082664,-1.663490459796755,-0.8016129115969186,-2.000587559380076,-0.42627274582157226,0.9136688411291533,0.8802141396241769,0.6902066622616309,0,1,0
-0.7201629036798193,-2.474738096580977,1.165259611101941,-3.888687173839293,-1.3690684939179445,2.173472160907939,0.30171933612008806,0.2926723240638128,0.07069702166483936,0.08719857087528562,0,1,1
1.4692134397269894,-1.042912698675593,-3.20717800481084,2.218647500948529,-1.5971738088058458,-2.744677229865658,-2.7836643905282843,1.643020426089473,0.777508667265898,3.195289690672489,0,0,0
1.6484126076944867,-0.9328210893469756,,1.4762040110930026,-2.831194951580331,-0.10463332764775979,-1.7188580883281854,-3.288498445785028,0.7554617138709632,-1.4819974440926578,0,1,0
-1.8564315499362027,-0.5174272503415505,,-2.6558414825113132,1.070397974546569,,3.255773133166954,2.6602592513247263,0.40388809474061865,3.485677515486433,0,1,1
,-1.674364869092276,-1.4391352070591878,-1.147732722474013,1.1082468845725253,-1.2020636059412255,1.8327074237469811,2.294740640520404,0.8405676977916716,3.259799472815959,0,1,1
-0.7942818471350348,-0.34612217753968944,-1.8982706077132236,2.6060422312155307,-2.1080688073950418,-0.7508654279929134,-1.999463104895829,-0.61177374647144,1.0949695696960795,0.08617869938511329,0,1,1
,2.44711429771589,4.716771751976947,-4.029382297466548,-4.575114069562962,1.3172565635855187,-0.34147891825508603,2.741141786369672,-0.022813694047922984,-0.6050614874523604,1,0,1
-1.462717335427299,-1.2282418846141423,-0.7650707370542523,0.15512211953944544,-0.07789131776739333,1.4636409356722249,-0.7105391928874238,-4.122165128451508,0.0863330187871626,-2.706033069098454,0,1,1
-1.1069170530152554,-0.27885364748150365,-0.08583943388796988,0.06169868375487516,-1.1066386325332704,-0.18372046362745886,-0.7137223979580276,-1.633125842015965,-0.043116545113752174,-1.193554862624012,0,1,0
-0.3677355832759664,2.988380318550099,4.059703448319731,-2.031976885806433,-2.2224657579132456,,-0.026541316323361208,1.4096185995450958,0.3956975066080047,-0.9730602260490216,0,0,0
-1.0573045875313134,-2.9948030192462185,-0.9610150799704896,0.4291601610146017,1.629560712295075,-2.754516340333173,-1.0680963972704562,0.6804063499240258,-0.1580940368591912,0.7389777842200663,0,1,0
0.7911536503642258,0.18437258603387896,-0.19991587128734456,-1.118368600771507,-1.6539263100046404,-0.9055210350792101,0.9061459838167327,0.8132800800220754,0.4567707777004593,1.3639208889165817,0,0,0
1.506167130884461,0.5263695591652386,-0.9397304293664122,1.9023653216654224,-1.0503036772655587,-2.929951030401199,-0.8259066293309294,-0.007665927397109806,1.8258406117317356,0.5006644459890336,1,0,0
-1.053636614046387,1.8416186696260017,0.6733722854567703,1.690943252632664,-2.0202206209995723,-1.9691166422872224,-1.5539155762445214,0.64406788042112,0.0655537251502785,,1,0,0
-0.6746205243566907,0.09541980647751824,-1.6364236013000892,0.39098619704344956,-1.2805678104366822,-1.5389388204505512,0.8822961155837181,1.1310201351077787,0.17057558147702223,2.3722655017438155,0,1,0
0.08208689962743151,-4.450474239821663,0.5425118548974512,-4.3017592267252756,-0.8017265154776857,-0.29299339804647595,-0.08133164586653963,8.389440472485193,-0.7802171481376415,0.23202302107504338,0,1,1
-0.5445411809550487,-1.233192301910428,-0.6034732350067551,-0.43542728340203357,0.17745255719470543,,0.1673431153620859,-0.350312426028363,0.6141476940377332,,0,0,1
-0.34039515671586396,-1.1818825734227314,1.7177271105895793,-0.9872349196635145,2.741080314623235,-0.9335535321615112,-0.39643231069069995,-0.2238206267730367,-0.7120406554180231,-1.4764888695503593,1,0,0
-0.3704277144696703,-1.2153062477140593,0.4244780274951051,-1.578550896257039,0.8433610327571446,-2.5573612436694653,0.8514310433465183,2.395331769727244,-0.8418843502853434,1.9723281096188878,0,0,1
0.29682710854588035,,2.6847897164282717,-2.5851841613071587,-1.4435530436926358,-2.3201334331101657,-0.33614991075881107,1.0794146150267057,-0.21328841338594717,-0.5068441401345221,0,1,1
0.3064563206495689,-1.6420775579164197,0.351425239651053,,,-0.2825488661672859,0.5224405594827265,0.48339400879170225,-0.2597473833983092,0.7047136789747234,0,1,0
-0.6998149436579741,0.024524572582210635,3.3590732133217047,-1.7377443967415838,0.2106935907014229,1.261351460430642,-1.4253946736329617,1.2500807495140718,-0.2561659062458337,-1.8173510025273845,1,1,0
-0.4147278813463268,-2.2730671933514355,-2.4266312632415117,1.5195838704826419,-0.7810593773620613,-3.5475713070785133,-1.1175950418969138,1.1446566197492696,0.31772670120959673,2.177495409181284,0,0,1
0.3363385616655311,0.6794863249866919,0.8420176191479796,0.6748624348317926,,-0.9968955346515318,-1.0305246050279573,1.5025880457226508,-0.476909927597322,0.17233900730129337,1,0,0
-0.8373820843495747,6.2052087429608935,4.304619156242272,-4.872685386304473,-3.6563059991582176,-2.6147593238184097,-1.6517556820301182,-0.8270348668607479,-0.3522173188974568,1.6797098511951423,0,0,0
0.33262078478103885,0.0006340874416574938,1.0118176920647712,-2.884993364393671,-0.625620482082725,0.23869179650039185,,1.5430434048757338,0.10173720583992668,1.3567688428178295,0,1,0
-0.3078959650384471,-1.2774326475644653,-0.4390329797873427,-2.077425914096399,-1.8785458614026638,0.44501468186009707,0.6900620225002578,0.1512525199736945,0.6940200870607419,0.9627589328983727,0,1,0
1.4050555856028935,-0.3277010804756797,,-2.500181887963346,0.969048549397888,-3.651619732456976,1.2427025076627056,2.898418414927038,1.370695988904976,1.6805295187131353,0,0,0
,0.3463291338905219,0.7216928686724648,-1.209970395095702,-0.07942303322975797,-1.6640753851772554,2.29070574038652,,0.4927193465670251,2.161956021924712,0,1,0
0.8105949731485923,0.9161038921861879,2.632855803077063,-2.1359753730916053,-0.27957648375542454,,0.5071054679798825,2.2065815603271153,-0.5689048530894247,3.8372548736430385,0,0,1
0.9390889436311305,-2.5014612650768857,-1.9724630158773113,2.774551560069922,0.23631340143815716,-2.268536857911271,-2.7478716091342696,0.4700166291993071,-0.5921141213350033,0.4855840410562192,0,0,0
1.9402542934819118,-0.7431962796974909,-3.416257067128919,1.3872899545381774,-3.074631997075176,-0.592384238498769,-0.03055851978930124,-1.3733080327938885,0.06351326128045882,1.4649541278471574,0,0,1
1.9737334427358522,0.962490601905386,1.2681899439819269,-2.8162549445681933,-0.8215526030494242,-0.5851673776071937,2.2409311083670564,1.6524510859048016,-0.16327838522830335,1.5386479819865027,0,0,0
-0.5377765558045478,0.8591791132611544,0.7799185682027896,-0.13800218087740088,-1.4319726690420957,-1.5351504495236754,-0.33431506391872834,1.647807329418182,0.023432127147405314,0.7897998438179972,1,0,0
0.7317184758621317,2.8396659528291806,-0.037433672003364116,4.205714009509391,-0.41731923144221617,-1.4306991259866169,-2.0556920607691405,,-0.5296301127017028,-1.6964145167485178,1,1,0
-1.206795886422005,0.6126423608826082,1.6670198621688428,,-0.7393787120506972,-1.1392047262987406,1.1435719977472165,1.5718934713104473,0.5805590584064954,0.821964906176035,1,0,1
1.8146734477127877,2.1628238159342983,1.228352163847738,1.9186641884818079,0.18603791885413545,-0.8191207683700769,-1.2986084916139444,-2.1375785947749932,0.08722989241942036,-2.8143703724974203,1,0,1
,-6.785189593423695,-0.6315762628915271,1.9618364975837652,-2.3617431025454523,-0.023401095143381845,-2.4882568403686465,-1.7460417185487682,-0.23652051540573635,-1.6545181127037543,0,1,1
1.3162472971612738,2.8745222426272417,1.608500677996167,-1.9154666500014859,-1.82934524792008,-1.7928237907639755,-0.5171192884993925,0.026265858535473696,1.6953634941799354,-0.5256493056570752,0,1,1
-0.45969814247392055,0.7911702950701172,1.1501255525662715,0.07690876579293596,0.8258409939162854,0.23159591997052575,-0.18681008049771375,0.7719666534216754,-0.2402568398344221,-0.3901586484576,1,1,0
-0.7022972131912357,-0.22020940732813632,0.5894810987413743,0.23132506254941063,-1.3348228487542515,-1.6479197379385897,-1.4426784614453008,-0.5073512966158142,0.5262858686819794,-0.9884044582413243,0,1,0
-0.48328339429758677,,-1.6907831803078688,0.6622612769596707,-2.612403411713859,0.6964252217633151,0.3734194747318764,-1.9460926320488874,1.4320096713686254,0.0302540364807462,0,1,1
-0.05162542410916941,1.213639020411715,0.29239269341293717,-0.25781339351228977,0.7625134130457936,-1.3898037633077702,,,-0.42981192283138003,1.7454607785545626,1,0,1
-0.11111271407271618,-0.2005408910131008,1.5607148960640438,-0.7527355058641944,,-1.839450713469898,-0.675722540954685,-0.07095950324410816,-0.31515830631527364,-1.06310693051602,1,0,0
0.15319314055807765,-1.659859565266212,2.2562238049190046,-3.0354010661083763,-2.8609715423369133,-1.8658046404415116,-6.017844631020697,-0.4606370532299038,1.38238274568994,-1.5775239048946004,0,0,1
0.935268755244199,-0.10598540124847555,-2.254617170285696,3.6512513992905427,4.434099902130045,-2.306606879846158,0.3298317690294086,-2.1069696390620156,-0.5331372677397601,-0.39005900867216714,1,0,0
1.5685339387093264,-1.1344971488173479,1.4480805971706552,-2.641380570575221,-0.04056803492893901,-3.303701085489672,,1.8428615228513023,-0.4191337935889047,1.1464575501923404,0,1,0
-1.603997614754958,1.1006637537321673,-1.8593634206199838,1.0650460442566305,-1.0451633358988566,0.5795375438157386,1.1462543964369605,0.5925223986786143,-0.8224073772721373,1.9604482180931713,0,1,1
1.7978387330904715,-0.6036126738854884,0.8786004732961779,-1.5930581929372407,-586.7953776011018,-1.1570864386096034,-0.028430851959411085,-2.0524423711973796,0.5764464926030052,-1.6113147242300885,0,1,0
1.1954064989229398,0.739718508418075,2.72955408605904,-2.6965357175831617,,0.49869646363701214,0.16067320091225645,2.1265966839404875,1.1151243154949684,0.09103381127992542,1,0,0
0.4683091756212118,-1.408158053172384,-1.6335088822625208,,-0.2650318429201036,-0.9307364050899696,-1.8111050704594476,-0.24230352470343064,0.21795817563740372,0.12130445054349076,0,1,1
,0.12884884066110058,-0.3547986187474985,1.0000481166130881,,-0.6753833578735227,-0.7604927741412439,-0.6259918619554522,1.118169414895207,-0.45650411403234115,0,0,0
0.8981238325812592,1.438816034874021,-2.5633132136179557,3.6921817573868037,1.9126459676172214,-0.02227179559942505,0.6603202789604785,-0.48345846345306787,0.7456358328028029,1.0394688786204929,1,0,1
-0.39199362478771504,-3.67000125218805,-1.490805660267339,-3.2437514303165793,0.5215214445701273,-0.4378826213963143,2.0557017661790344,1.2834290947786422,-0.8250118984061866,8.20102182911597,0,0,0
0.7789321805205109,-1.3569482043297665,-0.7056296860216255,0.9074770027649212,1.2937288324446437,-2.0650870921434072,-0.6186151605087334,,-0.025733794839247516,1.3696387318751206,0,0,0
1.5383949844382783,0.9272663776019519,-0.561254958775204,-0.051674962404908965,3.0881812914563667,-1.4538671840117539,2.810783244470361,0.11617368949310747,-0.12536698599750856,1.3415735771844035,1,1,0
0.687769163796706,-1.9572753248202492,-2.7073419298600534,1.0078210641136078,-4.421723862497005,-1.3005005221938104,-1.9528487171540112,,,-1.8847674469895404,0,0,0
-1.588084115044374,1.3128257145990596,1.6105452627460521,1.1412741572654157,-2.4762704822359582,-0.36536757840983447,-2.6927205450546046,-0.39508568059498095,-0.006664500390261396,,1,0,1
70.526039361387,0.08731206210208692,-0.5139862569583655,,0.6534885138138566,-1.8973040409121587,1.3680724318080115,1.9496307004335702,0.9027131482849698,2.2731327965998105,1,1,0
-0.753264211737142,0.017830210269948132,2.0748887912048968,-2.4645018699124592,-1.5266787619460613,-0.8027820897200326,-0.0009646363195121577,0.9066257130801257,1.104263067260668,-0.26143970626269153,0,0,0
-2.2182355303124166,1.0006990889254341,0.5413473099444943,1.9976933666019345,-0.6115374849885569,-1.7370564026897162,-1.878381450489634,0.21414255650699066,-0.01155267897655717,-0.8543875552198209,1,0,1
-0.5495445908100448,-3.2931371799750906,1.3337846143802756,-5.186882139518559,-3.3448120729464144,0.5822622981957009,-0.16498991333203672,-1.4387434356903879,-0.0809879094021674,-1.1499967559435291,0,0,1
-0.6504739994592169,0.6784419505478136,1.510008369437963,-3.7625836352193907,-1.9635411089944297,,2.2297631227794628,0.6736331309506032,1.2498210970536792,0.9054783476388657,0,1,0
-0.19703686027682768,2.196414560348329,1.9127295068759196,-0.020917863229701218,-1.2210540950685977,-0.43712991479135,,2.102975680568177,,0.20186628626952124,1,0,0
-0.48457654350506235,1.3416868744082344,-2.431261655904634,1.69184909316115,-3.493163265878129,1.2624998030610661,0.08787185640702644,-1.8371188574494068,-1.8604115021964944,0.40436617711710354,0,1,0
0.8990415328371245,-0.602749491794561,0.39470939562715923,-3.1576092963307127,0.755303238329134,-2.0485391623212372,2.9548535789843076,2.454426217643361,2.3970239182011865,,0,0,0
0.17078414760020774,1.3926964821805288,1.2654117047240125,0.6250661259015963,-0.6972216395927742,-0.3555376516936859,-0.9374041401857196,1.7814048938938312,-0.6108380022781855,0.08980458286198877,1,0,1
0.8502455193688858,1.9726186229685512,2.733664738623254,-1.6208950353494727,-3.4667076141778193,0.6610462245317932,-0.8023704680324351,,-0.4711130235913006,-0.2251612063971649,1,0,0
0.9899508544001078,,,-1.9664615822715596,-0.6786552086371874,,1.5182587259292828,1.8640915524144286,1.5253032920745915,1.4883138189590066,0,1,0
-0.873782887108324,-1.6925727827642068,0.5076472915453365,-4.79904301848699,1.5605727175731587,-2.3353299694770815,-2.316548965175695,1.306675110149952,-0.37706081718204426,-0.34932128512661187,0,0,0
-0.17833838749471878,-4.395287601320373,-3.368797653548051,1.5881144910047642,-0.9743621456775262,-2.708791894255002,-2.2814065577040314,-2.0013305731981674,0.25178524567549915,0.14990289260644085,0,1,1
0.3386251576366002,2.4068740606047117,1.247384644439376,1.0348570740529375,-3.104122483880711,-0.20251005859914817,-1.4960693249447294,3.1926933688789445,-1.0859363204038428,1.107058040064847,1,0,0
-0.03984542278078571,2.2356483151475137,-1.8790811974683173,2.6284053732606147,-1.3025236162151819,1.710731469137881,0.3409548040263647,2.645533026970025,-0.592332204854028,2.8263104295869845,1,1,0
-1.3840889920124233,0.12981002385510543,1.110319518169943,,-1.55763274414775,-1.8074815054337934,-1.460621437084083,0.22250029749301792,-0.7997979377203086,-0.7751756884894319,0,0,1
-1.9808538474953072,-0.1403282160221082,1.737026697495085,-1.5679142821228635,0.45485033422004517,0.4866985623355131,-0.0218999590106832,0.1550445798300476,-0.3638707984633129,-0.9588532799828028,1,1,0
0.8143398145678733,-0.8420028137632865,0.17758467411048462,-2.8313590228937247,0.059973135366574004,-2.4560963081917713,2.3501959323760673,1.8887493015650656,2.9971982917191387,2.530036943723574,0,1,1
0.25481921834699817,-1.0606528686815577,-1.2997811539257933,3.717583597029871,1.5097760002160792,-3.14722239687718,-2.465470209034457,4.110955276086835,1.7160759463985173,2.494452938088384,0,1,1
0.7850470229128118,0.38343460686390296,-0.8777562132216263,4.690939974816248,-0.3505987446376333,-2.0400361117724035,-3.667529845394321,0.47450276269332203,0.10895371727080708,-0.6875168855873431,1,1,0
0.8541996486128164,-1.9111742923962025,1.1987054396383323,-1.956217287150183,-0.5940453572154637,-0.6172872775836278,,1.1090193702578064,-0.23145221498765425,-0.06168634294832304,0,1,0
0.27737295155788194,-0.6006764484210445,-0.27601011030905986,-1.8379298719471913,0.2908470518064188,-1.7995393284819365,1.9503768067101732,-0.04253601782274585,-0.11424391410212563,1.1928084741137244,0,1,0
-0.182967040566501,1.6731526467210402,-2.233357997478988,3.247250726739097,1.7432065058830117,0.6815701183596821,0.8378826401549038,-1.5077929093682756,-1.2663586548464094,0.19463192729248027,1,0,1
0.4346107155489233,-0.0027950078426435265,-0.019596122678143812,,0.6969082295803595,-2.360897684027856,,0.30815902534365724,0.6488475406246502,0.17663936711817152,1,0,1
1.2363181797064053,0.8500482394331075,2.6860110707654408,-1.4917160340522406,0.030348795918798244,-1.9364268916782483,-0.12883061206800928,1.9167065067386955,0.32820896842876396,-0.14347717203565033,0,1,0
-0.5888015666195007,1.2871413623386598,-1.347422409161109,1.355746295755816,0.9966221946008023,-2.6901378493555628,,0.49249602048769947,1.4070992891611132,1.8510209319995767,1,0,0
-3.856375329240597,0.8442405821355315,-0.687357541138216,1.1835330886108586,1.7122063116802282,1.1222288514779248,0.8020881328495012,0.8682998181673931,1.0742732974201217,0.9416398569416659,1,1,0
2.191770332050811,-2.7246185058674017,-1.0070760823066403,-3.5582533253946185,-0.9014882322176917,1.489180861382243,1.9102617108534934,,2.561297776771106,1.8779397446460675,0,1,1
1.0430425268363819,0.017644019192287974,-0.36398407428417423,2.475751119795681,1.5531940076817992,-1.1887344231620702,,-0.8640805998739653,0.5958318645105473,-1.1911523037085416,1,0,1
0.6846249963118912,-0.3791841399907535,-3.3063320960070586,1.813392334099268,-3.717516564568043,1.5556238713306527,-0.813236458119487,-4.4052681202890795,-0.24390294860084202,-1.1260635944620534,0,0,0
-2.6096453221277445,-1.5911384952205987,-1.0789636327738674,-3.4556814260953903,-1.2615534899556835,0.02578430619923222,2.7902669004943395,0.4683317629177288,-0.599721845931381,2.4770516009100496,0,1,1
0.005785114826653559,-5.669469771277395,-1.5882787217776424,,-0.3467161128760885,1.3535112567694334,1.3764096362767382,0.010629342343852599,0.09011042923108632,1.8444670637793292,0,0,1
0.5605292848705127,-1.5115385558908478,2.37371760304129,-3.6056846018504696,-2.5632924247974116,-2.188265676359344,-0.7361521699239573,-0.13772236455484688,-0.9544040505751428,-1.0933221643011848,0,1,0
1.846603072081053,1.7391131928953678,0.7275732096517427,0.5123479824227912,-2.2647225773183672,-0.8253013574042773,-0.6194026574299816,2.3231355441769703,0.972052012923891,1.1234751881090983,1,0,1
-0.19861572287846402,0.4533439581803742,-1.119017659362232,1.4513676591529328,3.5926865199103877,-2.0856077695081803,1.6909999718540067,1.1158139824355517,-1.0025419620049292,1.825852011438061,1,1,0
0.6844930246968961,-0.6265069964144474,-1.158012657652681,0.7457896985377354,0.35444779869435616,-0.49333193216632254,0.025769556619553047,,-1.2600078976522555,0.7932731613760117,0,1,1
-1.6647890014327629,-2.0495790345290974,0.5973435495709885,-3.4017631893839924,-2.038579374025162,0.03364440623647358,0.3713075241149191,-0.13544627666147857,1.3427953154217054,0.16541068440129356,0,1,1
-0.4949118732998493,-1.8177700533083225,2.357846598162147,-3.72749872116348,-0.4985967287249998,-1.9902819111276848,0.05002167644508493,1.2460310784380013,0.9639512510547117,,0,0,1
0.7915943639488444,-0.40237365423662186,-0.4608771565086689,0.21990767032821926,-1.8536228706067264,-0.1479902189079616,-0.9446596682799604,-1.9290685960716423,-0.1565046486008555,-1.1869123561263881,0,1,1
1.400646686857405,-0.49988755760397496,-0.9089810147654225,3.733729111995261,,-2.3031143758493995,-2.10672880263302,-2.5856712395679473,0.21975295512754914,-2.3326233103532292,1,0,0
0.9132806180402842,0.1849775718430915,-1.264922425947455,-4.046498721520894,-0.6025155545453029,1.6923260981378703,5.231969669146731,1.296971853387362,0.5683521485426429,3.897877515227832,0,1,1
,1.1129154139472974,-0.7528762084895895,0.252517232638456,-2.730270996991851,1.0647823899257505,0.08345678054810568,-2.40203722157018,0.11491272637148015,-0.9692037341299593,0,0,0
0.932375241647187,-2.4863284803624,3.490376549146857,-5.1496005027513485,-2.626206955931246,-1.732142452982989,-1.10602645060534,-0.4675982302709196,0.17192084890744544,-2.0650582724314943,0,0,0
0.902916551413958,-1.8642409448176362,-2.850637925341728,3.350269037298905,-1.5523000631071273,-1.6547216812906393,-2.794215454651135,-0.37748750782379115,-1.029129678078305,0.5171963270846431,0,1,1
0.5510969833098386,2.3227602519395636,-1.973712055803278,6.326538161400731,0.34815165212529053,-2.4656625256091083,-2.370817192855089,-0.27886897295009794,0.5966056135920548,-0.18111941241887375,1,1,0
0.6488018161515753,-1.4335251760724852,-1.4763479216724447,-2.0417433094562742,1.0750291447361349,-0.5606172348394756,2.9338357610574253,2.3698027885721302,-2.081687825149462,3.7684146945863946,0,1,1
2.7859119139940556,,0.7701040204060563,-2.8118640839749753,0.22507344515383787,-1.6371522202411004,-1.954740491681447,1.9155575494565513,0.9818219444386037,1.8362566663166087,0,0,1
0.07595333542915716,-1.2736448544023526,-1.3216789383356848,1.3460036144448486,-0.6463696631938167,,-1.428210193782804,-1.037756945350394,-0.36224169775737963,-0.3958403802081859,0,0,0
0.35397688506367536,0.2576510781260293,1.9288130876303216,-1.690824304808813,-1.5266510086776153,-0.9648308001009139,-0.3889021827460213,3.0776313120619165,1.8926537083371138,1.0931516790148714,1,1,0
-0.4644686327775655,-0.9902058948456054,-2.279297558065605,-0.24231267944470655,-1.5998638686935047,,0.8389027900646666,-2.817629446130378,1.5703918403378156,-0.014273322429894668,0,0,1
-0.7531209504326618,-0.2385689655429697,2.038497351162513,-0.9572180012813322,1.2711654261562364,-0.07864069193938006,-0.5960471908877432,1.6737430766408319,-0.5680616143696008,-0.4224144745214251,1,0,1
0.17431100352657702,0.03276798223830135,-1.6889074565019664,2.018041362466698,9.52108487752053,-0.31172730638776824,0.4793925999478701,2.006285097973991,-0.22831842602516925,2.2660700893152907,1,1,0
0.18710153722227268,-2.0959334695222833,2.0697530532811648,,-1.0784561548854446,-1.7261624240189426,0.6530832835712962,,-0.5383494575109768,0.10815582442585236,0,1,0
-1.1550298404080184,-1.747553489266299,2.115144618782054,-2.8908131469606504,-0.9059692094523721,-1.9015380712550165,-0.712245834488296,0.995866154198437,0.7599128431764837,-0.40974108859142344,0,1,1
-0.8837232981868416,0.7651280288646076,2.7730779647501986,-3.821395718388172,-2.9190808262976864,-0.061615298235148774,0.7668226378113774,3.3221318521595142,0.4378721449493555,1.3928277007370782,1,1,1
-0.5388103588971175,,0.8058663742114482,-3.483511579950968,-0.19870642466630062,-0.21631190151046498,4.038862842409621,2.154631311789948,1.184695797881003,2.8100416106582577,0,0,1
1.403619668528335,-1.2477944630361355,,-2.4724854965539866,-2.780061288132,-2.304721376332858,1.2254824617632107,5.309101935520343,-0.16417161895364407,5.099500033836816,1,0,1
-0.1431663336355322,-292.82176185171915,-1.4517257755761699,1.2929753134416282,-0.06485458726293292,,1.046830931068694,1.6770835293390558,-1.0444361968077795,2.193144027594181,1,1,0
0.13505570478369083,0.6698277063809244,,3.073442555179117,2.7488182691533325,-3.113101956244723,1.25376219685408,-0.7297318545927278,0.9393630640715723,1.365493876029397,1,1,0
1.2981939116966108,-1.8206756794271046,-2.125492244727962,1.3908782907032566,-2.361145838907719,0.02784363707929538,-2.023895364469185,-4.428518858421993,1.6181067830476878,-2.29135834219174,0,0,0
2.5197076456453744,-2.2175911369084575,-1.0168016210743733,-2.368144145129578,1.9287510628858762,-1.7898910224610893,2.6497232424737978,,0.13490711633812782,3.756314751591103,0,1,0
-0.857894757342974,-0.2613183358644554,0.7612616035008208,-0.7245386625799785,7.876623380652798,-1.9801620845976085,-0.2089971639182232,0.882408322381466,-1.674569625673907,0.3343743417828205,0,0,1
-0.27199997230813616,-2.181385705500481,1.4557077837794328,-3.525445113000058,-0.31324734989523495,-0.9845346706860397,0.4093353067289952,1.2092755613652169,-0.6220648349449548,0.4836130161565809,0,1,1
-0.6681491915167361,-0.8404641006368655,1.478080044273496,-3.944111071485075,-0.5151151907699979,-0.8611433068981279,1.852296416953344,1.4536348321909356,0.9687446211672515,1.222376405225294,0,0,1
0.06978070221521851,-0.9669826347504517,1.9843049330622244,-3.278845749075666,-2.610558532264987,-0.44512457603595756,-0.40758880457821167,-0.14436722923934275,0.3079615520802954,-0.9223556734277929,0,0,1
1.0243462019858247,0.15765806993656628,-2.1566395934281557,2.934105262662855,0.8374068858168185,-1.0579852057339072,-0.33189387306373797,1.5135742928149938,-0.6714975139474861,2.0241750874020883,1,1,0
0.6385165792483638,2.18525258738649,-2.5672352569267654,2.9376226719004914,-0.30208797114110886,-0.8132599120178828,1.2304305097338404,0.7597171435455908,-0.17530832016402878,2.4526092869678764,1,1,0
-0.5231437464415264,-0.6764316761696733,-1.7271049058006729,1.8692397022601197,-1.4449250424045839,-1.0804406207167103,-1.3791643859725187,-1.0637944039367582,-0.7710363141410225,-0.059452293164704476,0,1,0
-1.726803202706756,-0.7950695281354145,1.2693273670192111,,-4.418364086608582,-1.4513036075098518,0.3385331983318869,1.323927737634841,0.8216157522371632,0.6296008052839898,0,1,0
-0.9243041684813366,-1.2956437030851147,1.6037917750798094,-0.5600731728866863,3.249333024228166,-1.0066860598762006,-0.5979844887610597,-0.0682079678241796,-0.23642593837068013,-1.4554288935352686,0,0,0
-0.8507239905465955,-4.381958861046233,0.10083255673349223,-0.9113349166975959,0.9340063309932403,,-2.3138367733693377,-3.8243526388786626,0.15916526032138825,-3.2804443777616235,0,1,0
0.7310375253855356,-0.9644274029242528,2.113290045441969,-4.570436888649012,-1.305323525446929,-0.9630678961515665,1.4363684316845267,0.8244571321264611,0.8524412648213425,0.3814053869238226,0,1,0
1.9286338008939643,-1.256079096449552,1.5622870444163377,-2.4295112648113024,0.976820437710874,-0.40924441155743296,0.4064583012309233,0.04924593465992866,0.508192939171904,-0.6441700526781224,1,0,1
-1.9095827671969017,-0.7955304420065972,0.5040044616606196,1.5415058418361276,4.766748581473836,0.9547035364069003,-0.7891008148975691,0.7698657128470401,-0.7903313816984677,-0.7916889604840209,1,0,1
1.4009808496930505,0.33065577836552085,-0.7869820814169823,2.1661272670809337,1.2838565167151503,-1.291778716728528,-0.48889042199777466,2.4169689223920305,-1.194339164619275,1.7516815813346678,1,0,1
-1.199995580093643,-1.0483262401871865,1.5579529738139195,-4.316784579702973,-1.3839360041743136,-0.7826799270871182,1.591482947455129,0.6924717993988911,-0.5111977985613847,0.6707928645513009,0,1,0
1.4625303826914446,3.0095888532053245,-1.9432599621143636,1.613284160396371,-3.733850652478078,-0.20973309888656566,1.2415677245922336,3.0297500174631105,-0.2395494568848382,3.979258894375881,1,0,0
-0.5948203104540761,-1.4277212997095652,-0.08234782190818146,-1.8762852034300184,1.036806919887952,-1.4174106751861246,1.4651896670539304,2.4126324974610878,0.040798218223812355,2.432517708563782,0,0,1
1.7408580770144348,0.31925708924191887,-1.3992054415714528,3.327160056117217,3.1630059137175714,2.1214511426518037,-0.748863733895627,-3.1326052103224518,-0.3267445899410919,-2.3120597912991787,1,1,0
-0.08155079508977878,1.354923418577006,-0.46850102829712104,-1.2948757379104363,0.630238437038226,-2.7448846925136072,3.5199014249732077,3.2612463553595537,-1.2972115391662733,4.141391770544157,1,0,1
-1.743694507057237,-7.159080474000088,,-1.071874264186338,1.6006542219660571,-1.6376074460146626,-0.5863764291329925,-3.300093504154054,0.7096010214014796,-2.139319535489325,1,0,1
0.3539819326710066,1.5988573245301905,3.766441754324598,-1.9883841520605345,-1.184066920965249,-3.1461651292917567,-0.4563812437910366,1.8878434578802175,-2.429112337166646,-0.6911833984729189,0,1,0
0.1948388189855969,5.725289358614955,6.000206306908269,-3.8971278299651657,-2.244623416507979,,-3.6980911978033584,0.38267075545290796,-0.6970789128006968,,0,1,1
-0.42035532657652597,0.02292641078852886,,1.425202051548656,0.18125297734301993,-0.27638139998233735,-0.6274336778980356,2.426212544299514,0.9991495946171859,1.7139599950034967,1,0,1
-0.19678183338273603,0.9716873896473158,0.5052732916953386,8.752229793113576,-1.021906003977901,-2.2777732280024816,-2.356277292424873,-0.35411887176161105,-1.5321824160814554,-1.3303946653796637,1,1,0
11.360560715165235,1.8645297948891875,1.386427824923834,1.743737214128404,0.4957681037451569,-1.0263694583716112,-1.3205485403402113,-0.335365360113661,-1.3312199885071314,-1.7045224959054597,1,0,1
,0.06600404574316077,0.2896307790734023,1.4540257357046689,-1.9808680904458438,-0.40192863985525495,-2.5847946418978056,-1.358278678205108,,-1.9691693852852084,0,1,0
1.922036939606547,0.0021526475221529395,-2.7420050915389456,1.8821101550398773,-3.2066268155240776,-0.13174171493370213,-0.6641757126982353,,0.017621310976853315,0.9641265229623978,0,1,1
0.9265201843464447,2.693499654428176,1.8325894222853478,-1.441339493532677,-2.175471476872593,-1.5382266183606794,1.1970236690454754,1.1828682078703956,0.952649343692441,0.5743758653137808,0,1,0
1.1622611105711573,-2.6204487170287702,1.5850515010715671,-4.2292430522715385,-2.1937017169879063,-0.004923893694116943,,-0.3922456405422228,3.9423310108066856,-0.7861148514840688,0,0,1
0.22884920809590747,,0.9503176319903411,-2.0851697178755417,-2.8772675960624605,-0.9999672911782892,2.1207360444238845,0.5045234340388056,1.3519573053984584,1.098022999545039,0,0,1
-1.0328144095081981,1.8382045637385063,3.220260302110953,-3.0856779604378537,-2.875749356248991,0.08852886141696614,0.40566847967344133,1.0930714918085689,,-0.6108150296174071,1,0,0
-0.219107162333627,-0.02941892334993723,-0.12488684836498509,-0.4809820591461682,-1.7339804354022188,-1.7565873328850061,9.24913441141646,0.37897293701731316,0.06816710038658609,0.723724075467473,0,1,0
-0.10548536715777655,,0.7271074490123439,-0.9155909952657081,1.0045545969969485,-0.6320855404154357,1.098070602451139,1.0817581097067863,0.5099312413567952,0.7408293135214176,1,1,0
0.7873751382239931,-1.1336930234560154,-0.6373651997402765,-0.6325705817505664,-1.6957647831276086,-0.12772044136440308,-0.45545559038907535,-2.7941054432101007,-0.7769912116935443,-1.4144453699062531,0,1,0
-0.41615479711295045,2.572025120917785,0.8525407930870478,3.2273024113794895,,-1.9684181530151101,-2.6814008842596055,-2.0324320427557048,-2.009929264468574,-2.840484412107652,1,1,0
0.9444998536241601,2.332942080167775,-2.825428971218257,7.162255999532579,0.36799607247778576,-3.347950053901094,-2.2825773872370023,1.0530444350561363,0.4284546815603274,1.2992728299268335,1,0,0
-1.5243590701971772,-0.5739116669853186,0.15948513851929924,0.08609091806497242,-1.1986584701694152,-1.7574817406973056,,-0.3292596220656918,1.6956098601292395,-0.45476642624137104,0,1,1
-0.3654177211002216,2.4816473511254866,-0.6212979513856887,0.3446536543870291,-2.5094412965077866,-3.208197172129925,-1.9766151159599872,0.8981454362019821,-1.6030394844354783,0.4814520661916227,1,0,1
-0.9537636658717974,1.2087834677553673,1.6575051540811283,-1.8293123088041552,,-0.6600778369655103,0.20013201673375414,3.6746259891645314,-1.2648942084533663,,1,0,0
-1.7706523099222744,-0.8739937272200299,0.7126548194853999,0.3473926321226551,0.9730672471044965,-1.7832164396308245,-1.2015140064887126,0.7538473152064695,-0.7195195128860274,-0.34788785369631353,0,1,0
-0.6832666972178264,-0.36581507121203605,-0.6059331720365306,0.8446332057672582,2.576704229333305,-2.1688759753328926,0.7288645234796292,1.6632143835208133,1.1716821972228113,1.666402163690994,1,0,0
0.2397968337419887,-2.0897376090985302,1.8667066250025806,-3.219514409401653,-1.1390045282164076,-2.7142282751443525,-0.45210651102224264,0.7588589251008913,1.103626910444787,-0.1820972781389294,0,1,1
1.0604042110786527,,-2.690213728317223,,2.004410328697137,-2.6291226717688403,1.2024416844762338,0.3902851352562693,-1.648567599612877,,1,0,1
0.1790209142295196,-2.775842369752864,-1.3771433706997551,0.14913464366451862,-0.15265463271911428,-0.6914149083074473,-1.215966053541228,-2.8325027664780746,-0.7647077295879625,-7.806800886277076,0,0,1
-0.9487015346631669,-1.2210739205483976,-0.9604239726377544,0.5784362167629096,-1.479950004336568,-0.25142545661476745,-1.3873516857265074,-3.3974616075051203,-1.688901668563729,-2.0827857037557247,0,0,0
0.14342318753458425,-2.499210126913111,0.3144090101331698,,-0.9125743081826326,-2.252552471957345,-0.5175621245003361,-1.0016386330529463,-1.861819259521721,1.0687334124163415,0,1,0
0.2778428094718478,-1.1179675916025293,-1.9163562637904343,0.9720667814224949,0.026101005811928646,-2.0371930713107993,0.13614340747426912,1.1603095917268855,2.344419387763796,2.158949156633821,0,0,0
0.5976610012779955,-2.317610229358566,-1.5060857104556071,1.0018739479930676,1.2734441880888734,,-0.6222292386181127,2.45750736910866,1.460903426144534,2.4880472013751365,0,1,1
0.71373521966136,0.06296928512073319,0.7763505787743674,0.1309253916321598,-0.23958247296637358,0.06528758814591473,-0.8542482125844573,3.3301840274346075,0.3279703904722328,1.4314602533446128,1,0,1
0.9717263097605029,-0.68642002749927,1.3605300436905559,-0.976773229154091,2.1625701225323652,-2.8836054222181247,0.35447863386209844,2.797161380399314,1.2300357107667363,1.3124313951764295,1,1,0
0.685558363217184,-2.5067414799735017,-4.264784504228256,-3.049666992508097,-1.8731023925409254,-1.3433313155295559,-1.4152684604275843,-0.02027457864086113,0.5546322006406813,,0,0,1
0.7328418069976331,,-1.045552783891618,0.07345178710612214,-1.778795229383541,2.6000732379881506,-0.5205422589572543,-4.615241000913132,0.5950088021082799,-2.7275822913805543,0,0,1
-2.018260153329028,-1.6558328902504271,-1.3323899336363911,1.101725608742419,,-2.413597777112354,-1.2679808562678758,-0.3548564405399275,-1.3644405588512607,0.3201681240588723,0,0,1
0.29658383715080283,-1.6635277435529137,2.526863907703972,-3.082379327570644,-0.1705610380849646,-3.926640246427097,-0.34326420009975833,1.7026733555555955,0.4265679117836776,0.08818466461650824,0,0,1
-0.09504200369292053,-0.4351388487064567,-2.9218450627418746,3.6294724602012853,-2.320584682632468,0.0007738802855310478,-2.3353293577296386,-2.113009201230943,-0.9467840637461963,-0.5450350512516859,0,0,0
-2.419129138075756,0.6139775432127861,-0.7138469328495011,0.27237639181848694,-1.2263363313709839,0.8092424170220232,0.3048934287203726,-1.112002979852549,0.08164273442115923,-0.1650481644652775,0,0,1
-0.37478385003839176,0.5390374994629292,-1.638725555194009,-0.03240506241227577,-2.4804835223696178,0.5900102373597655,0.9410081287883363,-1.2629142236141555,0.47181173950614497,0.7300099218731789,0,0,1
0.22286399621029307,-2.5481290319362015,0.01884862595400727,-1.7908718313132943,1.43932686687908,-2.2957196066830274,0.4932984044704065,-0.9592348665612663,0.5159062303140283,-0.22722654546965626,0,0,0
-0.5493205302832531,1.7887249957920077,3.3075874669207357,-2.616214983572426,-3.6126637050724333,-0.15510311190717374,-0.5016409372335224,1.0922065659242914,-3.6638928758389424,,1,0,1
0.9216912981427697,,-0.4819544001344007,-1.3773536021899848,-1.2390944494015994,-3.5858400578737446,-0.7707426027783735,-1.3937466339533826,-0.22113279161642146,-0.3286363230390871,0,0,1
0.49979173049695996,-0.36119353631443785,2.7231387151380053,0.5473936474513832,0.5531161058599257,-1.1570618118025284,0.20610010618427355,1.2521898641990181,1.4337500342142357,1.3942492773020885,0,0,1
1.8196365716115683,0.5162801426582952,2.5804922407047934,,,-0.3079600193421147,-1.0802608465496752,1.6311279035576756,0.9077255197086991,-0.553150658612741,1,0,1
0.8643070588515412,0.12447814130319912,0.42237420340626874,2.4479946224100355,-0.875848464413102,-1.8355461317104715,-3.106897296323219,-1.2611618074965056,-1.2091229713961391,-2.2392847562871516,1,0,0
-0.30368818967683764,-1.4021622028856464,,1.3694273910139394,-1.3557206287952652,-1.717054740636366,,0.36767603563505014,1.1726039587430066,1.2881985741049302,0,1,0
-1.9990878128978078,0.07665051183326821,0.2993703871727196,-0.16875002501749783,0.6126100275434081,-2.374206133527798,0.46773106061399883,,1.5586265169628146,1.673718010082983,1,1,0
2.336146099599624,,-0.2437135951731524,1.0720462869184277,8.942764733586262,-1.2594327296520322,-0.22121976198694215,1.8245845069819842,0.3578544011046551,1.3432892851777407,0,0,0
1.0925254146784196,0.13386235590605455,0.9468160829354688,-1.8964283211465869,-2.2832313730146314,-0.6933578893058592,0.25697566700035934,0.31704763540363046,0.5994410153062589,0.16700773945684513,0,0,1
-1.2903683825796395,-1.2313596536518547,-1.8127820889658472,1.326678579085342,-0.6935891287620689,-89.60893612372752,-0.8653817063361467,-0.7157665691004729,1.203874741793595,0.39825587810739277,0,0,1
-0.7746013478853117,-1.3080785177244305,,-4.1763295589985185,-2.059555431534293,-1.7914925233183714,0.5909757949140348,0.24344057289856735,-0.9938252888572712,,0,1,1
0.17451566154579515,-0.4845476276077545,3.259831464625646,-4.167971131483,-0.5117492667453674,-2.3348986072198072,0.7770929371036811,1.6858726274450277,,0.0072867777222448615,0,1,0
0.3577550834268766,-3.15296590025828,-2.8745429198386194,2.344756376560058,-1.6748526294319737,-3.264924777597776,-2.715330778686159,-0.2441024486757638,-0.09952832764775339,0.9107495978972476,0,0,1
-1.773354034607472,0.5241303261395966,-1.8927854785457718,0.6350864712262089,-2.8505977501737716,0.4192714769722763,0.3230265579099998,-1.8384531765298036,1.2919976261260564,0.2645187735574401,0,1,1
-1.2457661641136228,1.0039704696928446,2.1758222809671715,-1.5937495580569487,-0.629883080517917,0.4904079532628425,0.08610051077387948,0.6979636871555059,0.07177782623769331,-0.7240011796284157,1,0,0
-1.726836148020152,-2.944384621383647,-0.7419102173743437,0.2698012649996014,-0.6783930016647073,-2.5869055128959095,-2.113626836104511,-0.9348849714137671,1.5995701220705898,-0.6594823954070443,0,1,1
1.8208865915594061,1.3939905755364952,0.6199507399028388,2.145429167737024,1.2370305591160138,-1.1262937100838943,-1.0482776549606416,0.11471659498767273,-0.7222540723962968,-0.9105221555860555,1,0,1
0.14155926689579443,-2.471235641574592,1.1316091551953371,-3.307011402971291,-0.7192095219650241,-1.3006678126940086,0.10032797367130197,0.8669098901460687,0.7031563164196175,0.3934039328534688,0,0,1
0.7461740537000482,1.8316114323254584,1.9727369284220737,0.4607553606543056,-3.0547503251506174,,-2.1779047771088202,1.2111175674232482,0.06586306631975722,-1.050423176846549,1,0,1
-0.6998565596577566,-0.39295104842948037,-0.7409682478271689,-0.783269977910911,-1.092594790545996,-0.20357671613504047,0.7077267304608732,-1.8995097390878373,-0.8616637033727397,-0.34599995333690936,0,0,1
-6.302314292607407,,1.5523281330574625,1.1273771329898121,1.4083529221844198,-0.6772072823258838,-2.5317737745392237,-0.11801416804112685,-1.0207402102082985,-2.188426035051557,1,0,1
-0.50189411499767,-2.210309116885365,0.009284861547663947,-2.5799086189615115,0.016560096773978072,,0.9898339118589581,1.4341119514997236,-0.5446233893382973,1.6936368999427813,0,0,0
-0.9079917421781208,1.4473817072572426,-2.4551162600377223,1.7810432321028415,1.631668165129656,-1.3697393546523522,,0.13411035685319606,0.34752549402671107,2.430682060135579,1,0,1
-0.6166249422619968,1.0570951418669403,1.7459156232440107,-0.2621398439762986,-0.4271335694960362,-2.0635724151502917,-0.5959577987531945,-1.4409204751159717,0.6442561808107916,-2.0344083677827354,1,1,0
,0.9806744633189104,-0.06762500159647122,2.343804944437491,-0.5382584605776799,-3.0602486164230074,-1.535527998493866,-0.3253400375615614,-1.1628170026609979,-0.6097131282523154,1,0,0
-1.2987196349893746,1.70458262136616,1.417308504046518,1.6684282754654485,-0.14242136845175113,0.24594997412341746,-1.7598042804329892,0.4942031178170916,-1.618111817810499,-1.3878587294503029,1,1,0
-0.7767120908594111,0.6458524420361721,1.9759189792198364,-0.507313534035938,-0.24292889555452013,-1.148603347032252,-0.8819980623070435,-0.5761284225719829,-1.0699091431662089,-1.7922508075129133,1,1,0
0.8566918703252376,1.8857977056716801,0.29093313851244496,3.6102853144652305,-0.4190455690778383,-1.779982074274125,-2.519385979585244,-0.9515247882793916,,-1.8786778865826075,1,1,0
0.25057248907487145,-1.6090150153117784,-3.0197966751325214,1.5576454573883831,-4.5388725477132,1.0456720416697052,-2.1965644431325195,-5.745838116559165,-0.8252705451962018,-2.57898146443496,0,0,0
-1.4820732754824262,-1.72078953751643,0.35936516323410117,-4.6316190757060465,-0.1566462745126287,-0.927505221521013,3.078819387653669,1.4128018091834842,0.15703917019676786,2.399461584478279,0,0,1
0.9348016626956545,0.3594189494761585,0.014321507178745252,0.29601596853091056,-1.9423430049635726,-1.0722953332463263,-0.7040493186798022,1.941045053960623,1.6391321279295334,1.298980029391005,0,1,0
-0.07434951480792218,0.5638309130830359,-2.7926607454185017,3.2859146539478434,1.718756151949423,-1.3782591770456594,,3.1227026619897016,0.3499755356256891,3.8166985772555795,1,0,1
1.390725929141431,-1.30497094535708,1.4632371617980486,-2.5233018850201727,0.45396115025945694,,0.512323691457481,2.112924277340886,-0.31611628063041075,1.0446786745863432,0,1,0
0.33689236469544814,-1.80702849031343,-0.5096560198393127,-0.2142565399920128,-0.44567768026259524,-1.7012467133208835,-0.859714503656773,-0.8356029818753586,1.5788561203734834,-0.3339230605896235,0,1,1
0.9207504681638696,-0.6388806285201205,-1.2775891948895444,0.18188921469909403,-2.3788860227702426,0.11102342922554986,-0.5702818904857245,-2.5926288550312067,0.5130633430135693,-0.9453259557883609,0,1,0
0.64323541855256,-2.970656122935125,-1.2159507031859862,-2.912398420923578,1.2893724589271218,0.23025555988188784,2.3188202917462997,2.0379837685793745,0.38986515806571725,3.126728788375913,0,1,0
,1.8819643984929728,1.9142226358226244,-2.316124179054944,-0.7889879277996581,-2.452108770995504,2.0390669669717667,2.044145718056951,-0.9904263620394158,1.4521715746553059,0,1,0
1.3353453567370426,-1.8666657168249552,-1.623336263352749,-1.2736929561314718,-1.7414665861251337,-1.6279952617808835,0.6636273026985187,-2.8495026652013165,-0.18240870073591886,-0.19601293763213004,0,0,1
-0.5316381701269749,-0.29211085076165744,-0.23144558896321277,0.8363227858340163,-0.16339109289936826,-2.1422287355958916,-0.7340016387860315,1.6114277859970305,0.4173992775365288,1.106432081230733,1,1,1
-0.6463172976974167,1.0260589603578312,,3.267392326352646,0.8913395777924829,0.1465965542666834,-0.585449098454589,0.4916325076206808,-1.0719596368460775,0.7455488874032531,1,1,0
-0.7027270654272929,-1.9770469677014864,1.2546754690106168,-2.9939750217412264,-2.1895861204959086,,-0.6608313893542115,-0.11241123794297025,0.017641808735019672,-0.6052784737413618,0,0,0
-1.8316512287136264,-2.7701395782029117,,,0.27705917191901674,0.31410401618943484,2.235123262856962,1.3227217671541807,-0.901103286984357,2.3797498061372706,0,0,0
-0.4601870488978789,0.10026205049975112,0.08995942996873951,,-1.5765694679795583,-1.6542973259754237,0.8006772713511056,0.861773673165831,0.46042226798438896,1.2517286839664215,0,0,1
-1.0551016302666845,-2.334515331490376,2.1252102260901107,-3.1291375811598927,0.9375253406681059,-1.561258427417295,-0.17570701371591535,2.1855162936712174,-0.41456386324869343,,0,0,1
-0.0784896243763409,0.20611065142825935,-1.8306760492988037,-0.16496752990166294,-4.834695096642317,1.3990446917864738,,-4.196332995867616,-0.04887723351959414,-1.3769843485272457,0,1,0
1.519378182951953,-1.9610919203585309,-2.5730494541729945,-1.8158203775592745,-0.180686385985258,0.7487620427505417,2.6494928663286723,1.118939329419342,0.7300800925375974,3.4884842953636186,0,1,0
-0.5120295142592802,1.825725911190992,-1.2285931139764306,5.8974180570865,0.9541449633034864,-4.149019305582941,-2.7573407306754376,-3.5038133609594952,0.5719956373926842,6.259199476254214,1,0,0
-1.3046459986144672,-1.7374747933900128,-0.9001534515708502,-0.6275782655196939,-1.1150532397593882,-1.8984709419237986,-0.26790987867296323,-1.1276573954983877,0.37181681099472264,0.0612351805228537,0,1,0
-0.8901945732223427,0.6343068549127726,0.3288152269303346,0.3866364022749131,-0.757669538946649,,-0.32332719976760727,,-0.7129184102428672,,1,1,0
0.8930678269867728,1.6306258539216052,-2.6249750621425347,3.411717838177628,1.1663237630205627,-1.5042550691376189,1.002140518802766,0.3810396684234555,0.14765184053745017,2.0318023155798755,1,1,0
-0.6145293391735335,0.6962290180056978,-1.8530127563588703,3.0095707249938783,0.036892741577158716,0.6652862526395282,-0.7223280717089409,2.1602070977708268,1.0611317569487992,2.0213067503194546,1,1,1
-0.31336863128507375,1.5877736954483581,-0.9657327710010475,3.8837922625730825,-0.9768498592619793,-1.5291464544997175,-2.013500284826388,1.6644929609502395,0.5864285016590159,0.8745821378956664,1,0,1
